ISO-10303-21;
HEADER;
/* Generated by software containing ST-Developer
 * from STEP Tools, Inc. (www.steptools.com) 
 */

FILE_DESCRIPTION(
/* description */ (''),
/* implementation_level */ '2;1');

FILE_NAME(
/* name */ 'Eyepiece V2.step',
/* time_stamp */ '2026-02-14T14:55:12-05:00',
/* author */ (''),
/* organization */ (''),
/* preprocessor_version */ 'ST-DEVELOPER v20.1',
/* originating_system */ 'Autodesk Translation Framework v14.24.0.0',
/* authorisation */ '');

FILE_SCHEMA (('AUTOMOTIVE_DESIGN { 1 0 10303 214 3 1 1 }'));
ENDSEC;

DATA;
#10=MECHANICAL_DESIGN_GEOMETRIC_PRESENTATION_REPRESENTATION('',(#13),#5116);
#11=SHAPE_REPRESENTATION_RELATIONSHIP('SRR','None',#5122,#12);
#12=ADVANCED_BREP_SHAPE_REPRESENTATION('',(#2653),#5115);
#13=STYLED_ITEM('',(#5131),#2653);
#14=ORIENTED_CLOSED_SHELL('',*,#2649,.F.);
#15=ORIENTED_CLOSED_SHELL('',*,#2650,.F.);
#16=ORIENTED_CLOSED_SHELL('',*,#2651,.F.);
#17=ORIENTED_CLOSED_SHELL('',*,#2652,.F.);
#18=FACE_BOUND('',#488,.T.);
#19=FACE_BOUND('',#489,.T.);
#20=FACE_BOUND('',#492,.T.);
#21=FACE_BOUND('',#493,.T.);
#22=FACE_BOUND('',#497,.T.);
#23=FACE_BOUND('',#500,.T.);
#24=FACE_BOUND('',#506,.T.);
#25=FACE_BOUND('',#509,.T.);
#26=FACE_BOUND('',#511,.T.);
#27=FACE_BOUND('',#517,.T.);
#28=FACE_BOUND('',#534,.T.);
#29=FACE_BOUND('',#535,.T.);
#30=FACE_BOUND('',#536,.T.);
#31=FACE_BOUND('',#537,.T.);
#32=FACE_BOUND('',#538,.T.);
#33=FACE_BOUND('',#563,.T.);
#34=FACE_BOUND('',#566,.T.);
#35=CONICAL_SURFACE('',#2701,10.5,0.732815101786507);
#36=CONICAL_SURFACE('',#2704,10.5,0.732815101786507);
#37=CONICAL_SURFACE('',#2706,10.5,0.732815101786507);
#38=CONICAL_SURFACE('',#2735,10.5500001117587,0.727262700469064);
#39=CONICAL_SURFACE('',#2756,11.5000001713634,0.755104403478673);
#40=CONICAL_SURFACE('',#2767,11.5000001713634,0.755104403478673);
#41=CONICAL_SURFACE('',#2768,9.8825,0.72726268799669);
#42=CONICAL_SURFACE('',#2769,10.5500001117587,0.727262700469064);
#43=CONICAL_SURFACE('',#2770,11.5000001713634,0.755104403478673);
#44=CONICAL_SURFACE('',#2774,11.5000001713634,0.755104403478673);
#45=CONICAL_SURFACE('',#2775,11.5000001713634,0.755104403478673);
#46=CONICAL_SURFACE('',#2777,11.5000001713634,0.755104403478673);
#47=CONICAL_SURFACE('',#2795,9.8825,0.72726268799669);
#48=CONICAL_SURFACE('',#2797,9.8825,0.72726268799669);
#49=CONICAL_SURFACE('',#2799,9.8825,0.72726268799669);
#50=CONICAL_SURFACE('',#2822,6.04999993294477,0.132551717747816);
#51=CONICAL_SURFACE('',#2838,7.29999997653067,0.224711315287604);
#52=CONICAL_SURFACE('',#2842,7.56395331930456,0.785398163397448);
#53=CONICAL_SURFACE('',#2846,7.37499997485429,0.785398889828789);
#54=CONICAL_SURFACE('',#2853,11.5000001713634,0.755104403478673);
#55=CONICAL_SURFACE('',#2876,11.5000001713634,0.755104403478673);
#56=CONICAL_SURFACE('',#2894,11.5000001713634,0.755104403478673);
#57=CIRCLE('',#2665,3.7);
#58=CIRCLE('',#2680,3.7);
#59=CIRCLE('',#2691,2.7);
#60=CIRCLE('',#2696,2.7);
#61=CIRCLE('',#2702,13.6500001139939);
#62=CIRCLE('',#2703,13.6500001139939);
#63=CIRCLE('',#2705,13.6500001139939);
#64=CIRCLE('',#2707,13.6500001139939);
#65=CIRCLE('',#2718,13.6650003027171);
#66=CIRCLE('',#2720,13.6650003027171);
#67=CIRCLE('',#2722,13.6650003027171);
#68=CIRCLE('',#2724,13.6650003027171);
#69=CIRCLE('',#2736,15.);
#70=CIRCLE('',#2742,6.1);
#71=CIRCLE('',#2750,15.500000230968);
#72=CIRCLE('',#2751,18.);
#73=CIRCLE('',#2752,18.);
#74=CIRCLE('',#2753,1.5);
#75=CIRCLE('',#2754,1.5);
#76=CIRCLE('',#2757,7.49999983236194);
#77=CIRCLE('',#2758,7.50000011175871);
#78=CIRCLE('',#2762,7.50000011175871);
#79=CIRCLE('',#2763,7.50000011175871);
#80=CIRCLE('',#2765,15.500000230968);
#81=CIRCLE('',#2766,1.5);
#82=CIRCLE('',#2771,15.500000230968);
#83=CIRCLE('',#2776,7.49999983236194);
#84=CIRCLE('',#2779,1.5);
#85=CIRCLE('',#2785,4.00000005960464);
#86=CIRCLE('',#2791,1.5);
#87=CIRCLE('',#2793,1.5);
#88=CIRCLE('',#2802,12.8);
#89=CIRCLE('',#2803,12.8);
#90=CIRCLE('',#2805,12.8);
#91=CIRCLE('',#2806,12.8);
#92=CIRCLE('',#2808,1.5);
#93=CIRCLE('',#2810,1.5);
#94=CIRCLE('',#2812,18.);
#95=CIRCLE('',#2814,18.);
#96=CIRCLE('',#2818,3.50000005215406);
#97=CIRCLE('',#2820,7.24999983794987);
#98=CIRCLE('',#2821,5.99999986588955);
#99=CIRCLE('',#2823,6.1);
#100=CIRCLE('',#2825,6.5);
#101=CIRCLE('',#2830,6.5);
#102=CIRCLE('',#2831,6.5);
#103=CIRCLE('',#2832,6.5);
#104=CIRCLE('',#2833,6.5);
#105=CIRCLE('',#2836,7.12857128919235);
#106=CIRCLE('',#2839,7.12857128919235);
#107=CIRCLE('',#2840,7.12790684005887);
#108=CIRCLE('',#2843,7.50000011175871);
#109=CIRCLE('',#2845,7.50000011175871);
#110=CIRCLE('',#2852,4.00000005960464);
#111=CIRCLE('',#2854,7.50000011175871);
#112=CIRCLE('',#2861,4.50000006705523);
#113=CIRCLE('',#2863,18.);
#114=CIRCLE('',#2867,15.500000230968);
#115=CIRCLE('',#2872,15.500000230968);
#116=CIRCLE('',#2875,15.500000230968);
#117=CIRCLE('',#2879,18.);
#118=CIRCLE('',#2881,4.50000006705523);
#119=CIRCLE('',#2885,15.500000230968);
#120=CIRCLE('',#2889,15.500000230968);
#121=CIRCLE('',#2891,15.500000230968);
#122=B_SPLINE_CURVE_WITH_KNOTS('',3,(#3609,#3610,#3611,#3612),
 .UNSPECIFIED.,.F.,.F.,(4,4),(1.03710749644819,1.07216047899401),
 .UNSPECIFIED.);
#123=B_SPLINE_CURVE_WITH_KNOTS('',3,(#3616,#3617,#3618,#3619,#3620,#3621,
#3622,#3623),.UNSPECIFIED.,.F.,.F.,(4,2,2,4),(0.378041504464306,0.470697371606917,
0.611645424882683,0.653682108821403),.UNSPECIFIED.);
#124=B_SPLINE_CURVE_WITH_KNOTS('',3,(#3625,#3626,#3627,#3628,#3629,#3630,
#3631,#3632,#3633,#3634,#3635,#3636,#3637,#3638,#3639),.UNSPECIFIED.,.F.,
 .F.,(4,2,3,2,2,2,4),(2.50875323082976,2.53519658327228,2.78057166324772,
2.89233817584089,3.00410468843405,3.12768686164435,3.15861316771203),
 .UNSPECIFIED.);
#125=B_SPLINE_CURVE_WITH_KNOTS('',3,(#3708,#3709,#3710,#3711,#3712,#3713,
#3714,#3715,#3716,#3717,#3718,#3719,#3720,#3721),.UNSPECIFIED.,.F.,.F.,
(4,2,2,2,2,2,4),(0.656448069578175,0.687374386313357,0.810956559523653,
0.922723072116815,1.03448958470998,1.27986466468542,1.30630801712758),
 .UNSPECIFIED.);
#126=B_SPLINE_CURVE_WITH_KNOTS('',3,(#3723,#3724,#3725,#3726,#3727,#3728,
#3729,#3730),.UNSPECIFIED.,.F.,.F.,(4,2,2,4),(0.380807475888575,0.422844159827295,
0.56379221310306,0.656448069578175),.UNSPECIFIED.);
#127=B_SPLINE_CURVE_WITH_KNOTS('',3,(#3733,#3734,#3735,#3736),
 .UNSPECIFIED.,.F.,.F.,(4,4),(2.74290106005088,2.77795375150951),
 .UNSPECIFIED.);
#128=B_SPLINE_CURVE_WITH_KNOTS('',3,(#3757,#3758,#3759,#3760,#3761,#3762,
#3763,#3764,#3765,#3766,#3767,#3768,#3769,#3770,#3771,#3772,#3773,#3774,
#3775,#3776),.UNSPECIFIED.,.F.,.F.,(4,2,2,2,2,2,2,2,2,4),(0.243004111381468,
0.334483675112149,0.492439798016139,0.650395920920128,0.709686423104935,
0.768976925289741,0.829949727396026,0.890922529502312,1.0403186782688,1.12023769801965),
 .UNSPECIFIED.);
#129=B_SPLINE_CURVE_WITH_KNOTS('',3,(#3778,#3779,#3780,#3781,#3782,#3783),
 .UNSPECIFIED.,.F.,.F.,(4,2,4),(2.16062791389502,2.16311249479195,2.23887476861735),
 .UNSPECIFIED.);
#130=B_SPLINE_CURVE_WITH_KNOTS('',3,(#3791,#3792,#3793,#3794,#3795,#3796,
#3797,#3798,#3799,#3800,#3801,#3802,#3803,#3804,#3805,#3806,#3807,#3808,
#3809,#3810,#3811,#3812,#3813),.UNSPECIFIED.,.F.,.F.,(4,2,2,2,2,2,2,2,2,
3,4),(1.12023769801965,1.18971482703529,1.30938844066998,1.42906205430467,
1.52719941609174,1.62533677787882,1.71742786860612,1.80951895933342,1.90269480828465,
1.99587065723588,2.16062791389502),.UNSPECIFIED.);
#131=B_SPLINE_CURVE_WITH_KNOTS('',3,(#3821,#3822,#3823,#3824,#3825,#3826),
 .UNSPECIFIED.,.F.,.F.,(4,2,4),(0.946710715653823,1.02247298947922,1.02495757037615),
 .UNSPECIFIED.);
#132=B_SPLINE_CURVE_WITH_KNOTS('',3,(#3828,#3829,#3830,#3831,#3832,#3833,
#3834,#3835,#3836,#3837,#3838,#3839,#3840,#3841,#3842,#3843,#3844,#3845,
#3846,#3847),.UNSPECIFIED.,.F.,.F.,(4,2,2,2,2,2,2,2,2,4),(0.0694771290156389,
0.14939614876649,0.298792297532979,0.359765099639264,0.420737901745549,
0.480028403930356,0.539318906115162,0.697275029019152,0.855231151923141,
0.946710715653823),.UNSPECIFIED.);
#133=B_SPLINE_CURVE_WITH_KNOTS('',3,(#3848,#3849,#3850,#3851,#3852,#3853,
#3854,#3855,#3856,#3857,#3858,#3859,#3860,#3861,#3862,#3863,#3864,#3865,
#3866,#3867,#3868,#3869,#3870),.UNSPECIFIED.,.F.,.F.,(4,2,2,2,2,2,2,2,2,
3,4),(1.02495757037615,1.18971482703529,1.28289067598652,1.37606652493775,
1.46815761566505,1.56024870639235,1.65838606817942,1.7565234299665,1.87619704360119,
1.99587065723588,2.06534778625151),.UNSPECIFIED.);
#134=B_SPLINE_CURVE_WITH_KNOTS('',3,(#3923,#3924,#3925,#3926,#3927,#3928,
#3929,#3930,#3931,#3932,#3933,#3934,#3935,#3936,#3937,#3938),
 .UNSPECIFIED.,.F.,.F.,(4,2,2,2,2,2,2,4),(0.820359002605894,1.00969714070685,
1.09757963021024,1.18546211971362,1.27577058393522,1.36607904815682,1.58672552761756,
1.76574655821246),.UNSPECIFIED.);
#135=B_SPLINE_CURVE_WITH_KNOTS('',3,(#3944,#3945,#3946,#3947,#3948,#3949),
 .UNSPECIFIED.,.F.,.F.,(4,2,4),(1.08364853458746,1.29225157384017,1.49389639793114),
 .UNSPECIFIED.);
#136=B_SPLINE_CURVE_WITH_KNOTS('',3,(#3951,#3952,#3953,#3954,#3955,#3956),
 .UNSPECIFIED.,.F.,.F.,(4,2,4),(0.313475609147161,0.515120433238127,0.723723472490844),
 .UNSPECIFIED.);
#137=B_SPLINE_CURVE_WITH_KNOTS('',3,(#3962,#3963,#3964,#3965,#3966,#3967,
#3968,#3969,#3970,#3971,#3972,#3973,#3974,#3975,#3976,#3977),
 .UNSPECIFIED.,.F.,.F.,(4,2,2,2,2,2,2,4),(0.0416254488658402,0.220646479460739,
0.441292958921477,0.531601423143079,0.621909887364681,0.709792376868064,
0.797674866371447,0.987013004472406),.UNSPECIFIED.);
#138=B_SPLINE_CURVE_WITH_KNOTS('',3,(#3990,#3991,#3992,#3993,#3994,#3995,
#3996,#3997,#3998,#3999,#4000,#4001,#4002,#4003,#4004,#4005,#4006,#4007,
#4008,#4009),.UNSPECIFIED.,.F.,.F.,(4,2,2,2,2,2,2,2,2,4),(1.32032638858883,
1.52197121267979,1.76925956641416,2.01654792014852,2.1044304096519,2.19231289915529,
2.28262136337689,2.37292982759849,2.59357630705923,2.77259733765413),
 .UNSPECIFIED.);
#139=B_SPLINE_CURVE_WITH_KNOTS('',3,(#4016,#4017,#4018,#4019,#4020,#4021,
#4022,#4023,#4024,#4025,#4026,#4027,#4028,#4029,#4030,#4031,#4032,#4033,
#4034,#4035),.UNSPECIFIED.,.F.,.F.,(4,2,2,2,2,2,2,2,2,4),(1.04847622830751,
1.22749725890241,1.44814373836315,1.53845220258475,1.62876066680635,1.71664315630973,
1.80452564581312,2.05181399954748,2.29910235328184,2.50074717737281),
 .UNSPECIFIED.);
#140=B_SPLINE_CURVE_WITH_KNOTS('',3,(#4061,#4062,#4063,#4064),
 .UNSPECIFIED.,.F.,.F.,(4,4),(2.71415763331624,2.75946609462675),
 .UNSPECIFIED.);
#141=B_SPLINE_CURVE_WITH_KNOTS('',3,(#4066,#4067,#4068,#4069),
 .UNSPECIFIED.,.F.,.F.,(4,4),(2.70824453430553,2.71415765367084),
 .UNSPECIFIED.);
#142=B_SPLINE_CURVE_WITH_KNOTS('',3,(#4071,#4072,#4073,#4074,#4075,#4076),
 .UNSPECIFIED.,.F.,.F.,(4,2,4),(2.46960201904736,2.58114252106036,2.70824451395998),
 .UNSPECIFIED.);
#143=B_SPLINE_CURVE_WITH_KNOTS('',3,(#4078,#4079,#4080,#4081,#4082,#4083,
#4084,#4085,#4086,#4087,#4088,#4089,#4090,#4091,#4092,#4093,#4094,#4095),
 .UNSPECIFIED.,.F.,.F.,(4,2,2,2,2,2,2,2,4),(1.31378996169939,1.51782214984987,
1.76259790802279,2.0073736661957,2.09479182487036,2.18220998354502,2.27217720869467,
2.36214443384432,2.46960203866584),.UNSPECIFIED.);
#144=B_SPLINE_CURVE_WITH_KNOTS('',3,(#4118,#4119,#4120,#4121,#4122,#4123,
#4124,#4125,#4126,#4127,#4128,#4129,#4130,#4131,#4132,#4133),
 .UNSPECIFIED.,.F.,.F.,(4,2,2,2,2,2,2,4),(0.804866151950951,0.998911312300525,
1.08632947097518,1.17374762964984,1.26371485479949,1.35368207994914,1.57268018062357,
1.75100375575513),.UNSPECIFIED.);
#145=B_SPLINE_CURVE_WITH_KNOTS('',3,(#4186,#4187,#4188,#4189,#4190,#4191,
#4192,#4193,#4194,#4195,#4196,#4197,#4198,#4199,#4200,#4201,#4202,#4203,
#4204,#4205),.UNSPECIFIED.,.F.,.F.,(4,2,2,2,2,2,2,2,2,4),(1.09444533541858,
1.22746045456961,1.44645855524404,1.53642578039369,1.62639300554334,1.71381116421799,
1.80122932289265,2.04600508106557,2.29078083923848,2.49481302738896),
 .UNSPECIFIED.);
#146=B_SPLINE_CURVE_WITH_KNOTS('',3,(#4206,#4207,#4208,#4209),
 .UNSPECIFIED.,.F.,.F.,(4,4),(1.04913687901832,1.09444534032989),
 .UNSPECIFIED.);
#147=B_SPLINE_CURVE_WITH_KNOTS('',3,(#4213,#4214,#4215,#4216,#4217,#4218),
 .UNSPECIFIED.,.F.,.F.,(4,2,4),(0.305327607804214,0.509359795954697,0.709457270534832),
 .UNSPECIFIED.);
#148=B_SPLINE_CURVE_WITH_KNOTS('',3,(#4230,#4231,#4232,#4233,#4234,#4235,
#4236,#4237,#4238,#4239,#4240,#4241,#4242,#4243,#4244,#4245),
 .UNSPECIFIED.,.F.,.F.,(4,2,2,2,2,2,2,4),(0.0406745255428715,0.21899810067443,
0.437996201348859,0.527963426498508,0.617930651648157,0.705348810322814,
0.792766968997472,0.986812129353824),.UNSPECIFIED.);
#149=B_SPLINE_CURVE_WITH_KNOTS('',3,(#4247,#4248,#4249,#4250,#4251,#4252),
 .UNSPECIFIED.,.F.,.F.,(4,2,4),(1.08222101076316,1.2823184853433,1.48635067349378),
 .UNSPECIFIED.);
#150=B_SPLINE_CURVE_WITH_KNOTS('',3,(#4264,#4265,#4266,#4267),
 .UNSPECIFIED.,.F.,.F.,(4,4),(5.38119558773731,5.42097432527918),
 .UNSPECIFIED.);
#151=B_SPLINE_CURVE_WITH_KNOTS('',3,(#4271,#4272,#4273,#4274),
 .UNSPECIFIED.,.F.,.F.,(4,4),(4.84552966447034,5.00202660905955),
 .UNSPECIFIED.);
#152=B_SPLINE_CURVE_WITH_KNOTS('',3,(#4287,#4288,#4289,#4290),
 .UNSPECIFIED.,.F.,.F.,(4,4),(1.68225554278962,1.83875248737882),
 .UNSPECIFIED.);
#153=B_SPLINE_CURVE_WITH_KNOTS('',3,(#4294,#4295,#4296,#4297),
 .UNSPECIFIED.,.F.,.F.,(4,4),(2.1263230227179,2.16610176025977),
 .UNSPECIFIED.);
#154=B_SPLINE_CURVE_WITH_KNOTS('',3,(#4302,#4303,#4304,#4305,#4306,#4307,
#4308,#4309),.UNSPECIFIED.,.F.,.F.,(4,2,2,4),(2.17228888618611,2.18700707897999,
2.40659773603436,2.45447442013132),.UNSPECIFIED.);
#155=B_SPLINE_CURVE_WITH_KNOTS('',3,(#4311,#4312,#4313,#4314,#4315,#4316,
#4317,#4318,#4319,#4320,#4321,#4322),.UNSPECIFIED.,.F.,.F.,(4,2,2,2,2,4),
(0.338507400889456,0.431878315675715,0.535076799318337,0.638275282960958,
0.713309494925484,0.788343706890009),.UNSPECIFIED.);
#156=B_SPLINE_CURVE_WITH_KNOTS('',3,(#4324,#4325,#4326,#4327,#4328,#4329,
#4330,#4331,#4332,#4333,#4334,#4335),.UNSPECIFIED.,.F.,.F.,(4,2,2,2,2,4),
(0.788343706890009,0.863377918854534,0.938412130819059,1.04161061446168,
1.1448090981043,1.23818001289056),.UNSPECIFIED.);
#157=B_SPLINE_CURVE_WITH_KNOTS('',3,(#4336,#4337,#4338,#4339,#4340,#4341,
#4342,#4343),.UNSPECIFIED.,.F.,.F.,(4,2,2,4),(1.13869167005903,1.18656981443912,
1.40616047149349,1.42087866428737),.UNSPECIFIED.);
#158=B_SPLINE_CURVE_WITH_KNOTS('',3,(#4348,#4349,#4350,#4351,#4352,#4353,
#4354,#4355,#4356,#4357,#4358,#4359,#4360,#4361,#4362,#4363,#4364,#4365,
#4366,#4367,#4368,#4369,#4370,#4371,#4372,#4373,#4374,#4375,#4376,#4377,
#4378,#4379,#4380,#4381),.UNSPECIFIED.,.F.,.F.,(4,2,2,2,2,2,2,2,2,2,2,2,
2,2,2,2,4),(0.127238856722099,0.205521047501963,0.30319634230881,0.400871637115657,
0.498685684754521,0.596499732393385,0.682855173234673,0.769210614075961,
0.913114990148093,1.05701936622022,1.20163510188497,1.34625083754971,1.40649528264258,
1.46673972773544,1.52363392947528,1.58052813121512,1.60582575460868),
 .UNSPECIFIED.);
#159=B_SPLINE_CURVE_WITH_KNOTS('',3,(#4383,#4384,#4385,#4386,#4387,#4388),
 .UNSPECIFIED.,.F.,.F.,(4,2,4),(0.885210450385045,0.966979157384751,1.02485467263498),
 .UNSPECIFIED.);
#160=B_SPLINE_CURVE_WITH_KNOTS('',3,(#4390,#4391,#4392,#4393),
 .UNSPECIFIED.,.F.,.F.,(4,4),(2.10894130459313,2.10988551780457),
 .UNSPECIFIED.);
#161=B_SPLINE_CURVE_WITH_KNOTS('',3,(#4395,#4396,#4397,#4398,#4399,#4400,
#4401,#4402,#4403,#4404,#4405,#4406,#4407,#4408,#4409,#4410,#4411,#4412,
#4413,#4414,#4415),.UNSPECIFIED.,.F.,.F.,(4,3,2,2,2,2,2,2,2,4),(2.47504181030434,
2.62626792245134,2.74967623546067,2.87308454847,2.99133963551052,3.10959472255105,
3.22784980959157,3.3461048966321,3.46951320964142,3.51192846198632),
 .UNSPECIFIED.);
#162=B_SPLINE_CURVE_WITH_KNOTS('',3,(#4416,#4417,#4418,#4419),
 .UNSPECIFIED.,.F.,.F.,(4,4),(2.45862887022421,2.47652773490087),
 .UNSPECIFIED.);
#163=B_SPLINE_CURVE_WITH_KNOTS('',3,(#4422,#4423,#4424,#4425),
 .UNSPECIFIED.,.F.,.F.,(4,4),(0.,0.0767129306537872),.UNSPECIFIED.);
#164=B_SPLINE_CURVE_WITH_KNOTS('',3,(#4426,#4427,#4428,#4429,#4430,#4431,
#4432,#4433,#4434,#4435,#4436,#4437,#4438,#4439,#4440,#4441,#4442,#4443,
#4444,#4445,#4446,#4447,#4448,#4449,#4450,#4451,#4452,#4453,#4454,#4455,
#4456,#4457,#4458,#4459,#4460,#4461,#4462,#4463),.UNSPECIFIED.,.F.,.F.,
(4,2,2,2,2,2,2,2,2,2,2,2,2,2,2,2,2,2,4),(0.0767129306537872,0.0856508760138716,
0.171301752027743,0.253412654415686,0.33552355680363,0.368107086306824,
0.400690615810018,0.431216737947041,0.461742860084065,0.536214046572773,
0.610685233061482,0.681364771293559,0.752044309525636,0.812867228958281,
0.873690148390925,0.928341352907777,0.98299255742463,1.03923018192346,1.09546780642229),
 .UNSPECIFIED.);
#165=B_SPLINE_CURVE_WITH_KNOTS('',3,(#4498,#4499,#4500,#4501),
 .UNSPECIFIED.,.F.,.F.,(4,4),(2.19019119815753,2.33033768456495),
 .UNSPECIFIED.);
#166=B_SPLINE_CURVE_WITH_KNOTS('',3,(#4505,#4506,#4507,#4508),
 .UNSPECIFIED.,.F.,.F.,(4,4),(5.70844800455119,5.84859449095862),
 .UNSPECIFIED.);
#167=B_SPLINE_CURVE_WITH_KNOTS('',3,(#4546,#4547,#4548,#4549),
 .UNSPECIFIED.,.F.,.F.,(4,4),(1.8528661236994,1.86283261474218),
 .UNSPECIFIED.);
#168=B_SPLINE_CURVE_WITH_KNOTS('',3,(#4550,#4551,#4552,#4553),
 .UNSPECIFIED.,.F.,.F.,(4,4),(1.1304239565027,1.13453744078823),
 .UNSPECIFIED.);
#169=B_SPLINE_CURVE_WITH_KNOTS('',3,(#4555,#4556,#4557,#4558,#4559,#4560),
 .UNSPECIFIED.,.F.,.F.,(4,2,4),(-1.24623332479805,-1.12366507552502,-1.04905698865286),
 .UNSPECIFIED.);
#170=B_SPLINE_CURVE_WITH_KNOTS('',3,(#4562,#4563,#4564,#4565,#4566,#4567,
#4568,#4569,#4570,#4571,#4572,#4573,#4574,#4575,#4576,#4577,#4578,#4579,
#4580,#4581,#4582,#4583,#4584),.UNSPECIFIED.,.F.,.F.,(4,2,2,2,2,2,2,2,2,
3,4),(-1.04905698865286,-0.907725920365528,-0.78414331549637,-0.660560710627212,
-0.557211835404988,-0.453862960182764,-0.35051408496054,-0.247165209738316,
-0.123582604869158,0.,0.141331068287336),.UNSPECIFIED.);
#171=B_SPLINE_CURVE_WITH_KNOTS('',3,(#4585,#4586,#4587,#4588,#4589,#4590),
 .UNSPECIFIED.,.F.,.F.,(4,2,4),(0.141331068287336,0.215939155159487,0.338507404432518),
 .UNSPECIFIED.);
#172=B_SPLINE_CURVE_WITH_KNOTS('',3,(#4593,#4594,#4595,#4596,#4597,#4598,
#4599,#4600,#4601,#4602,#4603,#4604,#4605,#4606,#4607,#4608,#4609,#4610,
#4611,#4612,#4613,#4614,#4615,#4616,#4617,#4618,#4619,#4620,#4621,#4622,
#4623,#4624,#4625,#4626,#4627,#4628,#4629,#4630),.UNSPECIFIED.,.F.,.F.,
(4,2,2,2,2,2,2,2,2,2,2,2,2,2,2,2,2,2,4),(0.,0.0562376242211673,0.112475248442335,
0.167126453091111,0.221777657739887,0.282600577023655,0.343423496307424,
0.414103033787399,0.484782571267374,0.559253757053694,0.633724942840013,
0.664251064890702,0.69477718694139,0.727360716375102,0.759944245808815,
0.842055147542748,0.924166049276682,1.00981692438164,1.01875487076297),
 .UNSPECIFIED.);
#173=B_SPLINE_CURVE_WITH_KNOTS('',3,(#4631,#4632,#4633,#4634),
 .UNSPECIFIED.,.F.,.F.,(4,4),(1.01875487076297,1.09546779948659),
 .UNSPECIFIED.);
#174=B_SPLINE_CURVE_WITH_KNOTS('',3,(#4657,#4658,#4659,#4660,#4661,#4662,
#4663,#4664,#4665,#4666,#4667,#4668,#4669,#4670,#4671,#4672,#4673,#4674,
#4675,#4676,#4677,#4678,#4679,#4680,#4681,#4682,#4683,#4684,#4685,#4686,
#4687,#4688,#4689,#4690,#4691,#4692,#4693,#4694),.UNSPECIFIED.,.F.,.F.,
(4,2,2,2,2,2,2,2,2,2,2,2,2,2,2,2,2,2,4),(0.,0.0597946991173481,0.119589398234696,
0.172724560274011,0.225859722313327,0.285950993495303,0.34604226467728,
0.419563493896625,0.49308472311597,0.568936471949584,0.644788220783197,
0.675716939252666,0.706645657722134,0.738177914910352,0.769710172098569,
0.849859449498217,0.930008726897864,1.01616750805272,1.03099674413277),
 .UNSPECIFIED.);
#175=B_SPLINE_CURVE_WITH_KNOTS('',3,(#4695,#4696,#4697,#4698),
 .UNSPECIFIED.,.F.,.F.,(4,4),(1.03099674413277,1.10232628920758),
 .UNSPECIFIED.);
#176=B_SPLINE_CURVE_WITH_KNOTS('',3,(#4704,#4705,#4706,#4707),
 .UNSPECIFIED.,.F.,.F.,(4,4),(0.,0.071329545074808),.UNSPECIFIED.);
#177=B_SPLINE_CURVE_WITH_KNOTS('',3,(#4708,#4709,#4710,#4711,#4712,#4713,
#4714,#4715,#4716,#4717,#4718,#4719,#4720,#4721,#4722,#4723,#4724,#4725,
#4726,#4727,#4728,#4729,#4730,#4731,#4732,#4733,#4734,#4735,#4736,#4737,
#4738,#4739,#4740,#4741,#4742,#4743,#4744,#4745),.UNSPECIFIED.,.F.,.F.,
(4,2,2,2,2,2,2,2,2,2,2,2,2,2,2,2,2,2,4),(0.071329545074808,0.0861587811548586,
0.172317562309717,0.252466839709364,0.332616117109012,0.364148374297229,
0.395680631485447,0.426609349954915,0.457538068424383,0.533389817257997,
0.609241566091611,0.682762795310955,0.7562840245303,0.816375295712277,0.876466566894253,
0.929601728933568,0.982736890972884,1.04253159009023,1.10232628920758),
 .UNSPECIFIED.);
#178=B_SPLINE_CURVE_WITH_KNOTS('',3,(#4829,#4830,#4831,#4832,#4833,#4834),
 .UNSPECIFIED.,.F.,.F.,(4,2,4),(1.70175110409331,1.73448240182215,1.80106966451314),
 .UNSPECIFIED.);
#179=B_SPLINE_CURVE_WITH_KNOTS('',3,(#4838,#4839,#4840,#4841,#4842,#4843),
 .UNSPECIFIED.,.F.,.F.,(4,2,4),(4.80919769420434,4.87578495689533,4.90851625462417),
 .UNSPECIFIED.);
#180=B_SPLINE_CURVE_WITH_KNOTS('',3,(#4991,#4992,#4993,#4994),
 .UNSPECIFIED.,.F.,.F.,(4,4),(1.76883065738002,1.83808641614976),
 .UNSPECIFIED.);
#181=B_SPLINE_CURVE_WITH_KNOTS('',3,(#5030,#5031,#5032,#5033),
 .UNSPECIFIED.,.F.,.F.,(4,4),(2.32380462181227,2.34070279901526),
 .UNSPECIFIED.);
#182=B_SPLINE_CURVE_WITH_KNOTS('',3,(#5036,#5037,#5038,#5039),
 .UNSPECIFIED.,.F.,.F.,(4,4),(2.25249260100172,2.32380462181227),
 .UNSPECIFIED.);
#183=B_SPLINE_CURVE_WITH_KNOTS('',3,(#5042,#5043,#5044,#5045,#5046,#5047),
 .UNSPECIFIED.,.F.,.F.,(4,2,4),(-0.85600932014325,-0.730952700829206,-0.69009445249185),
 .UNSPECIFIED.);
#184=B_SPLINE_CURVE_WITH_KNOTS('',3,(#5055,#5056,#5057,#5058),
 .UNSPECIFIED.,.F.,.F.,(4,4),(2.24886881675716,2.31812457552688),
 .UNSPECIFIED.);
#185=B_SPLINE_CURVE_WITH_KNOTS('',3,(#5085,#5086,#5087,#5088),
 .UNSPECIFIED.,.F.,.F.,(4,4),(1.76996657851962,1.84127859933017),
 .UNSPECIFIED.);
#186=B_SPLINE_CURVE_WITH_KNOTS('',3,(#5092,#5093,#5094,#5095),
 .UNSPECIFIED.,.F.,.F.,(4,4),(1.75306840131663,1.76996657851962),
 .UNSPECIFIED.);
#187=B_SPLINE_CURVE_WITH_KNOTS('',3,(#5102,#5103,#5104,#5105,#5106,#5107),
 .UNSPECIFIED.,.F.,.F.,(4,2,4),(1.80092921940001,1.84178694850723,1.96684356782127),
 .UNSPECIFIED.);
#188=ELLIPSE('',#2659,3.70001846814245,3.7);
#189=ELLIPSE('',#2660,3.70001846814245,3.7);
#190=ELLIPSE('',#2661,3.70001846814245,3.7);
#191=ELLIPSE('',#2662,3.70001846814245,3.7);
#192=ELLIPSE('',#2663,7.54699678639305,3.7);
#193=ELLIPSE('',#2664,7.54699678639305,3.7);
#194=ELLIPSE('',#2676,3.70001846814245,3.7);
#195=ELLIPSE('',#2677,3.70001846814245,3.7);
#196=ELLIPSE('',#2678,3.70001846814245,3.7);
#197=ELLIPSE('',#2679,3.70001846814245,3.7);
#198=ELLIPSE('',#2681,7.54699678639305,3.7);
#199=ELLIPSE('',#2682,7.54699678639305,3.7);
#200=ELLIPSE('',#2690,5.50726792520574,2.7);
#201=ELLIPSE('',#2692,5.50726792520574,2.7);
#202=ELLIPSE('',#2694,5.50726792520574,2.7);
#203=ELLIPSE('',#2695,5.50726792520574,2.7);
#204=ELLIPSE('',#2712,4.32951388888889,3.7);
#205=ELLIPSE('',#2727,4.32951388888889,3.7);
#206=ELLIPSE('',#2730,7.54699678639305,3.7);
#207=ELLIPSE('',#2737,24.6567546358712,15.7960556947755);
#208=ELLIPSE('',#2738,91.9765860206065,29.6544238554173);
#209=ELLIPSE('',#2739,24.6567546358712,15.7960556947755);
#210=ELLIPSE('',#2740,21.8376714967473,13.9900437142279);
#211=ELLIPSE('',#2741,80.8462324806936,26.0658559838149);
#212=ELLIPSE('',#2743,80.8462324806936,26.0658559838149);
#213=ELLIPSE('',#2744,21.8376714967473,13.9900437142279);
#214=ELLIPSE('',#2745,24.6567546358712,15.7960556947755);
#215=ELLIPSE('',#2746,91.9765860206065,29.6544238554173);
#216=ELLIPSE('',#2747,24.6567546358712,15.7960556947755);
#217=ELLIPSE('',#2759,168.655683565266,40.2989779542458);
#218=ELLIPSE('',#2760,190.085986595569,45.4195839789859);
#219=ELLIPSE('',#2761,168.655683565266,40.2989779542458);
#220=ELLIPSE('',#2796,91.9765671511015,29.6544206091515);
#221=ELLIPSE('',#2798,80.8462160207504,26.065853171048);
#222=ELLIPSE('',#2800,80.8462160207504,26.065853171048);
#223=ELLIPSE('',#2827,13.4082333510011,9.23006184807763);
#224=ELLIPSE('',#2869,25.914467560302,4.50000006705523);
#225=ELLIPSE('',#2887,25.914467560302,4.50000006705523);
#226=CYLINDRICAL_SURFACE('',#2658,3.7);
#227=CYLINDRICAL_SURFACE('',#2675,3.7);
#228=CYLINDRICAL_SURFACE('',#2689,2.7);
#229=CYLINDRICAL_SURFACE('',#2693,2.7);
#230=CYLINDRICAL_SURFACE('',#2709,3.7);
#231=CYLINDRICAL_SURFACE('',#2713,3.7);
#232=CYLINDRICAL_SURFACE('',#2728,3.7);
#233=CYLINDRICAL_SURFACE('',#2729,3.7);
#234=CYLINDRICAL_SURFACE('',#2733,3.7);
#235=CYLINDRICAL_SURFACE('',#2734,3.7);
#236=CYLINDRICAL_SURFACE('',#2772,1.5);
#237=CYLINDRICAL_SURFACE('',#2773,1.5);
#238=CYLINDRICAL_SURFACE('',#2790,1.5);
#239=CYLINDRICAL_SURFACE('',#2792,1.5);
#240=CYLINDRICAL_SURFACE('',#2801,12.8);
#241=CYLINDRICAL_SURFACE('',#2804,12.8);
#242=CYLINDRICAL_SURFACE('',#2807,1.5);
#243=CYLINDRICAL_SURFACE('',#2809,1.5);
#244=CYLINDRICAL_SURFACE('',#2811,18.);
#245=CYLINDRICAL_SURFACE('',#2815,18.);
#246=CYLINDRICAL_SURFACE('',#2817,3.50000005215406);
#247=CYLINDRICAL_SURFACE('',#2829,6.5);
#248=CYLINDRICAL_SURFACE('',#2844,7.50000011175871);
#249=CYLINDRICAL_SURFACE('',#2851,4.00000005960464);
#250=CYLINDRICAL_SURFACE('',#2860,4.50000006705523);
#251=CYLINDRICAL_SURFACE('',#2862,18.);
#252=CYLINDRICAL_SURFACE('',#2873,15.500000230968);
#253=CYLINDRICAL_SURFACE('',#2874,15.500000230968);
#254=CYLINDRICAL_SURFACE('',#2877,4.50000006705523);
#255=CYLINDRICAL_SURFACE('',#2878,18.);
#256=CYLINDRICAL_SURFACE('',#2882,4.50000006705523);
#257=CYLINDRICAL_SURFACE('',#2888,15.500000230968);
#258=CYLINDRICAL_SURFACE('',#2890,15.500000230968);
#259=CYLINDRICAL_SURFACE('',#2893,4.50000006705523);
#260=(
BOUNDED_CURVE()
B_SPLINE_CURVE(2,(#3585,#3586,#3587),.UNSPECIFIED.,.F.,.F.)
B_SPLINE_CURVE_WITH_KNOTS((3,3),(0.,0.659846598069946),.UNSPECIFIED.)
CURVE()
GEOMETRIC_REPRESENTATION_ITEM()
RATIONAL_B_SPLINE_CURVE((1.,1.01494363910632,1.))
REPRESENTATION_ITEM('')
);
#261=(
BOUNDED_CURVE()
B_SPLINE_CURVE(2,(#3687,#3688,#3689),.UNSPECIFIED.,.F.,.F.)
B_SPLINE_CURVE_WITH_KNOTS((3,3),(0.,0.659846598069946),.UNSPECIFIED.)
CURVE()
GEOMETRIC_REPRESENTATION_ITEM()
RATIONAL_B_SPLINE_CURVE((1.,1.01494363909069,1.))
REPRESENTATION_ITEM('')
);
#262=(
BOUNDED_CURVE()
B_SPLINE_CURVE(2,(#3901,#3902,#3903),.UNSPECIFIED.,.F.,.F.)
B_SPLINE_CURVE_WITH_KNOTS((3,3),(0.,0.709803938700323),.UNSPECIFIED.)
CURVE()
GEOMETRIC_REPRESENTATION_ITEM()
RATIONAL_B_SPLINE_CURVE((1.,1.02007450574258,1.))
REPRESENTATION_ITEM('')
);
#263=(
BOUNDED_CURVE()
B_SPLINE_CURVE(2,(#3909,#3910,#3911),.UNSPECIFIED.,.F.,.F.)
B_SPLINE_CURVE_WITH_KNOTS((3,3),(0.00304866244899462,0.0548507878021167),
 .UNSPECIFIED.)
CURVE()
GEOMETRIC_REPRESENTATION_ITEM()
RATIONAL_B_SPLINE_CURVE((1.0000111792763,1.00010056740005,1.))
REPRESENTATION_ITEM('')
);
#264=(
BOUNDED_CURVE()
B_SPLINE_CURVE(2,(#3913,#3914,#3915),.UNSPECIFIED.,.F.,.F.)
B_SPLINE_CURVE_WITH_KNOTS((3,3),(0.,0.0518021253530137),.UNSPECIFIED.)
CURVE()
GEOMETRIC_REPRESENTATION_ITEM()
RATIONAL_B_SPLINE_CURVE((1.,1.00010056736782,1.00001117927272))
REPRESENTATION_ITEM('')
);
#265=(
BOUNDED_CURVE()
B_SPLINE_CURVE(2,(#3919,#3920,#3921),.UNSPECIFIED.,.F.,.F.)
B_SPLINE_CURVE_WITH_KNOTS((3,3),(0.,0.646632300258422),.UNSPECIFIED.)
CURVE()
GEOMETRIC_REPRESENTATION_ITEM()
RATIONAL_B_SPLINE_CURVE((1.,1.01826348734018,1.))
REPRESENTATION_ITEM('')
);
#266=(
BOUNDED_CURVE()
B_SPLINE_CURVE(2,(#3940,#3941,#3942),.UNSPECIFIED.,.F.,.F.)
B_SPLINE_CURVE_WITH_KNOTS((3,3),(0.,0.457547281219463),.UNSPECIFIED.)
CURVE()
GEOMETRIC_REPRESENTATION_ITEM()
RATIONAL_B_SPLINE_CURVE((1.,1.01523434352933,1.00551161518938))
REPRESENTATION_ITEM('')
);
#267=(
BOUNDED_CURVE()
B_SPLINE_CURVE(2,(#3958,#3959,#3960),.UNSPECIFIED.,.F.,.F.)
B_SPLINE_CURVE_WITH_KNOTS((3,3),(0.101046491280596,0.55859377250006),
 .UNSPECIFIED.)
CURVE()
GEOMETRIC_REPRESENTATION_ITEM()
RATIONAL_B_SPLINE_CURVE((1.00551161518938,1.01523434352934,1.))
REPRESENTATION_ITEM('')
);
#268=(
BOUNDED_CURVE()
B_SPLINE_CURVE(2,(#3978,#3979,#3980),.UNSPECIFIED.,.F.,.F.)
B_SPLINE_CURVE_WITH_KNOTS((3,3),(0.,0.646632300258421),.UNSPECIFIED.)
CURVE()
GEOMETRIC_REPRESENTATION_ITEM()
RATIONAL_B_SPLINE_CURVE((1.,1.01826348737659,1.))
REPRESENTATION_ITEM('')
);
#269=(
BOUNDED_CURVE()
B_SPLINE_CURVE(2,(#3986,#3987,#3988),.UNSPECIFIED.,.F.,.F.)
B_SPLINE_CURVE_WITH_KNOTS((3,3),(0.,0.646632300258421),.UNSPECIFIED.)
CURVE()
GEOMETRIC_REPRESENTATION_ITEM()
RATIONAL_B_SPLINE_CURVE((1.,1.01826348737242,1.))
REPRESENTATION_ITEM('')
);
#270=(
BOUNDED_CURVE()
B_SPLINE_CURVE(2,(#4010,#4011,#4012),.UNSPECIFIED.,.F.,.F.)
B_SPLINE_CURVE_WITH_KNOTS((3,3),(0.,0.717047919508582),.UNSPECIFIED.)
CURVE()
GEOMETRIC_REPRESENTATION_ITEM()
RATIONAL_B_SPLINE_CURVE((1.,1.02796813419121,1.))
REPRESENTATION_ITEM('')
);
#271=(
BOUNDED_CURVE()
B_SPLINE_CURVE(2,(#4037,#4038,#4039),.UNSPECIFIED.,.F.,.F.)
B_SPLINE_CURVE_WITH_KNOTS((3,3),(0.,0.646632300258422),.UNSPECIFIED.)
CURVE()
GEOMETRIC_REPRESENTATION_ITEM()
RATIONAL_B_SPLINE_CURVE((1.,1.01826348727985,1.))
REPRESENTATION_ITEM('')
);
#272=(
BOUNDED_CURVE()
B_SPLINE_CURVE(2,(#4042,#4043,#4044),.UNSPECIFIED.,.F.,.F.)
B_SPLINE_CURVE_WITH_KNOTS((3,3),(0.,0.717047919508583),.UNSPECIFIED.)
CURVE()
GEOMETRIC_REPRESENTATION_ITEM()
RATIONAL_B_SPLINE_CURVE((1.,1.02796813419122,1.))
REPRESENTATION_ITEM('')
);
#273=(
BOUNDED_CURVE()
B_SPLINE_CURVE(2,(#4049,#4050,#4051),.UNSPECIFIED.,.F.,.F.)
B_SPLINE_CURVE_WITH_KNOTS((3,3),(0.321263462899373,0.377623889397634),
 .UNSPECIFIED.)
CURVE()
GEOMETRIC_REPRESENTATION_ITEM()
RATIONAL_B_SPLINE_CURVE((1.0017905931092,1.0010523617098,1.))
REPRESENTATION_ITEM('')
);
#274=(
BOUNDED_CURVE()
B_SPLINE_CURVE(2,(#4053,#4054,#4055),.UNSPECIFIED.,.F.,.F.)
B_SPLINE_CURVE_WITH_KNOTS((3,3),(0.,0.582965410063735),.UNSPECIFIED.)
CURVE()
GEOMETRIC_REPRESENTATION_ITEM()
RATIONAL_B_SPLINE_CURVE((1.,1.01605929650003,1.00301734329842))
REPRESENTATION_ITEM('')
);
#275=(
BOUNDED_CURVE()
B_SPLINE_CURVE(2,(#4101,#4102,#4103),.UNSPECIFIED.,.F.,.F.)
B_SPLINE_CURVE_WITH_KNOTS((3,3),(0.0604443723635731,0.64340978242916),
 .UNSPECIFIED.)
CURVE()
GEOMETRIC_REPRESENTATION_ITEM()
RATIONAL_B_SPLINE_CURVE((1.00301734329722,1.01605929649413,1.))
REPRESENTATION_ITEM('')
);
#276=(
BOUNDED_CURVE()
B_SPLINE_CURVE(2,(#4104,#4105,#4106),.UNSPECIFIED.,.F.,.F.)
B_SPLINE_CURVE_WITH_KNOTS((3,3),(0.,0.0563604265072622),.UNSPECIFIED.)
CURVE()
GEOMETRIC_REPRESENTATION_ITEM()
RATIONAL_B_SPLINE_CURVE((1.,1.00105236172128,1.00179059312868))
REPRESENTATION_ITEM('')
);
#277=(
BOUNDED_CURVE()
B_SPLINE_CURVE(2,(#4111,#4112,#4113),.UNSPECIFIED.,.F.,.F.)
B_SPLINE_CURVE_WITH_KNOTS((3,3),(0.,0.472893430212151),.UNSPECIFIED.)
CURVE()
GEOMETRIC_REPRESENTATION_ITEM()
RATIONAL_B_SPLINE_CURVE((1.,1.01794263028646,1.01204398390269))
REPRESENTATION_ITEM('')
);
#278=(
BOUNDED_CURVE()
B_SPLINE_CURVE(2,(#4137,#4138,#4139),.UNSPECIFIED.,.F.,.F.)
B_SPLINE_CURVE_WITH_KNOTS((3,3),(0.,0.64340978242916),.UNSPECIFIED.)
CURVE()
GEOMETRIC_REPRESENTATION_ITEM()
RATIONAL_B_SPLINE_CURVE((1.,1.01772439377607,1.))
REPRESENTATION_ITEM('')
);
#279=(
BOUNDED_CURVE()
B_SPLINE_CURVE(2,(#4144,#4145,#4146),.UNSPECIFIED.,.F.,.F.)
B_SPLINE_CURVE_WITH_KNOTS((3,3),(0.,0.0439006333918249),.UNSPECIFIED.)
CURVE()
GEOMETRIC_REPRESENTATION_ITEM()
RATIONAL_B_SPLINE_CURVE((1.,1.00166568783571,1.00312590751744))
REPRESENTATION_ITEM('')
);
#280=(
BOUNDED_CURVE()
B_SPLINE_CURVE(2,(#4151,#4152,#4153),.UNSPECIFIED.,.F.,.F.)
B_SPLINE_CURVE_WITH_KNOTS((3,3),(0.667886080092955,0.711786713484764),
 .UNSPECIFIED.)
CURVE()
GEOMETRIC_REPRESENTATION_ITEM()
RATIONAL_B_SPLINE_CURVE((1.00312590751744,1.00166568783571,1.))
REPRESENTATION_ITEM('')
);
#281=(
BOUNDED_CURVE()
B_SPLINE_CURVE(2,(#4170,#4171,#4172),.UNSPECIFIED.,.F.,.F.)
B_SPLINE_CURVE_WITH_KNOTS((3,3),(0.,0.709803938700323),.UNSPECIFIED.)
CURVE()
GEOMETRIC_REPRESENTATION_ITEM()
RATIONAL_B_SPLINE_CURVE((1.,1.02007450574262,1.))
REPRESENTATION_ITEM('')
);
#282=(
BOUNDED_CURVE()
B_SPLINE_CURVE(2,(#4178,#4179,#4180),.UNSPECIFIED.,.F.,.F.)
B_SPLINE_CURVE_WITH_KNOTS((3,3),(0.238893283275435,0.711786713484764),
 .UNSPECIFIED.)
CURVE()
GEOMETRIC_REPRESENTATION_ITEM()
RATIONAL_B_SPLINE_CURVE((1.01204398390274,1.01794263028633,1.))
REPRESENTATION_ITEM('')
);
#283=(
BOUNDED_CURVE()
B_SPLINE_CURVE(2,(#4220,#4221,#4222),.UNSPECIFIED.,.F.,.F.)
B_SPLINE_CURVE_WITH_KNOTS((3,3),(0.,0.711786713484764),.UNSPECIFIED.)
CURVE()
GEOMETRIC_REPRESENTATION_ITEM()
RATIONAL_B_SPLINE_CURVE((1.,1.02700677367654,1.))
REPRESENTATION_ITEM('')
);
#284=(
BOUNDED_CURVE()
B_SPLINE_CURVE(2,(#4226,#4227,#4228),.UNSPECIFIED.,.F.,.F.)
B_SPLINE_CURVE_WITH_KNOTS((3,3),(0.,0.64340978242916),.UNSPECIFIED.)
CURVE()
GEOMETRIC_REPRESENTATION_ITEM()
RATIONAL_B_SPLINE_CURVE((1.,1.01772439368781,1.))
REPRESENTATION_ITEM('')
);
#285=(
BOUNDED_CURVE()
B_SPLINE_CURVE(2,(#4344,#4345,#4346),.UNSPECIFIED.,.F.,.F.)
B_SPLINE_CURVE_WITH_KNOTS((3,3),(0.,0.711786713484764),.UNSPECIFIED.)
CURVE()
GEOMETRIC_REPRESENTATION_ITEM()
RATIONAL_B_SPLINE_CURVE((1.,1.02700677367656,1.))
REPRESENTATION_ITEM('')
);
#286=(
BOUNDED_CURVE()
B_SPLINE_CURVE(2,(#4530,#4531,#4532),.UNSPECIFIED.,.F.,.F.)
B_SPLINE_CURVE_WITH_KNOTS((3,3),(0.537038958876726,0.632872285353624),
 .UNSPECIFIED.)
CURVE()
GEOMETRIC_REPRESENTATION_ITEM()
RATIONAL_B_SPLINE_CURVE((1.01011457022462,1.00710230810184,1.00269290006856))
REPRESENTATION_ITEM('')
);
#287=(
BOUNDED_CURVE()
B_SPLINE_CURVE(2,(#4534,#4535,#4536),.UNSPECIFIED.,.F.,.F.)
B_SPLINE_CURVE_WITH_KNOTS((3,3),(0.632872285353624,0.660842482173977),
 .UNSPECIFIED.)
CURVE()
GEOMETRIC_REPRESENTATION_ITEM()
RATIONAL_B_SPLINE_CURVE((1.00269290006856,1.00140595725768,1.))
REPRESENTATION_ITEM('')
);
#288=(
BOUNDED_CURVE()
B_SPLINE_CURVE(2,(#4538,#4539,#4540),.UNSPECIFIED.,.F.,.F.)
B_SPLINE_CURVE_WITH_KNOTS((3,3),(0.,0.404072598911244),.UNSPECIFIED.)
CURVE()
GEOMETRIC_REPRESENTATION_ITEM()
RATIONAL_B_SPLINE_CURVE((1.,1.00604002003446,1.))
REPRESENTATION_ITEM('')
);
#289=(
BOUNDED_CURVE()
B_SPLINE_CURVE(2,(#4541,#4542,#4543),.UNSPECIFIED.,.F.,.F.)
B_SPLINE_CURVE_WITH_KNOTS((3,3),(0.420604292805762,0.565326057362728),
 .UNSPECIFIED.)
CURVE()
GEOMETRIC_REPRESENTATION_ITEM()
RATIONAL_B_SPLINE_CURVE((1.00417218773104,1.00280813476926,1.00001144226188))
REPRESENTATION_ITEM('')
);
#290=(
BOUNDED_CURVE()
B_SPLINE_CURVE(2,(#4640,#4641,#4642),.UNSPECIFIED.,.F.,.F.)
B_SPLINE_CURVE_WITH_KNOTS((3,3),(0.000295899099097582,0.105592369007847),
 .UNSPECIFIED.)
CURVE()
GEOMETRIC_REPRESENTATION_ITEM()
RATIONAL_B_SPLINE_CURVE((1.00001144226188,1.00204625609481,1.00332267248508))
REPRESENTATION_ITEM('')
);
#291=(
BOUNDED_CURVE()
B_SPLINE_CURVE(2,(#4644,#4645,#4646),.UNSPECIFIED.,.F.,.F.)
B_SPLINE_CURVE_WITH_KNOTS((3,3),(0.,0.446722000806047),.UNSPECIFIED.)
CURVE()
GEOMETRIC_REPRESENTATION_ITEM()
RATIONAL_B_SPLINE_CURVE((1.,1.00722725066607,1.))
REPRESENTATION_ITEM('')
);
#292=(
BOUNDED_CURVE()
B_SPLINE_CURVE(2,(#4648,#4649,#4650),.UNSPECIFIED.,.F.,.F.)
B_SPLINE_CURVE_WITH_KNOTS((3,3),(0.,0.0279701968203528),.UNSPECIFIED.)
CURVE()
GEOMETRIC_REPRESENTATION_ITEM()
RATIONAL_B_SPLINE_CURVE((1.,1.00140595725768,1.00269290006856))
REPRESENTATION_ITEM('')
);
#293=(
BOUNDED_CURVE()
B_SPLINE_CURVE(2,(#4651,#4652,#4653),.UNSPECIFIED.,.F.,.F.)
B_SPLINE_CURVE_WITH_KNOTS((3,3),(0.0279701968203528,0.12380352329725),
 .UNSPECIFIED.)
CURVE()
GEOMETRIC_REPRESENTATION_ITEM()
RATIONAL_B_SPLINE_CURVE((1.00269290006856,1.00710230810184,1.01011457022462))
REPRESENTATION_ITEM('')
);
#294=(
BOUNDED_CURVE()
B_SPLINE_CURVE(2,(#4749,#4750,#4751),.UNSPECIFIED.,.F.,.F.)
B_SPLINE_CURVE_WITH_KNOTS((3,3),(0.510429293063015,0.660842482173977),
 .UNSPECIFIED.)
CURVE()
GEOMETRIC_REPRESENTATION_ITEM()
RATIONAL_B_SPLINE_CURVE((1.01167965856293,1.00756070885876,1.))
REPRESENTATION_ITEM('')
);
#295=(
BOUNDED_CURVE()
B_SPLINE_CURVE(2,(#4805,#4806,#4807),.UNSPECIFIED.,.F.,.F.)
B_SPLINE_CURVE_WITH_KNOTS((3,3),(0.,0.150413189110962),.UNSPECIFIED.)
CURVE()
GEOMETRIC_REPRESENTATION_ITEM()
RATIONAL_B_SPLINE_CURVE((1.,1.00756070885876,1.01167965856293))
REPRESENTATION_ITEM('')
);
#296=(
BOUNDED_CURVE()
B_SPLINE_CURVE(2,(#4921,#4922,#4923),.UNSPECIFIED.,.F.,.F.)
B_SPLINE_CURVE_WITH_KNOTS((3,3),(0.,0.0237385458935857),.UNSPECIFIED.)
CURVE()
GEOMETRIC_REPRESENTATION_ITEM()
RATIONAL_B_SPLINE_CURVE((1.,1.00020299829835,1.00035298868791))
REPRESENTATION_ITEM('')
);
#297=(
BOUNDED_CURVE()
B_SPLINE_CURVE(2,(#4937,#4938,#4939),.UNSPECIFIED.,.F.,.F.)
B_SPLINE_CURVE_WITH_KNOTS((3,3),(0.158079018005008,0.181817563898594),
 .UNSPECIFIED.)
CURVE()
GEOMETRIC_REPRESENTATION_ITEM()
RATIONAL_B_SPLINE_CURVE((1.00035298868791,1.00020299829835,1.))
REPRESENTATION_ITEM('')
);
#298=(
BOUNDED_CURVE()
B_SPLINE_CURVE(2,(#5021,#5022,#5023),.UNSPECIFIED.,.F.,.F.)
B_SPLINE_CURVE_WITH_KNOTS((3,3),(0.031145055063716,0.148487806094385),
 .UNSPECIFIED.)
CURVE()
GEOMETRIC_REPRESENTATION_ITEM()
RATIONAL_B_SPLINE_CURVE((1.00019628345663,1.00046817605089,1.00000260812979))
REPRESENTATION_ITEM('')
);
#299=(
BOUNDED_CURVE()
B_SPLINE_CURVE(2,(#5109,#5110,#5111),.UNSPECIFIED.,.F.,.F.)
B_SPLINE_CURVE_WITH_KNOTS((3,3),(0.000327953423496683,0.11767070445503),
 .UNSPECIFIED.)
CURVE()
GEOMETRIC_REPRESENTATION_ITEM()
RATIONAL_B_SPLINE_CURVE((1.00000260812973,1.00046817603939,1.0001962834518))
REPRESENTATION_ITEM('')
);
#300=FACE_OUTER_BOUND('',#438,.T.);
#301=FACE_OUTER_BOUND('',#439,.T.);
#302=FACE_OUTER_BOUND('',#440,.T.);
#303=FACE_OUTER_BOUND('',#441,.T.);
#304=FACE_OUTER_BOUND('',#442,.T.);
#305=FACE_OUTER_BOUND('',#443,.T.);
#306=FACE_OUTER_BOUND('',#444,.T.);
#307=FACE_OUTER_BOUND('',#445,.T.);
#308=FACE_OUTER_BOUND('',#446,.T.);
#309=FACE_OUTER_BOUND('',#447,.T.);
#310=FACE_OUTER_BOUND('',#448,.T.);
#311=FACE_OUTER_BOUND('',#449,.T.);
#312=FACE_OUTER_BOUND('',#450,.T.);
#313=FACE_OUTER_BOUND('',#451,.T.);
#314=FACE_OUTER_BOUND('',#452,.T.);
#315=FACE_OUTER_BOUND('',#453,.T.);
#316=FACE_OUTER_BOUND('',#454,.T.);
#317=FACE_OUTER_BOUND('',#455,.T.);
#318=FACE_OUTER_BOUND('',#456,.T.);
#319=FACE_OUTER_BOUND('',#457,.T.);
#320=FACE_OUTER_BOUND('',#458,.T.);
#321=FACE_OUTER_BOUND('',#459,.T.);
#322=FACE_OUTER_BOUND('',#460,.T.);
#323=FACE_OUTER_BOUND('',#461,.T.);
#324=FACE_OUTER_BOUND('',#462,.T.);
#325=FACE_OUTER_BOUND('',#463,.T.);
#326=FACE_OUTER_BOUND('',#464,.T.);
#327=FACE_OUTER_BOUND('',#465,.T.);
#328=FACE_OUTER_BOUND('',#466,.T.);
#329=FACE_OUTER_BOUND('',#467,.T.);
#330=FACE_OUTER_BOUND('',#468,.T.);
#331=FACE_OUTER_BOUND('',#469,.T.);
#332=FACE_OUTER_BOUND('',#470,.T.);
#333=FACE_OUTER_BOUND('',#471,.T.);
#334=FACE_OUTER_BOUND('',#472,.T.);
#335=FACE_OUTER_BOUND('',#473,.T.);
#336=FACE_OUTER_BOUND('',#474,.T.);
#337=FACE_OUTER_BOUND('',#475,.T.);
#338=FACE_OUTER_BOUND('',#476,.T.);
#339=FACE_OUTER_BOUND('',#477,.T.);
#340=FACE_OUTER_BOUND('',#478,.T.);
#341=FACE_OUTER_BOUND('',#479,.T.);
#342=FACE_OUTER_BOUND('',#480,.T.);
#343=FACE_OUTER_BOUND('',#481,.T.);
#344=FACE_OUTER_BOUND('',#482,.T.);
#345=FACE_OUTER_BOUND('',#483,.T.);
#346=FACE_OUTER_BOUND('',#484,.T.);
#347=FACE_OUTER_BOUND('',#485,.T.);
#348=FACE_OUTER_BOUND('',#486,.T.);
#349=FACE_OUTER_BOUND('',#487,.T.);
#350=FACE_OUTER_BOUND('',#490,.T.);
#351=FACE_OUTER_BOUND('',#491,.T.);
#352=FACE_OUTER_BOUND('',#494,.T.);
#353=FACE_OUTER_BOUND('',#495,.T.);
#354=FACE_OUTER_BOUND('',#496,.T.);
#355=FACE_OUTER_BOUND('',#498,.T.);
#356=FACE_OUTER_BOUND('',#499,.T.);
#357=FACE_OUTER_BOUND('',#501,.T.);
#358=FACE_OUTER_BOUND('',#502,.T.);
#359=FACE_OUTER_BOUND('',#503,.T.);
#360=FACE_OUTER_BOUND('',#504,.T.);
#361=FACE_OUTER_BOUND('',#505,.T.);
#362=FACE_OUTER_BOUND('',#507,.T.);
#363=FACE_OUTER_BOUND('',#508,.T.);
#364=FACE_OUTER_BOUND('',#510,.T.);
#365=FACE_OUTER_BOUND('',#512,.T.);
#366=FACE_OUTER_BOUND('',#513,.T.);
#367=FACE_OUTER_BOUND('',#514,.T.);
#368=FACE_OUTER_BOUND('',#515,.T.);
#369=FACE_OUTER_BOUND('',#516,.T.);
#370=FACE_OUTER_BOUND('',#518,.T.);
#371=FACE_OUTER_BOUND('',#519,.T.);
#372=FACE_OUTER_BOUND('',#520,.T.);
#373=FACE_OUTER_BOUND('',#521,.T.);
#374=FACE_OUTER_BOUND('',#522,.T.);
#375=FACE_OUTER_BOUND('',#523,.T.);
#376=FACE_OUTER_BOUND('',#524,.T.);
#377=FACE_OUTER_BOUND('',#525,.T.);
#378=FACE_OUTER_BOUND('',#526,.T.);
#379=FACE_OUTER_BOUND('',#527,.T.);
#380=FACE_OUTER_BOUND('',#528,.T.);
#381=FACE_OUTER_BOUND('',#529,.T.);
#382=FACE_OUTER_BOUND('',#530,.T.);
#383=FACE_OUTER_BOUND('',#531,.T.);
#384=FACE_OUTER_BOUND('',#532,.T.);
#385=FACE_OUTER_BOUND('',#533,.T.);
#386=FACE_OUTER_BOUND('',#539,.T.);
#387=FACE_OUTER_BOUND('',#540,.T.);
#388=FACE_OUTER_BOUND('',#541,.T.);
#389=FACE_OUTER_BOUND('',#542,.T.);
#390=FACE_OUTER_BOUND('',#543,.T.);
#391=FACE_OUTER_BOUND('',#544,.T.);
#392=FACE_OUTER_BOUND('',#545,.T.);
#393=FACE_OUTER_BOUND('',#546,.T.);
#394=FACE_OUTER_BOUND('',#547,.T.);
#395=FACE_OUTER_BOUND('',#548,.T.);
#396=FACE_OUTER_BOUND('',#549,.T.);
#397=FACE_OUTER_BOUND('',#550,.T.);
#398=FACE_OUTER_BOUND('',#551,.T.);
#399=FACE_OUTER_BOUND('',#552,.T.);
#400=FACE_OUTER_BOUND('',#553,.T.);
#401=FACE_OUTER_BOUND('',#554,.T.);
#402=FACE_OUTER_BOUND('',#555,.T.);
#403=FACE_OUTER_BOUND('',#556,.T.);
#404=FACE_OUTER_BOUND('',#557,.T.);
#405=FACE_OUTER_BOUND('',#558,.T.);
#406=FACE_OUTER_BOUND('',#559,.T.);
#407=FACE_OUTER_BOUND('',#560,.T.);
#408=FACE_OUTER_BOUND('',#561,.T.);
#409=FACE_OUTER_BOUND('',#562,.T.);
#410=FACE_OUTER_BOUND('',#564,.T.);
#411=FACE_OUTER_BOUND('',#565,.T.);
#412=FACE_OUTER_BOUND('',#567,.T.);
#413=FACE_OUTER_BOUND('',#568,.T.);
#414=FACE_OUTER_BOUND('',#569,.T.);
#415=FACE_OUTER_BOUND('',#570,.T.);
#416=FACE_OUTER_BOUND('',#571,.T.);
#417=FACE_OUTER_BOUND('',#572,.T.);
#418=FACE_OUTER_BOUND('',#573,.T.);
#419=FACE_OUTER_BOUND('',#574,.T.);
#420=FACE_OUTER_BOUND('',#575,.T.);
#421=FACE_OUTER_BOUND('',#576,.T.);
#422=FACE_OUTER_BOUND('',#577,.T.);
#423=FACE_OUTER_BOUND('',#578,.T.);
#424=FACE_OUTER_BOUND('',#579,.T.);
#425=FACE_OUTER_BOUND('',#580,.T.);
#426=FACE_OUTER_BOUND('',#581,.T.);
#427=FACE_OUTER_BOUND('',#582,.T.);
#428=FACE_OUTER_BOUND('',#583,.T.);
#429=FACE_OUTER_BOUND('',#584,.T.);
#430=FACE_OUTER_BOUND('',#585,.T.);
#431=FACE_OUTER_BOUND('',#586,.T.);
#432=FACE_OUTER_BOUND('',#587,.T.);
#433=FACE_OUTER_BOUND('',#588,.T.);
#434=FACE_OUTER_BOUND('',#589,.T.);
#435=FACE_OUTER_BOUND('',#590,.T.);
#436=FACE_OUTER_BOUND('',#591,.T.);
#437=FACE_OUTER_BOUND('',#592,.T.);
#438=EDGE_LOOP('',(#1634,#1635,#1636,#1637));
#439=EDGE_LOOP('',(#1638,#1639,#1640,#1641));
#440=EDGE_LOOP('',(#1642,#1643,#1644,#1645));
#441=EDGE_LOOP('',(#1646,#1647,#1648,#1649,#1650,#1651,#1652,#1653,#1654,
#1655,#1656,#1657,#1658,#1659));
#442=EDGE_LOOP('',(#1660,#1661,#1662));
#443=EDGE_LOOP('',(#1663,#1664,#1665,#1666,#1667));
#444=EDGE_LOOP('',(#1668,#1669,#1670,#1671,#1672,#1673));
#445=EDGE_LOOP('',(#1674,#1675,#1676,#1677,#1678));
#446=EDGE_LOOP('',(#1679,#1680,#1681));
#447=EDGE_LOOP('',(#1682,#1683,#1684,#1685));
#448=EDGE_LOOP('',(#1686,#1687,#1688,#1689));
#449=EDGE_LOOP('',(#1690,#1691,#1692,#1693));
#450=EDGE_LOOP('',(#1694,#1695,#1696,#1697));
#451=EDGE_LOOP('',(#1698,#1699,#1700,#1701,#1702,#1703,#1704,#1705,#1706,
#1707,#1708,#1709,#1710,#1711));
#452=EDGE_LOOP('',(#1712,#1713,#1714,#1715));
#453=EDGE_LOOP('',(#1716,#1717,#1718,#1719,#1720));
#454=EDGE_LOOP('',(#1721,#1722,#1723,#1724,#1725));
#455=EDGE_LOOP('',(#1726,#1727,#1728));
#456=EDGE_LOOP('',(#1729,#1730,#1731));
#457=EDGE_LOOP('',(#1732,#1733,#1734,#1735,#1736,#1737));
#458=EDGE_LOOP('',(#1738,#1739,#1740,#1741,#1742,#1743,#1744,#1745));
#459=EDGE_LOOP('',(#1746,#1747,#1748,#1749,#1750,#1751,#1752,#1753));
#460=EDGE_LOOP('',(#1754,#1755,#1756,#1757,#1758,#1759));
#461=EDGE_LOOP('',(#1760,#1761,#1762,#1763,#1764,#1765));
#462=EDGE_LOOP('',(#1766,#1767,#1768,#1769,#1770,#1771,#1772,#1773,#1774,
#1775,#1776));
#463=EDGE_LOOP('',(#1777,#1778,#1779,#1780));
#464=EDGE_LOOP('',(#1781,#1782,#1783,#1784,#1785,#1786,#1787,#1788,#1789,
#1790,#1791,#1792));
#465=EDGE_LOOP('',(#1793,#1794,#1795,#1796));
#466=EDGE_LOOP('',(#1797,#1798,#1799,#1800));
#467=EDGE_LOOP('',(#1801,#1802,#1803,#1804,#1805));
#468=EDGE_LOOP('',(#1806,#1807,#1808,#1809,#1810,#1811,#1812));
#469=EDGE_LOOP('',(#1813,#1814,#1815,#1816,#1817));
#470=EDGE_LOOP('',(#1818,#1819,#1820,#1821));
#471=EDGE_LOOP('',(#1822,#1823,#1824,#1825));
#472=EDGE_LOOP('',(#1826,#1827,#1828,#1829));
#473=EDGE_LOOP('',(#1830,#1831,#1832,#1833));
#474=EDGE_LOOP('',(#1834,#1835,#1836,#1837));
#475=EDGE_LOOP('',(#1838,#1839,#1840,#1841));
#476=EDGE_LOOP('',(#1842,#1843,#1844,#1845));
#477=EDGE_LOOP('',(#1846,#1847,#1848,#1849));
#478=EDGE_LOOP('',(#1850,#1851,#1852,#1853));
#479=EDGE_LOOP('',(#1854,#1855,#1856,#1857));
#480=EDGE_LOOP('',(#1858,#1859,#1860,#1861));
#481=EDGE_LOOP('',(#1862,#1863,#1864,#1865,#1866));
#482=EDGE_LOOP('',(#1867,#1868,#1869,#1870));
#483=EDGE_LOOP('',(#1871,#1872,#1873,#1874));
#484=EDGE_LOOP('',(#1875,#1876,#1877,#1878));
#485=EDGE_LOOP('',(#1879,#1880,#1881,#1882));
#486=EDGE_LOOP('',(#1883,#1884,#1885,#1886));
#487=EDGE_LOOP('',(#1887,#1888,#1889,#1890,#1891,#1892,#1893,#1894,#1895,
#1896,#1897,#1898,#1899,#1900,#1901,#1902,#1903,#1904,#1905,#1906,#1907,
#1908,#1909,#1910,#1911,#1912,#1913,#1914,#1915,#1916,#1917,#1918,#1919,
#1920));
#488=EDGE_LOOP('',(#1921,#1922,#1923,#1924,#1925,#1926,#1927,#1928,#1929,
#1930,#1931,#1932,#1933,#1934,#1935,#1936,#1937));
#489=EDGE_LOOP('',(#1938,#1939));
#490=EDGE_LOOP('',(#1940,#1941,#1942,#1943));
#491=EDGE_LOOP('',(#1944,#1945,#1946,#1947,#1948,#1949,#1950,#1951,#1952,
#1953));
#492=EDGE_LOOP('',(#1954));
#493=EDGE_LOOP('',(#1955));
#494=EDGE_LOOP('',(#1956,#1957,#1958,#1959,#1960,#1961,#1962,#1963,#1964,
#1965,#1966));
#495=EDGE_LOOP('',(#1967,#1968,#1969,#1970,#1971,#1972,#1973,#1974,#1975,
#1976,#1977,#1978,#1979,#1980));
#496=EDGE_LOOP('',(#1981,#1982,#1983,#1984,#1985,#1986,#1987,#1988,#1989,
#1990,#1991,#1992,#1993));
#497=EDGE_LOOP('',(#1994));
#498=EDGE_LOOP('',(#1995,#1996,#1997,#1998,#1999,#2000,#2001));
#499=EDGE_LOOP('',(#2002,#2003,#2004,#2005,#2006,#2007,#2008,#2009,#2010,
#2011,#2012,#2013,#2014,#2015,#2016,#2017,#2018));
#500=EDGE_LOOP('',(#2019,#2020));
#501=EDGE_LOOP('',(#2021,#2022,#2023));
#502=EDGE_LOOP('',(#2024,#2025,#2026,#2027,#2028,#2029,#2030));
#503=EDGE_LOOP('',(#2031,#2032,#2033,#2034,#2035,#2036));
#504=EDGE_LOOP('',(#2037,#2038,#2039,#2040,#2041,#2042));
#505=EDGE_LOOP('',(#2043,#2044,#2045));
#506=EDGE_LOOP('',(#2046,#2047));
#507=EDGE_LOOP('',(#2048,#2049,#2050));
#508=EDGE_LOOP('',(#2051,#2052,#2053));
#509=EDGE_LOOP('',(#2054,#2055));
#510=EDGE_LOOP('',(#2056,#2057,#2058,#2059,#2060,#2061,#2062,#2063,#2064,
#2065,#2066,#2067,#2068));
#511=EDGE_LOOP('',(#2069));
#512=EDGE_LOOP('',(#2070,#2071,#2072,#2073));
#513=EDGE_LOOP('',(#2074,#2075,#2076,#2077,#2078,#2079,#2080,#2081,#2082));
#514=EDGE_LOOP('',(#2083,#2084,#2085,#2086));
#515=EDGE_LOOP('',(#2087,#2088,#2089,#2090));
#516=EDGE_LOOP('',(#2091,#2092,#2093,#2094,#2095,#2096));
#517=EDGE_LOOP('',(#2097));
#518=EDGE_LOOP('',(#2098,#2099,#2100,#2101));
#519=EDGE_LOOP('',(#2102,#2103,#2104,#2105));
#520=EDGE_LOOP('',(#2106,#2107,#2108,#2109,#2110,#2111,#2112,#2113,#2114));
#521=EDGE_LOOP('',(#2115,#2116,#2117,#2118));
#522=EDGE_LOOP('',(#2119,#2120,#2121,#2122));
#523=EDGE_LOOP('',(#2123,#2124,#2125,#2126));
#524=EDGE_LOOP('',(#2127,#2128,#2129,#2130));
#525=EDGE_LOOP('',(#2131,#2132,#2133));
#526=EDGE_LOOP('',(#2134,#2135,#2136,#2137,#2138));
#527=EDGE_LOOP('',(#2139,#2140,#2141,#2142,#2143));
#528=EDGE_LOOP('',(#2144,#2145,#2146,#2147,#2148));
#529=EDGE_LOOP('',(#2149,#2150,#2151,#2152,#2153));
#530=EDGE_LOOP('',(#2154,#2155,#2156,#2157));
#531=EDGE_LOOP('',(#2158,#2159,#2160,#2161));
#532=EDGE_LOOP('',(#2162,#2163,#2164,#2165));
#533=EDGE_LOOP('',(#2166,#2167,#2168,#2169,#2170,#2171,#2172,#2173,#2174,
#2175,#2176,#2177));
#534=EDGE_LOOP('',(#2178));
#535=EDGE_LOOP('',(#2179));
#536=EDGE_LOOP('',(#2180));
#537=EDGE_LOOP('',(#2181));
#538=EDGE_LOOP('',(#2182));
#539=EDGE_LOOP('',(#2183,#2184,#2185,#2186));
#540=EDGE_LOOP('',(#2187,#2188,#2189,#2190));
#541=EDGE_LOOP('',(#2191,#2192,#2193,#2194,#2195,#2196,#2197,#2198));
#542=EDGE_LOOP('',(#2199,#2200,#2201,#2202));
#543=EDGE_LOOP('',(#2203,#2204,#2205,#2206));
#544=EDGE_LOOP('',(#2207,#2208,#2209,#2210));
#545=EDGE_LOOP('',(#2211,#2212,#2213,#2214,#2215,#2216,#2217,#2218,#2219));
#546=EDGE_LOOP('',(#2220,#2221,#2222,#2223,#2224,#2225));
#547=EDGE_LOOP('',(#2226,#2227,#2228,#2229,#2230,#2231,#2232,#2233,#2234));
#548=EDGE_LOOP('',(#2235,#2236,#2237,#2238,#2239));
#549=EDGE_LOOP('',(#2240,#2241,#2242,#2243));
#550=EDGE_LOOP('',(#2244,#2245,#2246,#2247,#2248));
#551=EDGE_LOOP('',(#2249,#2250,#2251,#2252,#2253,#2254,#2255,#2256,#2257,
#2258,#2259,#2260));
#552=EDGE_LOOP('',(#2261,#2262,#2263,#2264));
#553=EDGE_LOOP('',(#2265,#2266,#2267,#2268));
#554=EDGE_LOOP('',(#2269,#2270,#2271,#2272));
#555=EDGE_LOOP('',(#2273,#2274,#2275,#2276));
#556=EDGE_LOOP('',(#2277,#2278,#2279));
#557=EDGE_LOOP('',(#2280,#2281,#2282));
#558=EDGE_LOOP('',(#2283,#2284,#2285,#2286,#2287,#2288,#2289,#2290,#2291));
#559=EDGE_LOOP('',(#2292,#2293,#2294,#2295,#2296,#2297,#2298,#2299,#2300));
#560=EDGE_LOOP('',(#2301,#2302,#2303,#2304));
#561=EDGE_LOOP('',(#2305,#2306,#2307));
#562=EDGE_LOOP('',(#2308));
#563=EDGE_LOOP('',(#2309));
#564=EDGE_LOOP('',(#2310,#2311,#2312,#2313));
#565=EDGE_LOOP('',(#2314,#2315,#2316,#2317,#2318,#2319,#2320,#2321,#2322,
#2323,#2324,#2325,#2326,#2327,#2328,#2329,#2330));
#566=EDGE_LOOP('',(#2331));
#567=EDGE_LOOP('',(#2332,#2333,#2334,#2335));
#568=EDGE_LOOP('',(#2336,#2337,#2338,#2339));
#569=EDGE_LOOP('',(#2340,#2341,#2342));
#570=EDGE_LOOP('',(#2343,#2344,#2345));
#571=EDGE_LOOP('',(#2346,#2347,#2348));
#572=EDGE_LOOP('',(#2349,#2350,#2351));
#573=EDGE_LOOP('',(#2352,#2353,#2354));
#574=EDGE_LOOP('',(#2355,#2356,#2357,#2358,#2359,#2360));
#575=EDGE_LOOP('',(#2361,#2362,#2363,#2364));
#576=EDGE_LOOP('',(#2365,#2366,#2367));
#577=EDGE_LOOP('',(#2368,#2369,#2370));
#578=EDGE_LOOP('',(#2371,#2372,#2373));
#579=EDGE_LOOP('',(#2374,#2375,#2376,#2377));
#580=EDGE_LOOP('',(#2378,#2379,#2380,#2381,#2382,#2383));
#581=EDGE_LOOP('',(#2384,#2385,#2386));
#582=EDGE_LOOP('',(#2387,#2388,#2389));
#583=EDGE_LOOP('',(#2390,#2391,#2392));
#584=EDGE_LOOP('',(#2393,#2394,#2395));
#585=EDGE_LOOP('',(#2396,#2397,#2398));
#586=EDGE_LOOP('',(#2399,#2400,#2401,#2402,#2403,#2404));
#587=EDGE_LOOP('',(#2405,#2406,#2407));
#588=EDGE_LOOP('',(#2408,#2409,#2410));
#589=EDGE_LOOP('',(#2411,#2412,#2413));
#590=EDGE_LOOP('',(#2414,#2415,#2416,#2417,#2418,#2419));
#591=EDGE_LOOP('',(#2420,#2421,#2422,#2423));
#592=EDGE_LOOP('',(#2424,#2425,#2426,#2427));
#593=LINE('',#3572,#781);
#594=LINE('',#3574,#782);
#595=LINE('',#3576,#783);
#596=LINE('',#3577,#784);
#597=LINE('',#3581,#785);
#598=LINE('',#3583,#786);
#599=LINE('',#3588,#787);
#600=LINE('',#3592,#788);
#601=LINE('',#3594,#789);
#602=LINE('',#3596,#790);
#603=LINE('',#3597,#791);
#604=LINE('',#3604,#792);
#605=LINE('',#3641,#793);
#606=LINE('',#3647,#794);
#607=LINE('',#3648,#795);
#608=LINE('',#3650,#796);
#609=LINE('',#3651,#797);
#610=LINE('',#3654,#798);
#611=LINE('',#3655,#799);
#612=LINE('',#3656,#800);
#613=LINE('',#3658,#801);
#614=LINE('',#3660,#802);
#615=LINE('',#3665,#803);
#616=LINE('',#3667,#804);
#617=LINE('',#3669,#805);
#618=LINE('',#3670,#806);
#619=LINE('',#3674,#807);
#620=LINE('',#3676,#808);
#621=LINE('',#3678,#809);
#622=LINE('',#3679,#810);
#623=LINE('',#3683,#811);
#624=LINE('',#3685,#812);
#625=LINE('',#3690,#813);
#626=LINE('',#3697,#814);
#627=LINE('',#3706,#815);
#628=LINE('',#3739,#816);
#629=LINE('',#3741,#817);
#630=LINE('',#3742,#818);
#631=LINE('',#3744,#819);
#632=LINE('',#3745,#820);
#633=LINE('',#3747,#821);
#634=LINE('',#3748,#822);
#635=LINE('',#3750,#823);
#636=LINE('',#3752,#824);
#637=LINE('',#3785,#825);
#638=LINE('',#3819,#826);
#639=LINE('',#3876,#827);
#640=LINE('',#3877,#828);
#641=LINE('',#3878,#829);
#642=LINE('',#3880,#830);
#643=LINE('',#3882,#831);
#644=LINE('',#3883,#832);
#645=LINE('',#3887,#833);
#646=LINE('',#3889,#834);
#647=LINE('',#3890,#835);
#648=LINE('',#3892,#836);
#649=LINE('',#3894,#837);
#650=LINE('',#3895,#838);
#651=LINE('',#3898,#839);
#652=LINE('',#3900,#840);
#653=LINE('',#4047,#841);
#654=LINE('',#4056,#842);
#655=LINE('',#4059,#843);
#656=LINE('',#4096,#844);
#657=LINE('',#4099,#845);
#658=LINE('',#4114,#846);
#659=LINE('',#4117,#847);
#660=LINE('',#4136,#848);
#661=LINE('',#4142,#849);
#662=LINE('',#4147,#850);
#663=LINE('',#4150,#851);
#664=LINE('',#4156,#852);
#665=LINE('',#4162,#853);
#666=LINE('',#4167,#854);
#667=LINE('',#4173,#855);
#668=LINE('',#4176,#856);
#669=LINE('',#4184,#857);
#670=LINE('',#4225,#858);
#671=LINE('',#4256,#859);
#672=LINE('',#4258,#860);
#673=LINE('',#4280,#861);
#674=LINE('',#4468,#862);
#675=LINE('',#4472,#863);
#676=LINE('',#4474,#864);
#677=LINE('',#4476,#865);
#678=LINE('',#4484,#866);
#679=LINE('',#4486,#867);
#680=LINE('',#4488,#868);
#681=LINE('',#4489,#869);
#682=LINE('',#4518,#870);
#683=LINE('',#4520,#871);
#684=LINE('',#4522,#872);
#685=LINE('',#4524,#873);
#686=LINE('',#4525,#874);
#687=LINE('',#4699,#875);
#688=LINE('',#4702,#876);
#689=LINE('',#4756,#877);
#690=LINE('',#4758,#878);
#691=LINE('',#4760,#879);
#692=LINE('',#4762,#880);
#693=LINE('',#4763,#881);
#694=LINE('',#4768,#882);
#695=LINE('',#4770,#883);
#696=LINE('',#4771,#884);
#697=LINE('',#4774,#885);
#698=LINE('',#4775,#886);
#699=LINE('',#4778,#887);
#700=LINE('',#4779,#888);
#701=LINE('',#4782,#889);
#702=LINE('',#4783,#890);
#703=LINE('',#4786,#891);
#704=LINE('',#4788,#892);
#705=LINE('',#4789,#893);
#706=LINE('',#4791,#894);
#707=LINE('',#4792,#895);
#708=LINE('',#4797,#896);
#709=LINE('',#4798,#897);
#710=LINE('',#4801,#898);
#711=LINE('',#4802,#899);
#712=LINE('',#4808,#900);
#713=LINE('',#4811,#901);
#714=LINE('',#4813,#902);
#715=LINE('',#4814,#903);
#716=LINE('',#4818,#904);
#717=LINE('',#4822,#905);
#718=LINE('',#4824,#906);
#719=LINE('',#4853,#907);
#720=LINE('',#4857,#908);
#721=LINE('',#4863,#909);
#722=LINE('',#4864,#910);
#723=LINE('',#4867,#911);
#724=LINE('',#4868,#912);
#725=LINE('',#4871,#913);
#726=LINE('',#4874,#914);
#727=LINE('',#4879,#915);
#728=LINE('',#4883,#916);
#729=LINE('',#4887,#917);
#730=LINE('',#4889,#918);
#731=LINE('',#4893,#919);
#732=LINE('',#4895,#920);
#733=LINE('',#4902,#921);
#734=LINE('',#4904,#922);
#735=LINE('',#4908,#923);
#736=LINE('',#4914,#924);
#737=LINE('',#4919,#925);
#738=LINE('',#4924,#926);
#739=LINE('',#4925,#927);
#740=LINE('',#4928,#928);
#741=LINE('',#4933,#929);
#742=LINE('',#4934,#930);
#743=LINE('',#4936,#931);
#744=LINE('',#4942,#932);
#745=LINE('',#4943,#933);
#746=LINE('',#4944,#934);
#747=LINE('',#4948,#935);
#748=LINE('',#4951,#936);
#749=LINE('',#4954,#937);
#750=LINE('',#4956,#938);
#751=LINE('',#4960,#939);
#752=LINE('',#4962,#940);
#753=LINE('',#4965,#941);
#754=LINE('',#4966,#942);
#755=LINE('',#4968,#943);
#756=LINE('',#4970,#944);
#757=LINE('',#4975,#945);
#758=LINE('',#4981,#946);
#759=LINE('',#4988,#947);
#760=LINE('',#4998,#948);
#761=LINE('',#5000,#949);
#762=LINE('',#5005,#950);
#763=LINE('',#5007,#951);
#764=LINE('',#5011,#952);
#765=LINE('',#5015,#953);
#766=LINE('',#5017,#954);
#767=LINE('',#5018,#955);
#768=LINE('',#5024,#956);
#769=LINE('',#5027,#957);
#770=LINE('',#5054,#958);
#771=LINE('',#5061,#959);
#772=LINE('',#5064,#960);
#773=LINE('',#5069,#961);
#774=LINE('',#5071,#962);
#775=LINE('',#5075,#963);
#776=LINE('',#5077,#964);
#777=LINE('',#5079,#965);
#778=LINE('',#5082,#966);
#779=LINE('',#5098,#967);
#780=LINE('',#5101,#968);
#781=VECTOR('',#2900,10.);
#782=VECTOR('',#2901,10.);
#783=VECTOR('',#2902,10.);
#784=VECTOR('',#2903,10.);
#785=VECTOR('',#2906,10.);
#786=VECTOR('',#2907,10.);
#787=VECTOR('',#2908,10.);
#788=VECTOR('',#2911,10.);
#789=VECTOR('',#2912,10.);
#790=VECTOR('',#2913,10.);
#791=VECTOR('',#2914,10.);
#792=VECTOR('',#2921,10.);
#793=VECTOR('',#2928,10.);
#794=VECTOR('',#2935,10.);
#795=VECTOR('',#2936,10.);
#796=VECTOR('',#2939,10.);
#797=VECTOR('',#2940,10.);
#798=VECTOR('',#2943,10.);
#799=VECTOR('',#2944,10.);
#800=VECTOR('',#2945,10.);
#801=VECTOR('',#2948,10.);
#802=VECTOR('',#2951,10.);
#803=VECTOR('',#2956,10.);
#804=VECTOR('',#2957,10.);
#805=VECTOR('',#2958,10.);
#806=VECTOR('',#2959,10.);
#807=VECTOR('',#2962,10.);
#808=VECTOR('',#2963,10.);
#809=VECTOR('',#2964,10.);
#810=VECTOR('',#2965,10.);
#811=VECTOR('',#2968,10.);
#812=VECTOR('',#2969,10.);
#813=VECTOR('',#2970,10.);
#814=VECTOR('',#2977,10.);
#815=VECTOR('',#2986,10.);
#816=VECTOR('',#2991,10.);
#817=VECTOR('',#2992,10.);
#818=VECTOR('',#2993,10.);
#819=VECTOR('',#2996,10.);
#820=VECTOR('',#2997,10.);
#821=VECTOR('',#3000,10.);
#822=VECTOR('',#3001,10.);
#823=VECTOR('',#3004,10.);
#824=VECTOR('',#3007,10.);
#825=VECTOR('',#3012,2.7);
#826=VECTOR('',#3023,2.7);
#827=VECTOR('',#3030,10.);
#828=VECTOR('',#3031,10.);
#829=VECTOR('',#3032,10.);
#830=VECTOR('',#3035,10.);
#831=VECTOR('',#3036,10.);
#832=VECTOR('',#3037,10.);
#833=VECTOR('',#3040,10.);
#834=VECTOR('',#3041,10.);
#835=VECTOR('',#3042,10.);
#836=VECTOR('',#3043,10.);
#837=VECTOR('',#3044,10.);
#838=VECTOR('',#3045,10.);
#839=VECTOR('',#3048,10.);
#840=VECTOR('',#3049,10.);
#841=VECTOR('',#3066,10.);
#842=VECTOR('',#3067,10.);
#843=VECTOR('',#3070,10.);
#844=VECTOR('',#3071,10.);
#845=VECTOR('',#3074,10.);
#846=VECTOR('',#3079,10.);
#847=VECTOR('',#3082,10.);
#848=VECTOR('',#3085,10.);
#849=VECTOR('',#3088,10.);
#850=VECTOR('',#3089,10.);
#851=VECTOR('',#3092,10.);
#852=VECTOR('',#3095,10.);
#853=VECTOR('',#3104,10.);
#854=VECTOR('',#3111,10.);
#855=VECTOR('',#3114,10.);
#856=VECTOR('',#3117,10.);
#857=VECTOR('',#3122,10.);
#858=VECTOR('',#3131,10.);
#859=VECTOR('',#3140,10.5500001117587);
#860=VECTOR('',#3141,10.5500001117587);
#861=VECTOR('',#3152,10.5500001117587);
#862=VECTOR('',#3171,10.);
#863=VECTOR('',#3174,10.);
#864=VECTOR('',#3175,10.);
#865=VECTOR('',#3176,10.);
#866=VECTOR('',#3185,10.);
#867=VECTOR('',#3186,10.);
#868=VECTOR('',#3187,10.);
#869=VECTOR('',#3188,10.);
#870=VECTOR('',#3209,10.);
#871=VECTOR('',#3210,10.);
#872=VECTOR('',#3211,10.);
#873=VECTOR('',#3212,10.);
#874=VECTOR('',#3213,10.);
#875=VECTOR('',#3228,1.5);
#876=VECTOR('',#3231,1.5);
#877=VECTOR('',#3242,10.);
#878=VECTOR('',#3243,10.);
#879=VECTOR('',#3244,10.);
#880=VECTOR('',#3245,10.);
#881=VECTOR('',#3246,10.);
#882=VECTOR('',#3251,10.);
#883=VECTOR('',#3252,10.);
#884=VECTOR('',#3253,10.);
#885=VECTOR('',#3256,10.);
#886=VECTOR('',#3257,10.);
#887=VECTOR('',#3260,10.);
#888=VECTOR('',#3261,10.);
#889=VECTOR('',#3264,10.);
#890=VECTOR('',#3265,10.);
#891=VECTOR('',#3268,10.);
#892=VECTOR('',#3269,10.);
#893=VECTOR('',#3270,10.);
#894=VECTOR('',#3271,10.);
#895=VECTOR('',#3272,10.);
#896=VECTOR('',#3277,10.);
#897=VECTOR('',#3278,10.);
#898=VECTOR('',#3281,10.);
#899=VECTOR('',#3282,10.);
#900=VECTOR('',#3285,10.);
#901=VECTOR('',#3288,10.);
#902=VECTOR('',#3289,10.);
#903=VECTOR('',#3290,10.);
#904=VECTOR('',#3295,1.5);
#905=VECTOR('',#3300,1.5);
#906=VECTOR('',#3303,10.);
#907=VECTOR('',#3330,1.5);
#908=VECTOR('',#3335,1.5);
#909=VECTOR('',#3344,10.);
#910=VECTOR('',#3345,10.);
#911=VECTOR('',#3348,10.);
#912=VECTOR('',#3349,10.);
#913=VECTOR('',#3354,10.);
#914=VECTOR('',#3357,3.50000005215406);
#915=VECTOR('',#3362,10.);
#916=VECTOR('',#3365,10.);
#917=VECTOR('',#3370,10.);
#918=VECTOR('',#3371,10.);
#919=VECTOR('',#3376,10.);
#920=VECTOR('',#3377,10.);
#921=VECTOR('',#3388,10.);
#922=VECTOR('',#3389,10.);
#923=VECTOR('',#3392,10.);
#924=VECTOR('',#3397,10.);
#925=VECTOR('',#3402,10.);
#926=VECTOR('',#3403,10.);
#927=VECTOR('',#3404,10.);
#928=VECTOR('',#3407,10.);
#929=VECTOR('',#3412,10.);
#930=VECTOR('',#3413,10.);
#931=VECTOR('',#3414,10.);
#932=VECTOR('',#3417,10.);
#933=VECTOR('',#3418,10.);
#934=VECTOR('',#3419,10.);
#935=VECTOR('',#3422,10.);
#936=VECTOR('',#3427,10.);
#937=VECTOR('',#3430,10.);
#938=VECTOR('',#3431,10.);
#939=VECTOR('',#3436,10.);
#940=VECTOR('',#3437,10.);
#941=VECTOR('',#3442,10.);
#942=VECTOR('',#3443,10.);
#943=VECTOR('',#3446,10.);
#944=VECTOR('',#3449,10.);
#945=VECTOR('',#3456,4.00000005960464);
#946=VECTOR('',#3467,10.);
#947=VECTOR('',#3476,10.);
#948=VECTOR('',#3483,10.);
#949=VECTOR('',#3486,10.);
#950=VECTOR('',#3491,10.);
#951=VECTOR('',#3492,10.);
#952=VECTOR('',#3497,10.);
#953=VECTOR('',#3500,10.);
#954=VECTOR('',#3501,10.);
#955=VECTOR('',#3502,10.);
#956=VECTOR('',#3505,10.);
#957=VECTOR('',#3508,10.);
#958=VECTOR('',#3525,10.);
#959=VECTOR('',#3528,10.);
#960=VECTOR('',#3533,10.);
#961=VECTOR('',#3538,10.);
#962=VECTOR('',#3539,10.);
#963=VECTOR('',#3544,10.);
#964=VECTOR('',#3545,10.);
#965=VECTOR('',#3546,10.);
#966=VECTOR('',#3549,10.);
#967=VECTOR('',#3560,10.);
#968=VECTOR('',#3563,10.);
#969=VERTEX_POINT('',#3570);
#970=VERTEX_POINT('',#3571);
#971=VERTEX_POINT('',#3573);
#972=VERTEX_POINT('',#3575);
#973=VERTEX_POINT('',#3579);
#974=VERTEX_POINT('',#3580);
#975=VERTEX_POINT('',#3582);
#976=VERTEX_POINT('',#3584);
#977=VERTEX_POINT('',#3590);
#978=VERTEX_POINT('',#3591);
#979=VERTEX_POINT('',#3593);
#980=VERTEX_POINT('',#3595);
#981=VERTEX_POINT('',#3599);
#982=VERTEX_POINT('',#3601);
#983=VERTEX_POINT('',#3603);
#984=VERTEX_POINT('',#3605);
#985=VERTEX_POINT('',#3608);
#986=VERTEX_POINT('',#3613);
#987=VERTEX_POINT('',#3615);
#988=VERTEX_POINT('',#3624);
#989=VERTEX_POINT('',#3640);
#990=VERTEX_POINT('',#3642);
#991=VERTEX_POINT('',#3646);
#992=VERTEX_POINT('',#3653);
#993=VERTEX_POINT('',#3663);
#994=VERTEX_POINT('',#3664);
#995=VERTEX_POINT('',#3666);
#996=VERTEX_POINT('',#3668);
#997=VERTEX_POINT('',#3672);
#998=VERTEX_POINT('',#3673);
#999=VERTEX_POINT('',#3675);
#1000=VERTEX_POINT('',#3677);
#1001=VERTEX_POINT('',#3681);
#1002=VERTEX_POINT('',#3682);
#1003=VERTEX_POINT('',#3684);
#1004=VERTEX_POINT('',#3686);
#1005=VERTEX_POINT('',#3692);
#1006=VERTEX_POINT('',#3694);
#1007=VERTEX_POINT('',#3696);
#1008=VERTEX_POINT('',#3698);
#1009=VERTEX_POINT('',#3701);
#1010=VERTEX_POINT('',#3703);
#1011=VERTEX_POINT('',#3705);
#1012=VERTEX_POINT('',#3707);
#1013=VERTEX_POINT('',#3722);
#1014=VERTEX_POINT('',#3731);
#1015=VERTEX_POINT('',#3738);
#1016=VERTEX_POINT('',#3740);
#1017=VERTEX_POINT('',#3755);
#1018=VERTEX_POINT('',#3756);
#1019=VERTEX_POINT('',#3777);
#1020=VERTEX_POINT('',#3784);
#1021=VERTEX_POINT('',#3786);
#1022=VERTEX_POINT('',#3788);
#1023=VERTEX_POINT('',#3815);
#1024=VERTEX_POINT('',#3816);
#1025=VERTEX_POINT('',#3818);
#1026=VERTEX_POINT('',#3820);
#1027=VERTEX_POINT('',#3827);
#1028=VERTEX_POINT('',#3871);
#1029=VERTEX_POINT('',#3875);
#1030=VERTEX_POINT('',#3881);
#1031=VERTEX_POINT('',#3885);
#1032=VERTEX_POINT('',#3886);
#1033=VERTEX_POINT('',#3888);
#1034=VERTEX_POINT('',#3891);
#1035=VERTEX_POINT('',#3893);
#1036=VERTEX_POINT('',#3897);
#1037=VERTEX_POINT('',#3899);
#1038=VERTEX_POINT('',#3905);
#1039=VERTEX_POINT('',#3906);
#1040=VERTEX_POINT('',#3908);
#1041=VERTEX_POINT('',#3912);
#1042=VERTEX_POINT('',#3916);
#1043=VERTEX_POINT('',#3918);
#1044=VERTEX_POINT('',#3922);
#1045=VERTEX_POINT('',#3939);
#1046=VERTEX_POINT('',#3943);
#1047=VERTEX_POINT('',#3950);
#1048=VERTEX_POINT('',#3957);
#1049=VERTEX_POINT('',#3961);
#1050=VERTEX_POINT('',#3982);
#1051=VERTEX_POINT('',#3983);
#1052=VERTEX_POINT('',#3985);
#1053=VERTEX_POINT('',#3989);
#1054=VERTEX_POINT('',#4014);
#1055=VERTEX_POINT('',#4015);
#1056=VERTEX_POINT('',#4036);
#1057=VERTEX_POINT('',#4040);
#1058=VERTEX_POINT('',#4046);
#1059=VERTEX_POINT('',#4048);
#1060=VERTEX_POINT('',#4052);
#1061=VERTEX_POINT('',#4058);
#1062=VERTEX_POINT('',#4060);
#1063=VERTEX_POINT('',#4065);
#1064=VERTEX_POINT('',#4070);
#1065=VERTEX_POINT('',#4077);
#1066=VERTEX_POINT('',#4098);
#1067=VERTEX_POINT('',#4100);
#1068=VERTEX_POINT('',#4108);
#1069=VERTEX_POINT('',#4110);
#1070=VERTEX_POINT('',#4116);
#1071=VERTEX_POINT('',#4135);
#1072=VERTEX_POINT('',#4141);
#1073=VERTEX_POINT('',#4143);
#1074=VERTEX_POINT('',#4149);
#1075=VERTEX_POINT('',#4155);
#1076=VERTEX_POINT('',#4161);
#1077=VERTEX_POINT('',#4165);
#1078=VERTEX_POINT('',#4169);
#1079=VERTEX_POINT('',#4175);
#1080=VERTEX_POINT('',#4177);
#1081=VERTEX_POINT('',#4183);
#1082=VERTEX_POINT('',#4185);
#1083=VERTEX_POINT('',#4211);
#1084=VERTEX_POINT('',#4224);
#1085=VERTEX_POINT('',#4254);
#1086=VERTEX_POINT('',#4257);
#1087=VERTEX_POINT('',#4259);
#1088=VERTEX_POINT('',#4261);
#1089=VERTEX_POINT('',#4263);
#1090=VERTEX_POINT('',#4268);
#1091=VERTEX_POINT('',#4270);
#1092=VERTEX_POINT('',#4275);
#1093=VERTEX_POINT('',#4277);
#1094=VERTEX_POINT('',#4279);
#1095=VERTEX_POINT('',#4282);
#1096=VERTEX_POINT('',#4284);
#1097=VERTEX_POINT('',#4286);
#1098=VERTEX_POINT('',#4291);
#1099=VERTEX_POINT('',#4293);
#1100=VERTEX_POINT('',#4298);
#1101=VERTEX_POINT('',#4301);
#1102=VERTEX_POINT('',#4310);
#1103=VERTEX_POINT('',#4323);
#1104=VERTEX_POINT('',#4347);
#1105=VERTEX_POINT('',#4382);
#1106=VERTEX_POINT('',#4389);
#1107=VERTEX_POINT('',#4394);
#1108=VERTEX_POINT('',#4420);
#1109=VERTEX_POINT('',#4421);
#1110=VERTEX_POINT('',#4467);
#1111=VERTEX_POINT('',#4469);
#1112=VERTEX_POINT('',#4471);
#1113=VERTEX_POINT('',#4473);
#1114=VERTEX_POINT('',#4475);
#1115=VERTEX_POINT('',#4478);
#1116=VERTEX_POINT('',#4480);
#1117=VERTEX_POINT('',#4483);
#1118=VERTEX_POINT('',#4485);
#1119=VERTEX_POINT('',#4487);
#1120=VERTEX_POINT('',#4491);
#1121=VERTEX_POINT('',#4493);
#1122=VERTEX_POINT('',#4495);
#1123=VERTEX_POINT('',#4497);
#1124=VERTEX_POINT('',#4502);
#1125=VERTEX_POINT('',#4504);
#1126=VERTEX_POINT('',#4509);
#1127=VERTEX_POINT('',#4511);
#1128=VERTEX_POINT('',#4515);
#1129=VERTEX_POINT('',#4517);
#1130=VERTEX_POINT('',#4519);
#1131=VERTEX_POINT('',#4521);
#1132=VERTEX_POINT('',#4523);
#1133=VERTEX_POINT('',#4526);
#1134=VERTEX_POINT('',#4529);
#1135=VERTEX_POINT('',#4533);
#1136=VERTEX_POINT('',#4537);
#1137=VERTEX_POINT('',#4545);
#1138=VERTEX_POINT('',#4554);
#1139=VERTEX_POINT('',#4561);
#1140=VERTEX_POINT('',#4591);
#1141=VERTEX_POINT('',#4592);
#1142=VERTEX_POINT('',#4637);
#1143=VERTEX_POINT('',#4639);
#1144=VERTEX_POINT('',#4643);
#1145=VERTEX_POINT('',#4647);
#1146=VERTEX_POINT('',#4655);
#1147=VERTEX_POINT('',#4656);
#1148=VERTEX_POINT('',#4701);
#1149=VERTEX_POINT('',#4703);
#1150=VERTEX_POINT('',#4748);
#1151=VERTEX_POINT('',#4755);
#1152=VERTEX_POINT('',#4757);
#1153=VERTEX_POINT('',#4759);
#1154=VERTEX_POINT('',#4761);
#1155=VERTEX_POINT('',#4764);
#1156=VERTEX_POINT('',#4767);
#1157=VERTEX_POINT('',#4769);
#1158=VERTEX_POINT('',#4773);
#1159=VERTEX_POINT('',#4777);
#1160=VERTEX_POINT('',#4781);
#1161=VERTEX_POINT('',#4785);
#1162=VERTEX_POINT('',#4787);
#1163=VERTEX_POINT('',#4790);
#1164=VERTEX_POINT('',#4793);
#1165=VERTEX_POINT('',#4796);
#1166=VERTEX_POINT('',#4800);
#1167=VERTEX_POINT('',#4804);
#1168=VERTEX_POINT('',#4810);
#1169=VERTEX_POINT('',#4812);
#1170=VERTEX_POINT('',#4816);
#1171=VERTEX_POINT('',#4820);
#1172=VERTEX_POINT('',#4828);
#1173=VERTEX_POINT('',#4837);
#1174=VERTEX_POINT('',#4852);
#1175=VERTEX_POINT('',#4856);
#1176=VERTEX_POINT('',#4862);
#1177=VERTEX_POINT('',#4866);
#1178=VERTEX_POINT('',#4873);
#1179=VERTEX_POINT('',#4877);
#1180=VERTEX_POINT('',#4878);
#1181=VERTEX_POINT('',#4880);
#1182=VERTEX_POINT('',#4882);
#1183=VERTEX_POINT('',#4886);
#1184=VERTEX_POINT('',#4888);
#1185=VERTEX_POINT('',#4892);
#1186=VERTEX_POINT('',#4894);
#1187=VERTEX_POINT('',#4901);
#1188=VERTEX_POINT('',#4903);
#1189=VERTEX_POINT('',#4905);
#1190=VERTEX_POINT('',#4907);
#1191=VERTEX_POINT('',#4909);
#1192=VERTEX_POINT('',#4911);
#1193=VERTEX_POINT('',#4913);
#1194=VERTEX_POINT('',#4917);
#1195=VERTEX_POINT('',#4918);
#1196=VERTEX_POINT('',#4920);
#1197=VERTEX_POINT('',#4927);
#1198=VERTEX_POINT('',#4931);
#1199=VERTEX_POINT('',#4932);
#1200=VERTEX_POINT('',#4935);
#1201=VERTEX_POINT('',#4941);
#1202=VERTEX_POINT('',#4945);
#1203=VERTEX_POINT('',#4947);
#1204=VERTEX_POINT('',#4953);
#1205=VERTEX_POINT('',#4955);
#1206=VERTEX_POINT('',#4959);
#1207=VERTEX_POINT('',#4961);
#1208=VERTEX_POINT('',#4974);
#1209=VERTEX_POINT('',#4986);
#1210=VERTEX_POINT('',#4987);
#1211=VERTEX_POINT('',#4989);
#1212=VERTEX_POINT('',#4996);
#1213=VERTEX_POINT('',#5003);
#1214=VERTEX_POINT('',#5004);
#1215=VERTEX_POINT('',#5006);
#1216=VERTEX_POINT('',#5010);
#1217=VERTEX_POINT('',#5012);
#1218=VERTEX_POINT('',#5014);
#1219=VERTEX_POINT('',#5016);
#1220=VERTEX_POINT('',#5020);
#1221=VERTEX_POINT('',#5026);
#1222=VERTEX_POINT('',#5035);
#1223=VERTEX_POINT('',#5050);
#1224=VERTEX_POINT('',#5051);
#1225=VERTEX_POINT('',#5053);
#1226=VERTEX_POINT('',#5060);
#1227=VERTEX_POINT('',#5067);
#1228=VERTEX_POINT('',#5068);
#1229=VERTEX_POINT('',#5070);
#1230=VERTEX_POINT('',#5074);
#1231=VERTEX_POINT('',#5076);
#1232=VERTEX_POINT('',#5078);
#1233=VERTEX_POINT('',#5080);
#1234=VERTEX_POINT('',#5084);
#1235=VERTEX_POINT('',#5091);
#1236=VERTEX_POINT('',#5100);
#1237=EDGE_CURVE('',#969,#970,#593,.T.);
#1238=EDGE_CURVE('',#971,#969,#594,.T.);
#1239=EDGE_CURVE('',#971,#972,#595,.T.);
#1240=EDGE_CURVE('',#972,#970,#596,.T.);
#1241=EDGE_CURVE('',#973,#974,#597,.T.);
#1242=EDGE_CURVE('',#975,#974,#598,.T.);
#1243=EDGE_CURVE('',#976,#975,#260,.T.);
#1244=EDGE_CURVE('',#973,#976,#599,.T.);
#1245=EDGE_CURVE('',#977,#978,#600,.T.);
#1246=EDGE_CURVE('',#979,#978,#601,.T.);
#1247=EDGE_CURVE('',#980,#979,#602,.T.);
#1248=EDGE_CURVE('',#977,#980,#603,.T.);
#1249=EDGE_CURVE('',#978,#981,#188,.T.);
#1250=EDGE_CURVE('',#981,#982,#189,.T.);
#1251=EDGE_CURVE('',#982,#983,#604,.T.);
#1252=EDGE_CURVE('',#983,#984,#190,.T.);
#1253=EDGE_CURVE('',#984,#973,#191,.T.);
#1254=EDGE_CURVE('',#985,#976,#122,.T.);
#1255=EDGE_CURVE('',#986,#985,#192,.T.);
#1256=EDGE_CURVE('',#987,#986,#123,.T.);
#1257=EDGE_CURVE('',#988,#987,#124,.T.);
#1258=EDGE_CURVE('',#989,#988,#605,.T.);
#1259=EDGE_CURVE('',#989,#990,#193,.T.);
#1260=EDGE_CURVE('',#979,#990,#57,.T.);
#1261=EDGE_CURVE('',#981,#991,#606,.T.);
#1262=EDGE_CURVE('',#991,#982,#607,.T.);
#1263=EDGE_CURVE('',#970,#977,#608,.T.);
#1264=EDGE_CURVE('',#972,#981,#609,.T.);
#1265=EDGE_CURVE('',#992,#984,#610,.T.);
#1266=EDGE_CURVE('',#991,#992,#611,.T.);
#1267=EDGE_CURVE('',#984,#971,#612,.T.);
#1268=EDGE_CURVE('',#974,#969,#613,.T.);
#1269=EDGE_CURVE('',#992,#983,#614,.T.);
#1270=EDGE_CURVE('',#993,#994,#615,.T.);
#1271=EDGE_CURVE('',#995,#993,#616,.T.);
#1272=EDGE_CURVE('',#996,#995,#617,.T.);
#1273=EDGE_CURVE('',#996,#994,#618,.T.);
#1274=EDGE_CURVE('',#997,#998,#619,.T.);
#1275=EDGE_CURVE('',#999,#998,#620,.T.);
#1276=EDGE_CURVE('',#1000,#999,#621,.T.);
#1277=EDGE_CURVE('',#997,#1000,#622,.T.);
#1278=EDGE_CURVE('',#1001,#1002,#623,.T.);
#1279=EDGE_CURVE('',#1003,#1002,#624,.T.);
#1280=EDGE_CURVE('',#1004,#1003,#261,.T.);
#1281=EDGE_CURVE('',#1001,#1004,#625,.T.);
#1282=EDGE_CURVE('',#1002,#1005,#194,.T.);
#1283=EDGE_CURVE('',#1005,#1006,#195,.T.);
#1284=EDGE_CURVE('',#1006,#1007,#626,.T.);
#1285=EDGE_CURVE('',#1007,#1008,#196,.T.);
#1286=EDGE_CURVE('',#1008,#997,#197,.T.);
#1287=EDGE_CURVE('',#1009,#1000,#58,.T.);
#1288=EDGE_CURVE('',#1009,#1010,#198,.T.);
#1289=EDGE_CURVE('',#1011,#1010,#627,.T.);
#1290=EDGE_CURVE('',#1012,#1011,#125,.T.);
#1291=EDGE_CURVE('',#1013,#1012,#126,.T.);
#1292=EDGE_CURVE('',#1014,#1013,#199,.T.);
#1293=EDGE_CURVE('',#1003,#1014,#127,.T.);
#1294=EDGE_CURVE('',#1015,#1006,#628,.T.);
#1295=EDGE_CURVE('',#1016,#1015,#629,.T.);
#1296=EDGE_CURVE('',#1016,#1007,#630,.T.);
#1297=EDGE_CURVE('',#995,#1008,#631,.T.);
#1298=EDGE_CURVE('',#998,#993,#632,.T.);
#1299=EDGE_CURVE('',#994,#1001,#633,.T.);
#1300=EDGE_CURVE('',#1005,#996,#634,.T.);
#1301=EDGE_CURVE('',#1015,#1005,#635,.T.);
#1302=EDGE_CURVE('',#1008,#1016,#636,.T.);
#1303=EDGE_CURVE('',#1017,#1018,#128,.T.);
#1304=EDGE_CURVE('',#1019,#1017,#129,.T.);
#1305=EDGE_CURVE('',#1019,#1020,#637,.T.);
#1306=EDGE_CURVE('',#1020,#1021,#200,.T.);
#1307=EDGE_CURVE('',#1022,#1021,#59,.T.);
#1308=EDGE_CURVE('',#1022,#1020,#201,.T.);
#1309=EDGE_CURVE('',#1018,#1019,#130,.T.);
#1310=EDGE_CURVE('',#1023,#1024,#202,.T.);
#1311=EDGE_CURVE('',#1024,#1025,#638,.T.);
#1312=EDGE_CURVE('',#1026,#1025,#131,.T.);
#1313=EDGE_CURVE('',#1027,#1026,#132,.T.);
#1314=EDGE_CURVE('',#1025,#1027,#133,.T.);
#1315=EDGE_CURVE('',#1024,#1028,#203,.T.);
#1316=EDGE_CURVE('',#1023,#1028,#60,.T.);
#1317=EDGE_CURVE('',#1021,#1029,#639,.T.);
#1318=EDGE_CURVE('',#980,#1029,#640,.T.);
#1319=EDGE_CURVE('',#990,#1022,#641,.T.);
#1320=EDGE_CURVE('',#1028,#1009,#642,.T.);
#1321=EDGE_CURVE('',#1030,#999,#643,.T.);
#1322=EDGE_CURVE('',#1030,#1023,#644,.T.);
#1323=EDGE_CURVE('',#1031,#1032,#645,.T.);
#1324=EDGE_CURVE('',#1032,#1033,#646,.T.);
#1325=EDGE_CURVE('',#1029,#1033,#647,.T.);
#1326=EDGE_CURVE('',#1034,#989,#648,.T.);
#1327=EDGE_CURVE('',#1035,#1034,#649,.T.);
#1328=EDGE_CURVE('',#1035,#1031,#650,.T.);
#1329=EDGE_CURVE('',#1010,#1036,#651,.T.);
#1330=EDGE_CURVE('',#1037,#1036,#652,.T.);
#1331=EDGE_CURVE('',#1011,#1037,#262,.T.);
#1332=EDGE_CURVE('',#1038,#1039,#61,.T.);
#1333=EDGE_CURVE('',#1040,#1038,#263,.T.);
#1334=EDGE_CURVE('',#1041,#1040,#264,.T.);
#1335=EDGE_CURVE('',#1042,#1041,#62,.T.);
#1336=EDGE_CURVE('',#1043,#1042,#265,.T.);
#1337=EDGE_CURVE('',#1044,#1043,#134,.T.);
#1338=EDGE_CURVE('',#1045,#1044,#266,.T.);
#1339=EDGE_CURVE('',#1046,#1045,#135,.T.);
#1340=EDGE_CURVE('',#1047,#1046,#136,.T.);
#1341=EDGE_CURVE('',#1048,#1047,#267,.T.);
#1342=EDGE_CURVE('',#1049,#1048,#137,.T.);
#1343=EDGE_CURVE('',#1039,#1049,#268,.T.);
#1344=EDGE_CURVE('',#1050,#1051,#63,.T.);
#1345=EDGE_CURVE('',#1052,#1050,#269,.T.);
#1346=EDGE_CURVE('',#1053,#1052,#138,.T.);
#1347=EDGE_CURVE('',#1051,#1053,#270,.T.);
#1348=EDGE_CURVE('',#1054,#1055,#139,.T.);
#1349=EDGE_CURVE('',#1056,#1054,#271,.T.);
#1350=EDGE_CURVE('',#1057,#1056,#64,.T.);
#1351=EDGE_CURVE('',#1055,#1057,#272,.T.);
#1352=EDGE_CURVE('',#1058,#1054,#653,.T.);
#1353=EDGE_CURVE('',#1059,#1058,#273,.T.);
#1354=EDGE_CURVE('',#1060,#1059,#274,.T.);
#1355=EDGE_CURVE('',#1060,#1056,#654,.T.);
#1356=EDGE_CURVE('',#1061,#1052,#655,.T.);
#1357=EDGE_CURVE('',#1062,#1061,#140,.T.);
#1358=EDGE_CURVE('',#1063,#1062,#141,.T.);
#1359=EDGE_CURVE('',#1064,#1063,#142,.T.);
#1360=EDGE_CURVE('',#1065,#1064,#143,.T.);
#1361=EDGE_CURVE('',#1065,#1053,#656,.T.);
#1362=EDGE_CURVE('',#1066,#1050,#657,.T.);
#1363=EDGE_CURVE('',#1067,#1066,#275,.T.);
#1364=EDGE_CURVE('',#1061,#1067,#276,.T.);
#1365=EDGE_CURVE('',#1044,#1068,#204,.T.);
#1366=EDGE_CURVE('',#1069,#1068,#277,.T.);
#1367=EDGE_CURVE('',#1045,#1069,#658,.T.);
#1368=EDGE_CURVE('',#1043,#1070,#659,.T.);
#1369=EDGE_CURVE('',#1068,#1070,#144,.T.);
#1370=EDGE_CURVE('',#1042,#1071,#660,.T.);
#1371=EDGE_CURVE('',#1070,#1071,#278,.T.);
#1372=EDGE_CURVE('',#1072,#1040,#661,.T.);
#1373=EDGE_CURVE('',#1073,#1072,#279,.T.);
#1374=EDGE_CURVE('',#1041,#1073,#662,.T.);
#1375=EDGE_CURVE('',#1038,#1074,#663,.T.);
#1376=EDGE_CURVE('',#1072,#1074,#280,.T.);
#1377=EDGE_CURVE('',#1075,#1051,#664,.T.);
#1378=EDGE_CURVE('',#1066,#1075,#65,.T.);
#1379=EDGE_CURVE('',#1071,#1073,#66,.T.);
#1380=EDGE_CURVE('',#1039,#1076,#665,.T.);
#1381=EDGE_CURVE('',#1074,#1076,#67,.T.);
#1382=EDGE_CURVE('',#1077,#1060,#68,.T.);
#1383=EDGE_CURVE('',#1077,#1057,#666,.T.);
#1384=EDGE_CURVE('',#1078,#988,#281,.T.);
#1385=EDGE_CURVE('',#1034,#1078,#667,.T.);
#1386=EDGE_CURVE('',#1047,#1079,#668,.T.);
#1387=EDGE_CURVE('',#1080,#1079,#282,.T.);
#1388=EDGE_CURVE('',#1048,#1080,#205,.T.);
#1389=EDGE_CURVE('',#1081,#1055,#669,.T.);
#1390=EDGE_CURVE('',#1082,#1081,#145,.T.);
#1391=EDGE_CURVE('',#1058,#1082,#146,.T.);
#1392=EDGE_CURVE('',#1083,#1046,#206,.T.);
#1393=EDGE_CURVE('',#1079,#1083,#147,.T.);
#1394=EDGE_CURVE('',#1081,#1077,#283,.T.);
#1395=EDGE_CURVE('',#1049,#1084,#670,.T.);
#1396=EDGE_CURVE('',#1076,#1084,#284,.T.);
#1397=EDGE_CURVE('',#1084,#1080,#148,.T.);
#1398=EDGE_CURVE('',#1083,#1069,#149,.T.);
#1399=EDGE_CURVE('',#1085,#1085,#69,.T.);
#1400=EDGE_CURVE('',#1085,#1072,#671,.T.);
#1401=EDGE_CURVE('',#1083,#1086,#672,.T.);
#1402=EDGE_CURVE('',#1087,#1086,#207,.T.);
#1403=EDGE_CURVE('',#1087,#1088,#208,.T.);
#1404=EDGE_CURVE('',#1089,#1088,#150,.T.);
#1405=EDGE_CURVE('',#1090,#1089,#209,.T.);
#1406=EDGE_CURVE('',#1091,#1090,#151,.T.);
#1407=EDGE_CURVE('',#1092,#1091,#210,.T.);
#1408=EDGE_CURVE('',#1092,#1093,#211,.T.);
#1409=EDGE_CURVE('',#1093,#1094,#673,.T.);
#1410=EDGE_CURVE('',#1094,#1094,#70,.T.);
#1411=EDGE_CURVE('',#1093,#1095,#212,.T.);
#1412=EDGE_CURVE('',#1096,#1095,#213,.T.);
#1413=EDGE_CURVE('',#1097,#1096,#152,.T.);
#1414=EDGE_CURVE('',#1098,#1097,#214,.T.);
#1415=EDGE_CURVE('',#1099,#1098,#153,.T.);
#1416=EDGE_CURVE('',#1099,#1100,#215,.T.);
#1417=EDGE_CURVE('',#1086,#1100,#216,.T.);
#1418=EDGE_CURVE('',#1101,#1059,#154,.T.);
#1419=EDGE_CURVE('',#1101,#1102,#155,.T.);
#1420=EDGE_CURVE('',#1102,#1103,#156,.T.);
#1421=EDGE_CURVE('',#1067,#1103,#157,.T.);
#1422=EDGE_CURVE('',#1075,#1065,#285,.T.);
#1423=EDGE_CURVE('',#1104,#1064,#158,.T.);
#1424=EDGE_CURVE('',#1105,#1104,#159,.T.);
#1425=EDGE_CURVE('',#1106,#1105,#160,.T.);
#1426=EDGE_CURVE('',#1107,#1106,#161,.T.);
#1427=EDGE_CURVE('',#1082,#1107,#162,.T.);
#1428=EDGE_CURVE('',#1108,#1109,#163,.T.);
#1429=EDGE_CURVE('',#1109,#1108,#164,.T.);
#1430=EDGE_CURVE('',#1037,#1078,#71,.T.);
#1431=EDGE_CURVE('',#1036,#1110,#674,.T.);
#1432=EDGE_CURVE('',#1110,#1111,#72,.T.);
#1433=EDGE_CURVE('',#1111,#1112,#675,.T.);
#1434=EDGE_CURVE('',#1112,#1113,#676,.T.);
#1435=EDGE_CURVE('',#1113,#1114,#677,.T.);
#1436=EDGE_CURVE('',#1114,#1035,#73,.T.);
#1437=EDGE_CURVE('',#1115,#1115,#74,.T.);
#1438=EDGE_CURVE('',#1116,#1116,#75,.T.);
#1439=EDGE_CURVE('',#1117,#1030,#678,.T.);
#1440=EDGE_CURVE('',#1118,#1117,#679,.T.);
#1441=EDGE_CURVE('',#1118,#1119,#680,.T.);
#1442=EDGE_CURVE('',#1119,#1110,#681,.T.);
#1443=EDGE_CURVE('',#987,#1120,#76,.T.);
#1444=EDGE_CURVE('',#1121,#1120,#77,.T.);
#1445=EDGE_CURVE('',#1121,#1122,#217,.T.);
#1446=EDGE_CURVE('',#1123,#1122,#165,.T.);
#1447=EDGE_CURVE('',#1123,#1124,#218,.T.);
#1448=EDGE_CURVE('',#1125,#1124,#166,.T.);
#1449=EDGE_CURVE('',#1125,#1126,#219,.T.);
#1450=EDGE_CURVE('',#1127,#1126,#78,.T.);
#1451=EDGE_CURVE('',#1012,#1127,#79,.T.);
#1452=EDGE_CURVE('',#1128,#1004,#80,.T.);
#1453=EDGE_CURVE('',#1129,#1128,#682,.T.);
#1454=EDGE_CURVE('',#1130,#1129,#683,.T.);
#1455=EDGE_CURVE('',#1131,#1130,#684,.T.);
#1456=EDGE_CURVE('',#1131,#1132,#685,.T.);
#1457=EDGE_CURVE('',#1132,#1117,#686,.T.);
#1458=EDGE_CURVE('',#1133,#1133,#81,.T.);
#1459=EDGE_CURVE('',#1014,#1134,#286,.T.);
#1460=EDGE_CURVE('',#1134,#1135,#287,.T.);
#1461=EDGE_CURVE('',#1135,#1136,#288,.T.);
#1462=EDGE_CURVE('',#1136,#1128,#289,.T.);
#1463=EDGE_CURVE('',#1063,#1137,#167,.T.);
#1464=EDGE_CURVE('',#1137,#1062,#168,.T.);
#1465=EDGE_CURVE('',#1103,#1138,#169,.T.);
#1466=EDGE_CURVE('',#1138,#1139,#170,.T.);
#1467=EDGE_CURVE('',#1139,#1101,#171,.T.);
#1468=EDGE_CURVE('',#1140,#1141,#172,.T.);
#1469=EDGE_CURVE('',#1141,#1140,#173,.T.);
#1470=EDGE_CURVE('',#975,#1142,#82,.T.);
#1471=EDGE_CURVE('',#1142,#1143,#290,.T.);
#1472=EDGE_CURVE('',#1143,#1144,#291,.T.);
#1473=EDGE_CURVE('',#1144,#1145,#292,.T.);
#1474=EDGE_CURVE('',#1145,#985,#293,.T.);
#1475=EDGE_CURVE('',#1146,#1147,#174,.T.);
#1476=EDGE_CURVE('',#1147,#1146,#175,.T.);
#1477=EDGE_CURVE('',#1147,#1109,#687,.T.);
#1478=EDGE_CURVE('',#1141,#1148,#688,.T.);
#1479=EDGE_CURVE('',#1149,#1148,#176,.T.);
#1480=EDGE_CURVE('',#1148,#1149,#177,.T.);
#1481=EDGE_CURVE('',#986,#1150,#294,.T.);
#1482=EDGE_CURVE('',#1150,#987,#83,.T.);
#1483=EDGE_CURVE('',#1033,#1151,#689,.T.);
#1484=EDGE_CURVE('',#1151,#1152,#690,.T.);
#1485=EDGE_CURVE('',#1153,#1152,#691,.T.);
#1486=EDGE_CURVE('',#1154,#1153,#692,.T.);
#1487=EDGE_CURVE('',#1142,#1154,#693,.T.);
#1488=EDGE_CURVE('',#1155,#1155,#84,.T.);
#1489=EDGE_CURVE('',#1156,#1111,#694,.T.);
#1490=EDGE_CURVE('',#1156,#1157,#695,.T.);
#1491=EDGE_CURVE('',#1157,#1112,#696,.T.);
#1492=EDGE_CURVE('',#1154,#1158,#697,.T.);
#1493=EDGE_CURVE('',#1158,#1150,#698,.T.);
#1494=EDGE_CURVE('',#1159,#1153,#699,.T.);
#1495=EDGE_CURVE('',#1159,#1158,#700,.T.);
#1496=EDGE_CURVE('',#1152,#1160,#701,.T.);
#1497=EDGE_CURVE('',#1160,#1159,#702,.T.);
#1498=EDGE_CURVE('',#1152,#1161,#703,.T.);
#1499=EDGE_CURVE('',#1162,#1161,#704,.T.);
#1500=EDGE_CURVE('',#1131,#1162,#705,.T.);
#1501=EDGE_CURVE('',#1163,#1131,#706,.T.);
#1502=EDGE_CURVE('',#1160,#1163,#707,.T.);
#1503=EDGE_CURVE('',#1164,#1164,#85,.T.);
#1504=EDGE_CURVE('',#1165,#1130,#708,.T.);
#1505=EDGE_CURVE('',#1163,#1165,#709,.T.);
#1506=EDGE_CURVE('',#1166,#1129,#710,.T.);
#1507=EDGE_CURVE('',#1165,#1166,#711,.T.);
#1508=EDGE_CURVE('',#1167,#1013,#295,.T.);
#1509=EDGE_CURVE('',#1166,#1167,#712,.T.);
#1510=EDGE_CURVE('',#1168,#1114,#713,.T.);
#1511=EDGE_CURVE('',#1113,#1169,#714,.T.);
#1512=EDGE_CURVE('',#1169,#1168,#715,.T.);
#1513=EDGE_CURVE('',#1170,#1170,#86,.T.);
#1514=EDGE_CURVE('',#1170,#1115,#716,.T.);
#1515=EDGE_CURVE('',#1171,#1171,#87,.T.);
#1516=EDGE_CURVE('',#1171,#1116,#717,.T.);
#1517=EDGE_CURVE('',#1169,#1157,#718,.T.);
#1518=EDGE_CURVE('',#1100,#1087,#220,.T.);
#1519=EDGE_CURVE('',#1098,#1172,#178,.T.);
#1520=EDGE_CURVE('',#1095,#1172,#221,.T.);
#1521=EDGE_CURVE('',#1173,#1089,#179,.T.);
#1522=EDGE_CURVE('',#1173,#1092,#222,.T.);
#1523=EDGE_CURVE('',#1172,#1125,#88,.T.);
#1524=EDGE_CURVE('',#1124,#1099,#89,.T.);
#1525=EDGE_CURVE('',#1088,#1123,#90,.T.);
#1526=EDGE_CURVE('',#1122,#1173,#91,.T.);
#1527=EDGE_CURVE('',#1133,#1174,#719,.T.);
#1528=EDGE_CURVE('',#1174,#1174,#92,.T.);
#1529=EDGE_CURVE('',#1155,#1175,#720,.T.);
#1530=EDGE_CURVE('',#1175,#1175,#93,.T.);
#1531=EDGE_CURVE('',#1119,#1156,#94,.T.);
#1532=EDGE_CURVE('',#1161,#1176,#721,.T.);
#1533=EDGE_CURVE('',#1176,#1032,#722,.T.);
#1534=EDGE_CURVE('',#1168,#1031,#95,.T.);
#1535=EDGE_CURVE('',#1118,#1177,#723,.T.);
#1536=EDGE_CURVE('',#1177,#1162,#724,.T.);
#1537=EDGE_CURVE('',#1176,#1151,#725,.T.);
#1538=EDGE_CURVE('',#1102,#1178,#726,.T.);
#1539=EDGE_CURVE('',#1178,#1178,#96,.T.);
#1540=EDGE_CURVE('',#1179,#1180,#727,.T.);
#1541=EDGE_CURVE('',#1180,#1181,#97,.T.);
#1542=EDGE_CURVE('',#1181,#1182,#728,.T.);
#1543=EDGE_CURVE('',#1179,#1182,#98,.T.);
#1544=EDGE_CURVE('',#1183,#1179,#729,.T.);
#1545=EDGE_CURVE('',#1182,#1184,#730,.T.);
#1546=EDGE_CURVE('',#1183,#1184,#99,.T.);
#1547=EDGE_CURVE('',#1185,#1183,#731,.T.);
#1548=EDGE_CURVE('',#1184,#1186,#732,.T.);
#1549=EDGE_CURVE('',#1185,#1186,#100,.T.);
#1550=EDGE_CURVE('',#1126,#1121,#223,.T.);
#1551=EDGE_CURVE('',#1187,#1185,#733,.T.);
#1552=EDGE_CURVE('',#1186,#1188,#734,.T.);
#1553=EDGE_CURVE('',#1188,#1189,#101,.T.);
#1554=EDGE_CURVE('',#1189,#1190,#735,.T.);
#1555=EDGE_CURVE('',#1191,#1190,#102,.T.);
#1556=EDGE_CURVE('',#1192,#1191,#103,.T.);
#1557=EDGE_CURVE('',#1193,#1192,#736,.T.);
#1558=EDGE_CURVE('',#1193,#1187,#104,.T.);
#1559=EDGE_CURVE('',#1194,#1195,#737,.T.);
#1560=EDGE_CURVE('',#1196,#1195,#296,.T.);
#1561=EDGE_CURVE('',#1196,#1193,#738,.T.);
#1562=EDGE_CURVE('',#1194,#1192,#739,.T.);
#1563=EDGE_CURVE('',#1197,#1187,#740,.T.);
#1564=EDGE_CURVE('',#1197,#1196,#105,.T.);
#1565=EDGE_CURVE('',#1198,#1199,#741,.T.);
#1566=EDGE_CURVE('',#1190,#1199,#742,.T.);
#1567=EDGE_CURVE('',#1189,#1200,#743,.T.);
#1568=EDGE_CURVE('',#1198,#1200,#297,.T.);
#1569=EDGE_CURVE('',#1201,#1197,#744,.T.);
#1570=EDGE_CURVE('',#1195,#1127,#745,.T.);
#1571=EDGE_CURVE('',#1120,#1198,#746,.T.);
#1572=EDGE_CURVE('',#1200,#1202,#106,.T.);
#1573=EDGE_CURVE('',#1202,#1203,#747,.T.);
#1574=EDGE_CURVE('',#1203,#1201,#107,.T.);
#1575=EDGE_CURVE('',#1188,#1202,#748,.T.);
#1576=EDGE_CURVE('',#1204,#1201,#749,.T.);
#1577=EDGE_CURVE('',#1203,#1205,#750,.T.);
#1578=EDGE_CURVE('',#1205,#1204,#108,.T.);
#1579=EDGE_CURVE('',#1206,#1204,#751,.T.);
#1580=EDGE_CURVE('',#1205,#1207,#752,.T.);
#1581=EDGE_CURVE('',#1206,#1207,#109,.T.);
#1582=EDGE_CURVE('',#1180,#1206,#753,.T.);
#1583=EDGE_CURVE('',#1207,#1181,#754,.T.);
#1584=EDGE_CURVE('',#1199,#1120,#755,.T.);
#1585=EDGE_CURVE('',#1194,#1127,#756,.T.);
#1586=EDGE_CURVE('',#1164,#1208,#757,.T.);
#1587=EDGE_CURVE('',#1208,#1208,#110,.T.);
#1588=EDGE_CURVE('',#1167,#1012,#111,.T.);
#1589=EDGE_CURVE('',#1132,#1177,#758,.T.);
#1590=EDGE_CURVE('',#1209,#1210,#759,.T.);
#1591=EDGE_CURVE('',#1210,#1211,#112,.T.);
#1592=EDGE_CURVE('',#1211,#1209,#180,.T.);
#1593=EDGE_CURVE('',#1212,#1209,#113,.T.);
#1594=EDGE_CURVE('',#1212,#1211,#760,.T.);
#1595=EDGE_CURVE('',#1210,#1212,#761,.T.);
#1596=EDGE_CURVE('',#1213,#1214,#762,.T.);
#1597=EDGE_CURVE('',#1215,#1213,#763,.T.);
#1598=EDGE_CURVE('',#1214,#1215,#114,.T.);
#1599=EDGE_CURVE('',#1213,#1216,#764,.T.);
#1600=EDGE_CURVE('',#1217,#1216,#224,.T.);
#1601=EDGE_CURVE('',#1218,#1217,#765,.T.);
#1602=EDGE_CURVE('',#1219,#1218,#766,.T.);
#1603=EDGE_CURVE('',#1215,#1219,#767,.T.);
#1604=EDGE_CURVE('',#1220,#1214,#298,.T.);
#1605=EDGE_CURVE('',#1216,#1220,#768,.T.);
#1606=EDGE_CURVE('',#1221,#1217,#769,.T.);
#1607=EDGE_CURVE('',#1221,#1218,#115,.T.);
#1608=EDGE_CURVE('',#1219,#1221,#181,.T.);
#1609=EDGE_CURVE('',#1222,#1219,#182,.T.);
#1610=EDGE_CURVE('',#1215,#1222,#116,.T.);
#1611=EDGE_CURVE('',#1222,#1220,#183,.T.);
#1612=EDGE_CURVE('',#1223,#1224,#117,.T.);
#1613=EDGE_CURVE('',#1224,#1225,#770,.T.);
#1614=EDGE_CURVE('',#1223,#1225,#184,.T.);
#1615=EDGE_CURVE('',#1224,#1226,#771,.T.);
#1616=EDGE_CURVE('',#1225,#1226,#118,.T.);
#1617=EDGE_CURVE('',#1226,#1223,#772,.T.);
#1618=EDGE_CURVE('',#1227,#1228,#773,.T.);
#1619=EDGE_CURVE('',#1229,#1227,#774,.T.);
#1620=EDGE_CURVE('',#1228,#1229,#119,.T.);
#1621=EDGE_CURVE('',#1228,#1230,#775,.T.);
#1622=EDGE_CURVE('',#1231,#1230,#776,.T.);
#1623=EDGE_CURVE('',#1232,#1231,#777,.T.);
#1624=EDGE_CURVE('',#1233,#1232,#225,.T.);
#1625=EDGE_CURVE('',#1233,#1227,#778,.T.);
#1626=EDGE_CURVE('',#1230,#1234,#185,.T.);
#1627=EDGE_CURVE('',#1234,#1228,#120,.T.);
#1628=EDGE_CURVE('',#1235,#1230,#186,.T.);
#1629=EDGE_CURVE('',#1231,#1235,#121,.T.);
#1630=EDGE_CURVE('',#1232,#1235,#779,.T.);
#1631=EDGE_CURVE('',#1236,#1233,#780,.T.);
#1632=EDGE_CURVE('',#1236,#1234,#187,.T.);
#1633=EDGE_CURVE('',#1229,#1236,#299,.T.);
#1634=ORIENTED_EDGE('',*,*,#1237,.F.);
#1635=ORIENTED_EDGE('',*,*,#1238,.F.);
#1636=ORIENTED_EDGE('',*,*,#1239,.T.);
#1637=ORIENTED_EDGE('',*,*,#1240,.T.);
#1638=ORIENTED_EDGE('',*,*,#1241,.T.);
#1639=ORIENTED_EDGE('',*,*,#1242,.F.);
#1640=ORIENTED_EDGE('',*,*,#1243,.F.);
#1641=ORIENTED_EDGE('',*,*,#1244,.F.);
#1642=ORIENTED_EDGE('',*,*,#1245,.T.);
#1643=ORIENTED_EDGE('',*,*,#1246,.F.);
#1644=ORIENTED_EDGE('',*,*,#1247,.F.);
#1645=ORIENTED_EDGE('',*,*,#1248,.F.);
#1646=ORIENTED_EDGE('',*,*,#1249,.T.);
#1647=ORIENTED_EDGE('',*,*,#1250,.T.);
#1648=ORIENTED_EDGE('',*,*,#1251,.T.);
#1649=ORIENTED_EDGE('',*,*,#1252,.T.);
#1650=ORIENTED_EDGE('',*,*,#1253,.T.);
#1651=ORIENTED_EDGE('',*,*,#1244,.T.);
#1652=ORIENTED_EDGE('',*,*,#1254,.F.);
#1653=ORIENTED_EDGE('',*,*,#1255,.F.);
#1654=ORIENTED_EDGE('',*,*,#1256,.F.);
#1655=ORIENTED_EDGE('',*,*,#1257,.F.);
#1656=ORIENTED_EDGE('',*,*,#1258,.F.);
#1657=ORIENTED_EDGE('',*,*,#1259,.T.);
#1658=ORIENTED_EDGE('',*,*,#1260,.F.);
#1659=ORIENTED_EDGE('',*,*,#1246,.T.);
#1660=ORIENTED_EDGE('',*,*,#1250,.F.);
#1661=ORIENTED_EDGE('',*,*,#1261,.T.);
#1662=ORIENTED_EDGE('',*,*,#1262,.T.);
#1663=ORIENTED_EDGE('',*,*,#1249,.F.);
#1664=ORIENTED_EDGE('',*,*,#1245,.F.);
#1665=ORIENTED_EDGE('',*,*,#1263,.F.);
#1666=ORIENTED_EDGE('',*,*,#1240,.F.);
#1667=ORIENTED_EDGE('',*,*,#1264,.T.);
#1668=ORIENTED_EDGE('',*,*,#1265,.F.);
#1669=ORIENTED_EDGE('',*,*,#1266,.F.);
#1670=ORIENTED_EDGE('',*,*,#1261,.F.);
#1671=ORIENTED_EDGE('',*,*,#1264,.F.);
#1672=ORIENTED_EDGE('',*,*,#1239,.F.);
#1673=ORIENTED_EDGE('',*,*,#1267,.F.);
#1674=ORIENTED_EDGE('',*,*,#1253,.F.);
#1675=ORIENTED_EDGE('',*,*,#1267,.T.);
#1676=ORIENTED_EDGE('',*,*,#1238,.T.);
#1677=ORIENTED_EDGE('',*,*,#1268,.F.);
#1678=ORIENTED_EDGE('',*,*,#1241,.F.);
#1679=ORIENTED_EDGE('',*,*,#1252,.F.);
#1680=ORIENTED_EDGE('',*,*,#1269,.F.);
#1681=ORIENTED_EDGE('',*,*,#1265,.T.);
#1682=ORIENTED_EDGE('',*,*,#1251,.F.);
#1683=ORIENTED_EDGE('',*,*,#1262,.F.);
#1684=ORIENTED_EDGE('',*,*,#1266,.T.);
#1685=ORIENTED_EDGE('',*,*,#1269,.T.);
#1686=ORIENTED_EDGE('',*,*,#1270,.F.);
#1687=ORIENTED_EDGE('',*,*,#1271,.F.);
#1688=ORIENTED_EDGE('',*,*,#1272,.F.);
#1689=ORIENTED_EDGE('',*,*,#1273,.T.);
#1690=ORIENTED_EDGE('',*,*,#1274,.T.);
#1691=ORIENTED_EDGE('',*,*,#1275,.F.);
#1692=ORIENTED_EDGE('',*,*,#1276,.F.);
#1693=ORIENTED_EDGE('',*,*,#1277,.F.);
#1694=ORIENTED_EDGE('',*,*,#1278,.T.);
#1695=ORIENTED_EDGE('',*,*,#1279,.F.);
#1696=ORIENTED_EDGE('',*,*,#1280,.F.);
#1697=ORIENTED_EDGE('',*,*,#1281,.F.);
#1698=ORIENTED_EDGE('',*,*,#1282,.T.);
#1699=ORIENTED_EDGE('',*,*,#1283,.T.);
#1700=ORIENTED_EDGE('',*,*,#1284,.T.);
#1701=ORIENTED_EDGE('',*,*,#1285,.T.);
#1702=ORIENTED_EDGE('',*,*,#1286,.T.);
#1703=ORIENTED_EDGE('',*,*,#1277,.T.);
#1704=ORIENTED_EDGE('',*,*,#1287,.F.);
#1705=ORIENTED_EDGE('',*,*,#1288,.T.);
#1706=ORIENTED_EDGE('',*,*,#1289,.F.);
#1707=ORIENTED_EDGE('',*,*,#1290,.F.);
#1708=ORIENTED_EDGE('',*,*,#1291,.F.);
#1709=ORIENTED_EDGE('',*,*,#1292,.F.);
#1710=ORIENTED_EDGE('',*,*,#1293,.F.);
#1711=ORIENTED_EDGE('',*,*,#1279,.T.);
#1712=ORIENTED_EDGE('',*,*,#1284,.F.);
#1713=ORIENTED_EDGE('',*,*,#1294,.F.);
#1714=ORIENTED_EDGE('',*,*,#1295,.F.);
#1715=ORIENTED_EDGE('',*,*,#1296,.T.);
#1716=ORIENTED_EDGE('',*,*,#1286,.F.);
#1717=ORIENTED_EDGE('',*,*,#1297,.F.);
#1718=ORIENTED_EDGE('',*,*,#1271,.T.);
#1719=ORIENTED_EDGE('',*,*,#1298,.F.);
#1720=ORIENTED_EDGE('',*,*,#1274,.F.);
#1721=ORIENTED_EDGE('',*,*,#1282,.F.);
#1722=ORIENTED_EDGE('',*,*,#1278,.F.);
#1723=ORIENTED_EDGE('',*,*,#1299,.F.);
#1724=ORIENTED_EDGE('',*,*,#1273,.F.);
#1725=ORIENTED_EDGE('',*,*,#1300,.F.);
#1726=ORIENTED_EDGE('',*,*,#1283,.F.);
#1727=ORIENTED_EDGE('',*,*,#1301,.F.);
#1728=ORIENTED_EDGE('',*,*,#1294,.T.);
#1729=ORIENTED_EDGE('',*,*,#1285,.F.);
#1730=ORIENTED_EDGE('',*,*,#1296,.F.);
#1731=ORIENTED_EDGE('',*,*,#1302,.F.);
#1732=ORIENTED_EDGE('',*,*,#1302,.T.);
#1733=ORIENTED_EDGE('',*,*,#1295,.T.);
#1734=ORIENTED_EDGE('',*,*,#1301,.T.);
#1735=ORIENTED_EDGE('',*,*,#1300,.T.);
#1736=ORIENTED_EDGE('',*,*,#1272,.T.);
#1737=ORIENTED_EDGE('',*,*,#1297,.T.);
#1738=ORIENTED_EDGE('',*,*,#1303,.F.);
#1739=ORIENTED_EDGE('',*,*,#1304,.F.);
#1740=ORIENTED_EDGE('',*,*,#1305,.T.);
#1741=ORIENTED_EDGE('',*,*,#1306,.T.);
#1742=ORIENTED_EDGE('',*,*,#1307,.F.);
#1743=ORIENTED_EDGE('',*,*,#1308,.T.);
#1744=ORIENTED_EDGE('',*,*,#1305,.F.);
#1745=ORIENTED_EDGE('',*,*,#1309,.F.);
#1746=ORIENTED_EDGE('',*,*,#1310,.T.);
#1747=ORIENTED_EDGE('',*,*,#1311,.T.);
#1748=ORIENTED_EDGE('',*,*,#1312,.F.);
#1749=ORIENTED_EDGE('',*,*,#1313,.F.);
#1750=ORIENTED_EDGE('',*,*,#1314,.F.);
#1751=ORIENTED_EDGE('',*,*,#1311,.F.);
#1752=ORIENTED_EDGE('',*,*,#1315,.T.);
#1753=ORIENTED_EDGE('',*,*,#1316,.F.);
#1754=ORIENTED_EDGE('',*,*,#1317,.T.);
#1755=ORIENTED_EDGE('',*,*,#1318,.F.);
#1756=ORIENTED_EDGE('',*,*,#1247,.T.);
#1757=ORIENTED_EDGE('',*,*,#1260,.T.);
#1758=ORIENTED_EDGE('',*,*,#1319,.T.);
#1759=ORIENTED_EDGE('',*,*,#1307,.T.);
#1760=ORIENTED_EDGE('',*,*,#1320,.T.);
#1761=ORIENTED_EDGE('',*,*,#1287,.T.);
#1762=ORIENTED_EDGE('',*,*,#1276,.T.);
#1763=ORIENTED_EDGE('',*,*,#1321,.F.);
#1764=ORIENTED_EDGE('',*,*,#1322,.T.);
#1765=ORIENTED_EDGE('',*,*,#1316,.T.);
#1766=ORIENTED_EDGE('',*,*,#1323,.T.);
#1767=ORIENTED_EDGE('',*,*,#1324,.T.);
#1768=ORIENTED_EDGE('',*,*,#1325,.F.);
#1769=ORIENTED_EDGE('',*,*,#1317,.F.);
#1770=ORIENTED_EDGE('',*,*,#1306,.F.);
#1771=ORIENTED_EDGE('',*,*,#1308,.F.);
#1772=ORIENTED_EDGE('',*,*,#1319,.F.);
#1773=ORIENTED_EDGE('',*,*,#1259,.F.);
#1774=ORIENTED_EDGE('',*,*,#1326,.F.);
#1775=ORIENTED_EDGE('',*,*,#1327,.F.);
#1776=ORIENTED_EDGE('',*,*,#1328,.T.);
#1777=ORIENTED_EDGE('',*,*,#1329,.T.);
#1778=ORIENTED_EDGE('',*,*,#1330,.F.);
#1779=ORIENTED_EDGE('',*,*,#1331,.F.);
#1780=ORIENTED_EDGE('',*,*,#1289,.T.);
#1781=ORIENTED_EDGE('',*,*,#1332,.F.);
#1782=ORIENTED_EDGE('',*,*,#1333,.F.);
#1783=ORIENTED_EDGE('',*,*,#1334,.F.);
#1784=ORIENTED_EDGE('',*,*,#1335,.F.);
#1785=ORIENTED_EDGE('',*,*,#1336,.F.);
#1786=ORIENTED_EDGE('',*,*,#1337,.F.);
#1787=ORIENTED_EDGE('',*,*,#1338,.F.);
#1788=ORIENTED_EDGE('',*,*,#1339,.F.);
#1789=ORIENTED_EDGE('',*,*,#1340,.F.);
#1790=ORIENTED_EDGE('',*,*,#1341,.F.);
#1791=ORIENTED_EDGE('',*,*,#1342,.F.);
#1792=ORIENTED_EDGE('',*,*,#1343,.F.);
#1793=ORIENTED_EDGE('',*,*,#1344,.F.);
#1794=ORIENTED_EDGE('',*,*,#1345,.F.);
#1795=ORIENTED_EDGE('',*,*,#1346,.F.);
#1796=ORIENTED_EDGE('',*,*,#1347,.F.);
#1797=ORIENTED_EDGE('',*,*,#1348,.F.);
#1798=ORIENTED_EDGE('',*,*,#1349,.F.);
#1799=ORIENTED_EDGE('',*,*,#1350,.F.);
#1800=ORIENTED_EDGE('',*,*,#1351,.F.);
#1801=ORIENTED_EDGE('',*,*,#1349,.T.);
#1802=ORIENTED_EDGE('',*,*,#1352,.F.);
#1803=ORIENTED_EDGE('',*,*,#1353,.F.);
#1804=ORIENTED_EDGE('',*,*,#1354,.F.);
#1805=ORIENTED_EDGE('',*,*,#1355,.T.);
#1806=ORIENTED_EDGE('',*,*,#1346,.T.);
#1807=ORIENTED_EDGE('',*,*,#1356,.F.);
#1808=ORIENTED_EDGE('',*,*,#1357,.F.);
#1809=ORIENTED_EDGE('',*,*,#1358,.F.);
#1810=ORIENTED_EDGE('',*,*,#1359,.F.);
#1811=ORIENTED_EDGE('',*,*,#1360,.F.);
#1812=ORIENTED_EDGE('',*,*,#1361,.T.);
#1813=ORIENTED_EDGE('',*,*,#1345,.T.);
#1814=ORIENTED_EDGE('',*,*,#1362,.F.);
#1815=ORIENTED_EDGE('',*,*,#1363,.F.);
#1816=ORIENTED_EDGE('',*,*,#1364,.F.);
#1817=ORIENTED_EDGE('',*,*,#1356,.T.);
#1818=ORIENTED_EDGE('',*,*,#1338,.T.);
#1819=ORIENTED_EDGE('',*,*,#1365,.T.);
#1820=ORIENTED_EDGE('',*,*,#1366,.F.);
#1821=ORIENTED_EDGE('',*,*,#1367,.F.);
#1822=ORIENTED_EDGE('',*,*,#1337,.T.);
#1823=ORIENTED_EDGE('',*,*,#1368,.T.);
#1824=ORIENTED_EDGE('',*,*,#1369,.F.);
#1825=ORIENTED_EDGE('',*,*,#1365,.F.);
#1826=ORIENTED_EDGE('',*,*,#1336,.T.);
#1827=ORIENTED_EDGE('',*,*,#1370,.T.);
#1828=ORIENTED_EDGE('',*,*,#1371,.F.);
#1829=ORIENTED_EDGE('',*,*,#1368,.F.);
#1830=ORIENTED_EDGE('',*,*,#1334,.T.);
#1831=ORIENTED_EDGE('',*,*,#1372,.F.);
#1832=ORIENTED_EDGE('',*,*,#1373,.F.);
#1833=ORIENTED_EDGE('',*,*,#1374,.F.);
#1834=ORIENTED_EDGE('',*,*,#1333,.T.);
#1835=ORIENTED_EDGE('',*,*,#1375,.T.);
#1836=ORIENTED_EDGE('',*,*,#1376,.F.);
#1837=ORIENTED_EDGE('',*,*,#1372,.T.);
#1838=ORIENTED_EDGE('',*,*,#1344,.T.);
#1839=ORIENTED_EDGE('',*,*,#1377,.F.);
#1840=ORIENTED_EDGE('',*,*,#1378,.F.);
#1841=ORIENTED_EDGE('',*,*,#1362,.T.);
#1842=ORIENTED_EDGE('',*,*,#1335,.T.);
#1843=ORIENTED_EDGE('',*,*,#1374,.T.);
#1844=ORIENTED_EDGE('',*,*,#1379,.F.);
#1845=ORIENTED_EDGE('',*,*,#1370,.F.);
#1846=ORIENTED_EDGE('',*,*,#1332,.T.);
#1847=ORIENTED_EDGE('',*,*,#1380,.T.);
#1848=ORIENTED_EDGE('',*,*,#1381,.F.);
#1849=ORIENTED_EDGE('',*,*,#1375,.F.);
#1850=ORIENTED_EDGE('',*,*,#1350,.T.);
#1851=ORIENTED_EDGE('',*,*,#1355,.F.);
#1852=ORIENTED_EDGE('',*,*,#1382,.F.);
#1853=ORIENTED_EDGE('',*,*,#1383,.T.);
#1854=ORIENTED_EDGE('',*,*,#1326,.T.);
#1855=ORIENTED_EDGE('',*,*,#1258,.T.);
#1856=ORIENTED_EDGE('',*,*,#1384,.F.);
#1857=ORIENTED_EDGE('',*,*,#1385,.F.);
#1858=ORIENTED_EDGE('',*,*,#1341,.T.);
#1859=ORIENTED_EDGE('',*,*,#1386,.T.);
#1860=ORIENTED_EDGE('',*,*,#1387,.F.);
#1861=ORIENTED_EDGE('',*,*,#1388,.F.);
#1862=ORIENTED_EDGE('',*,*,#1348,.T.);
#1863=ORIENTED_EDGE('',*,*,#1389,.F.);
#1864=ORIENTED_EDGE('',*,*,#1390,.F.);
#1865=ORIENTED_EDGE('',*,*,#1391,.F.);
#1866=ORIENTED_EDGE('',*,*,#1352,.T.);
#1867=ORIENTED_EDGE('',*,*,#1340,.T.);
#1868=ORIENTED_EDGE('',*,*,#1392,.F.);
#1869=ORIENTED_EDGE('',*,*,#1393,.F.);
#1870=ORIENTED_EDGE('',*,*,#1386,.F.);
#1871=ORIENTED_EDGE('',*,*,#1351,.T.);
#1872=ORIENTED_EDGE('',*,*,#1383,.F.);
#1873=ORIENTED_EDGE('',*,*,#1394,.F.);
#1874=ORIENTED_EDGE('',*,*,#1389,.T.);
#1875=ORIENTED_EDGE('',*,*,#1343,.T.);
#1876=ORIENTED_EDGE('',*,*,#1395,.T.);
#1877=ORIENTED_EDGE('',*,*,#1396,.F.);
#1878=ORIENTED_EDGE('',*,*,#1380,.F.);
#1879=ORIENTED_EDGE('',*,*,#1342,.T.);
#1880=ORIENTED_EDGE('',*,*,#1388,.T.);
#1881=ORIENTED_EDGE('',*,*,#1397,.F.);
#1882=ORIENTED_EDGE('',*,*,#1395,.F.);
#1883=ORIENTED_EDGE('',*,*,#1339,.T.);
#1884=ORIENTED_EDGE('',*,*,#1367,.T.);
#1885=ORIENTED_EDGE('',*,*,#1398,.F.);
#1886=ORIENTED_EDGE('',*,*,#1392,.T.);
#1887=ORIENTED_EDGE('',*,*,#1399,.F.);
#1888=ORIENTED_EDGE('',*,*,#1400,.T.);
#1889=ORIENTED_EDGE('',*,*,#1376,.T.);
#1890=ORIENTED_EDGE('',*,*,#1381,.T.);
#1891=ORIENTED_EDGE('',*,*,#1396,.T.);
#1892=ORIENTED_EDGE('',*,*,#1397,.T.);
#1893=ORIENTED_EDGE('',*,*,#1387,.T.);
#1894=ORIENTED_EDGE('',*,*,#1393,.T.);
#1895=ORIENTED_EDGE('',*,*,#1401,.T.);
#1896=ORIENTED_EDGE('',*,*,#1402,.F.);
#1897=ORIENTED_EDGE('',*,*,#1403,.T.);
#1898=ORIENTED_EDGE('',*,*,#1404,.F.);
#1899=ORIENTED_EDGE('',*,*,#1405,.F.);
#1900=ORIENTED_EDGE('',*,*,#1406,.F.);
#1901=ORIENTED_EDGE('',*,*,#1407,.F.);
#1902=ORIENTED_EDGE('',*,*,#1408,.T.);
#1903=ORIENTED_EDGE('',*,*,#1409,.T.);
#1904=ORIENTED_EDGE('',*,*,#1410,.F.);
#1905=ORIENTED_EDGE('',*,*,#1409,.F.);
#1906=ORIENTED_EDGE('',*,*,#1411,.T.);
#1907=ORIENTED_EDGE('',*,*,#1412,.F.);
#1908=ORIENTED_EDGE('',*,*,#1413,.F.);
#1909=ORIENTED_EDGE('',*,*,#1414,.F.);
#1910=ORIENTED_EDGE('',*,*,#1415,.F.);
#1911=ORIENTED_EDGE('',*,*,#1416,.T.);
#1912=ORIENTED_EDGE('',*,*,#1417,.F.);
#1913=ORIENTED_EDGE('',*,*,#1401,.F.);
#1914=ORIENTED_EDGE('',*,*,#1398,.T.);
#1915=ORIENTED_EDGE('',*,*,#1366,.T.);
#1916=ORIENTED_EDGE('',*,*,#1369,.T.);
#1917=ORIENTED_EDGE('',*,*,#1371,.T.);
#1918=ORIENTED_EDGE('',*,*,#1379,.T.);
#1919=ORIENTED_EDGE('',*,*,#1373,.T.);
#1920=ORIENTED_EDGE('',*,*,#1400,.F.);
#1921=ORIENTED_EDGE('',*,*,#1390,.T.);
#1922=ORIENTED_EDGE('',*,*,#1394,.T.);
#1923=ORIENTED_EDGE('',*,*,#1382,.T.);
#1924=ORIENTED_EDGE('',*,*,#1354,.T.);
#1925=ORIENTED_EDGE('',*,*,#1418,.F.);
#1926=ORIENTED_EDGE('',*,*,#1419,.T.);
#1927=ORIENTED_EDGE('',*,*,#1420,.T.);
#1928=ORIENTED_EDGE('',*,*,#1421,.F.);
#1929=ORIENTED_EDGE('',*,*,#1363,.T.);
#1930=ORIENTED_EDGE('',*,*,#1378,.T.);
#1931=ORIENTED_EDGE('',*,*,#1422,.T.);
#1932=ORIENTED_EDGE('',*,*,#1360,.T.);
#1933=ORIENTED_EDGE('',*,*,#1423,.F.);
#1934=ORIENTED_EDGE('',*,*,#1424,.F.);
#1935=ORIENTED_EDGE('',*,*,#1425,.F.);
#1936=ORIENTED_EDGE('',*,*,#1426,.F.);
#1937=ORIENTED_EDGE('',*,*,#1427,.F.);
#1938=ORIENTED_EDGE('',*,*,#1428,.T.);
#1939=ORIENTED_EDGE('',*,*,#1429,.T.);
#1940=ORIENTED_EDGE('',*,*,#1347,.T.);
#1941=ORIENTED_EDGE('',*,*,#1361,.F.);
#1942=ORIENTED_EDGE('',*,*,#1422,.F.);
#1943=ORIENTED_EDGE('',*,*,#1377,.T.);
#1944=ORIENTED_EDGE('',*,*,#1385,.T.);
#1945=ORIENTED_EDGE('',*,*,#1430,.F.);
#1946=ORIENTED_EDGE('',*,*,#1330,.T.);
#1947=ORIENTED_EDGE('',*,*,#1431,.T.);
#1948=ORIENTED_EDGE('',*,*,#1432,.T.);
#1949=ORIENTED_EDGE('',*,*,#1433,.T.);
#1950=ORIENTED_EDGE('',*,*,#1434,.T.);
#1951=ORIENTED_EDGE('',*,*,#1435,.T.);
#1952=ORIENTED_EDGE('',*,*,#1436,.T.);
#1953=ORIENTED_EDGE('',*,*,#1327,.T.);
#1954=ORIENTED_EDGE('',*,*,#1437,.T.);
#1955=ORIENTED_EDGE('',*,*,#1438,.T.);
#1956=ORIENTED_EDGE('',*,*,#1439,.F.);
#1957=ORIENTED_EDGE('',*,*,#1440,.F.);
#1958=ORIENTED_EDGE('',*,*,#1441,.T.);
#1959=ORIENTED_EDGE('',*,*,#1442,.T.);
#1960=ORIENTED_EDGE('',*,*,#1431,.F.);
#1961=ORIENTED_EDGE('',*,*,#1329,.F.);
#1962=ORIENTED_EDGE('',*,*,#1288,.F.);
#1963=ORIENTED_EDGE('',*,*,#1320,.F.);
#1964=ORIENTED_EDGE('',*,*,#1315,.F.);
#1965=ORIENTED_EDGE('',*,*,#1310,.F.);
#1966=ORIENTED_EDGE('',*,*,#1322,.F.);
#1967=ORIENTED_EDGE('',*,*,#1430,.T.);
#1968=ORIENTED_EDGE('',*,*,#1384,.T.);
#1969=ORIENTED_EDGE('',*,*,#1257,.T.);
#1970=ORIENTED_EDGE('',*,*,#1443,.T.);
#1971=ORIENTED_EDGE('',*,*,#1444,.F.);
#1972=ORIENTED_EDGE('',*,*,#1445,.T.);
#1973=ORIENTED_EDGE('',*,*,#1446,.F.);
#1974=ORIENTED_EDGE('',*,*,#1447,.T.);
#1975=ORIENTED_EDGE('',*,*,#1448,.F.);
#1976=ORIENTED_EDGE('',*,*,#1449,.T.);
#1977=ORIENTED_EDGE('',*,*,#1450,.F.);
#1978=ORIENTED_EDGE('',*,*,#1451,.F.);
#1979=ORIENTED_EDGE('',*,*,#1290,.T.);
#1980=ORIENTED_EDGE('',*,*,#1331,.T.);
#1981=ORIENTED_EDGE('',*,*,#1299,.T.);
#1982=ORIENTED_EDGE('',*,*,#1281,.T.);
#1983=ORIENTED_EDGE('',*,*,#1452,.F.);
#1984=ORIENTED_EDGE('',*,*,#1453,.F.);
#1985=ORIENTED_EDGE('',*,*,#1454,.F.);
#1986=ORIENTED_EDGE('',*,*,#1455,.F.);
#1987=ORIENTED_EDGE('',*,*,#1456,.T.);
#1988=ORIENTED_EDGE('',*,*,#1457,.T.);
#1989=ORIENTED_EDGE('',*,*,#1439,.T.);
#1990=ORIENTED_EDGE('',*,*,#1321,.T.);
#1991=ORIENTED_EDGE('',*,*,#1275,.T.);
#1992=ORIENTED_EDGE('',*,*,#1298,.T.);
#1993=ORIENTED_EDGE('',*,*,#1270,.T.);
#1994=ORIENTED_EDGE('',*,*,#1458,.T.);
#1995=ORIENTED_EDGE('',*,*,#1280,.T.);
#1996=ORIENTED_EDGE('',*,*,#1293,.T.);
#1997=ORIENTED_EDGE('',*,*,#1459,.T.);
#1998=ORIENTED_EDGE('',*,*,#1460,.T.);
#1999=ORIENTED_EDGE('',*,*,#1461,.T.);
#2000=ORIENTED_EDGE('',*,*,#1462,.T.);
#2001=ORIENTED_EDGE('',*,*,#1452,.T.);
#2002=ORIENTED_EDGE('',*,*,#1391,.T.);
#2003=ORIENTED_EDGE('',*,*,#1427,.T.);
#2004=ORIENTED_EDGE('',*,*,#1426,.T.);
#2005=ORIENTED_EDGE('',*,*,#1425,.T.);
#2006=ORIENTED_EDGE('',*,*,#1424,.T.);
#2007=ORIENTED_EDGE('',*,*,#1423,.T.);
#2008=ORIENTED_EDGE('',*,*,#1359,.T.);
#2009=ORIENTED_EDGE('',*,*,#1463,.T.);
#2010=ORIENTED_EDGE('',*,*,#1464,.T.);
#2011=ORIENTED_EDGE('',*,*,#1357,.T.);
#2012=ORIENTED_EDGE('',*,*,#1364,.T.);
#2013=ORIENTED_EDGE('',*,*,#1421,.T.);
#2014=ORIENTED_EDGE('',*,*,#1465,.T.);
#2015=ORIENTED_EDGE('',*,*,#1466,.T.);
#2016=ORIENTED_EDGE('',*,*,#1467,.T.);
#2017=ORIENTED_EDGE('',*,*,#1418,.T.);
#2018=ORIENTED_EDGE('',*,*,#1353,.T.);
#2019=ORIENTED_EDGE('',*,*,#1468,.T.);
#2020=ORIENTED_EDGE('',*,*,#1469,.T.);
#2021=ORIENTED_EDGE('',*,*,#1358,.T.);
#2022=ORIENTED_EDGE('',*,*,#1464,.F.);
#2023=ORIENTED_EDGE('',*,*,#1463,.F.);
#2024=ORIENTED_EDGE('',*,*,#1243,.T.);
#2025=ORIENTED_EDGE('',*,*,#1470,.T.);
#2026=ORIENTED_EDGE('',*,*,#1471,.T.);
#2027=ORIENTED_EDGE('',*,*,#1472,.T.);
#2028=ORIENTED_EDGE('',*,*,#1473,.T.);
#2029=ORIENTED_EDGE('',*,*,#1474,.T.);
#2030=ORIENTED_EDGE('',*,*,#1254,.T.);
#2031=ORIENTED_EDGE('',*,*,#1475,.F.);
#2032=ORIENTED_EDGE('',*,*,#1476,.F.);
#2033=ORIENTED_EDGE('',*,*,#1477,.T.);
#2034=ORIENTED_EDGE('',*,*,#1428,.F.);
#2035=ORIENTED_EDGE('',*,*,#1429,.F.);
#2036=ORIENTED_EDGE('',*,*,#1477,.F.);
#2037=ORIENTED_EDGE('',*,*,#1468,.F.);
#2038=ORIENTED_EDGE('',*,*,#1469,.F.);
#2039=ORIENTED_EDGE('',*,*,#1478,.T.);
#2040=ORIENTED_EDGE('',*,*,#1479,.F.);
#2041=ORIENTED_EDGE('',*,*,#1480,.F.);
#2042=ORIENTED_EDGE('',*,*,#1478,.F.);
#2043=ORIENTED_EDGE('',*,*,#1313,.T.);
#2044=ORIENTED_EDGE('',*,*,#1312,.T.);
#2045=ORIENTED_EDGE('',*,*,#1314,.T.);
#2046=ORIENTED_EDGE('',*,*,#1479,.T.);
#2047=ORIENTED_EDGE('',*,*,#1480,.T.);
#2048=ORIENTED_EDGE('',*,*,#1256,.T.);
#2049=ORIENTED_EDGE('',*,*,#1481,.T.);
#2050=ORIENTED_EDGE('',*,*,#1482,.T.);
#2051=ORIENTED_EDGE('',*,*,#1303,.T.);
#2052=ORIENTED_EDGE('',*,*,#1309,.T.);
#2053=ORIENTED_EDGE('',*,*,#1304,.T.);
#2054=ORIENTED_EDGE('',*,*,#1475,.T.);
#2055=ORIENTED_EDGE('',*,*,#1476,.T.);
#2056=ORIENTED_EDGE('',*,*,#1263,.T.);
#2057=ORIENTED_EDGE('',*,*,#1248,.T.);
#2058=ORIENTED_EDGE('',*,*,#1318,.T.);
#2059=ORIENTED_EDGE('',*,*,#1325,.T.);
#2060=ORIENTED_EDGE('',*,*,#1483,.T.);
#2061=ORIENTED_EDGE('',*,*,#1484,.T.);
#2062=ORIENTED_EDGE('',*,*,#1485,.F.);
#2063=ORIENTED_EDGE('',*,*,#1486,.F.);
#2064=ORIENTED_EDGE('',*,*,#1487,.F.);
#2065=ORIENTED_EDGE('',*,*,#1470,.F.);
#2066=ORIENTED_EDGE('',*,*,#1242,.T.);
#2067=ORIENTED_EDGE('',*,*,#1268,.T.);
#2068=ORIENTED_EDGE('',*,*,#1237,.T.);
#2069=ORIENTED_EDGE('',*,*,#1488,.T.);
#2070=ORIENTED_EDGE('',*,*,#1489,.F.);
#2071=ORIENTED_EDGE('',*,*,#1490,.T.);
#2072=ORIENTED_EDGE('',*,*,#1491,.T.);
#2073=ORIENTED_EDGE('',*,*,#1433,.F.);
#2074=ORIENTED_EDGE('',*,*,#1255,.T.);
#2075=ORIENTED_EDGE('',*,*,#1474,.F.);
#2076=ORIENTED_EDGE('',*,*,#1473,.F.);
#2077=ORIENTED_EDGE('',*,*,#1472,.F.);
#2078=ORIENTED_EDGE('',*,*,#1471,.F.);
#2079=ORIENTED_EDGE('',*,*,#1487,.T.);
#2080=ORIENTED_EDGE('',*,*,#1492,.T.);
#2081=ORIENTED_EDGE('',*,*,#1493,.T.);
#2082=ORIENTED_EDGE('',*,*,#1481,.F.);
#2083=ORIENTED_EDGE('',*,*,#1486,.T.);
#2084=ORIENTED_EDGE('',*,*,#1494,.F.);
#2085=ORIENTED_EDGE('',*,*,#1495,.T.);
#2086=ORIENTED_EDGE('',*,*,#1492,.F.);
#2087=ORIENTED_EDGE('',*,*,#1485,.T.);
#2088=ORIENTED_EDGE('',*,*,#1496,.T.);
#2089=ORIENTED_EDGE('',*,*,#1497,.T.);
#2090=ORIENTED_EDGE('',*,*,#1494,.T.);
#2091=ORIENTED_EDGE('',*,*,#1498,.T.);
#2092=ORIENTED_EDGE('',*,*,#1499,.F.);
#2093=ORIENTED_EDGE('',*,*,#1500,.F.);
#2094=ORIENTED_EDGE('',*,*,#1501,.F.);
#2095=ORIENTED_EDGE('',*,*,#1502,.F.);
#2096=ORIENTED_EDGE('',*,*,#1496,.F.);
#2097=ORIENTED_EDGE('',*,*,#1503,.F.);
#2098=ORIENTED_EDGE('',*,*,#1455,.T.);
#2099=ORIENTED_EDGE('',*,*,#1504,.F.);
#2100=ORIENTED_EDGE('',*,*,#1505,.F.);
#2101=ORIENTED_EDGE('',*,*,#1501,.T.);
#2102=ORIENTED_EDGE('',*,*,#1454,.T.);
#2103=ORIENTED_EDGE('',*,*,#1506,.F.);
#2104=ORIENTED_EDGE('',*,*,#1507,.F.);
#2105=ORIENTED_EDGE('',*,*,#1504,.T.);
#2106=ORIENTED_EDGE('',*,*,#1292,.T.);
#2107=ORIENTED_EDGE('',*,*,#1508,.F.);
#2108=ORIENTED_EDGE('',*,*,#1509,.F.);
#2109=ORIENTED_EDGE('',*,*,#1506,.T.);
#2110=ORIENTED_EDGE('',*,*,#1453,.T.);
#2111=ORIENTED_EDGE('',*,*,#1462,.F.);
#2112=ORIENTED_EDGE('',*,*,#1461,.F.);
#2113=ORIENTED_EDGE('',*,*,#1460,.F.);
#2114=ORIENTED_EDGE('',*,*,#1459,.F.);
#2115=ORIENTED_EDGE('',*,*,#1510,.T.);
#2116=ORIENTED_EDGE('',*,*,#1435,.F.);
#2117=ORIENTED_EDGE('',*,*,#1511,.T.);
#2118=ORIENTED_EDGE('',*,*,#1512,.T.);
#2119=ORIENTED_EDGE('',*,*,#1513,.T.);
#2120=ORIENTED_EDGE('',*,*,#1514,.T.);
#2121=ORIENTED_EDGE('',*,*,#1437,.F.);
#2122=ORIENTED_EDGE('',*,*,#1514,.F.);
#2123=ORIENTED_EDGE('',*,*,#1515,.T.);
#2124=ORIENTED_EDGE('',*,*,#1516,.T.);
#2125=ORIENTED_EDGE('',*,*,#1438,.F.);
#2126=ORIENTED_EDGE('',*,*,#1516,.F.);
#2127=ORIENTED_EDGE('',*,*,#1491,.F.);
#2128=ORIENTED_EDGE('',*,*,#1517,.F.);
#2129=ORIENTED_EDGE('',*,*,#1511,.F.);
#2130=ORIENTED_EDGE('',*,*,#1434,.F.);
#2131=ORIENTED_EDGE('',*,*,#1518,.T.);
#2132=ORIENTED_EDGE('',*,*,#1402,.T.);
#2133=ORIENTED_EDGE('',*,*,#1417,.T.);
#2134=ORIENTED_EDGE('',*,*,#1519,.F.);
#2135=ORIENTED_EDGE('',*,*,#1414,.T.);
#2136=ORIENTED_EDGE('',*,*,#1413,.T.);
#2137=ORIENTED_EDGE('',*,*,#1412,.T.);
#2138=ORIENTED_EDGE('',*,*,#1520,.T.);
#2139=ORIENTED_EDGE('',*,*,#1521,.F.);
#2140=ORIENTED_EDGE('',*,*,#1522,.T.);
#2141=ORIENTED_EDGE('',*,*,#1407,.T.);
#2142=ORIENTED_EDGE('',*,*,#1406,.T.);
#2143=ORIENTED_EDGE('',*,*,#1405,.T.);
#2144=ORIENTED_EDGE('',*,*,#1415,.T.);
#2145=ORIENTED_EDGE('',*,*,#1519,.T.);
#2146=ORIENTED_EDGE('',*,*,#1523,.T.);
#2147=ORIENTED_EDGE('',*,*,#1448,.T.);
#2148=ORIENTED_EDGE('',*,*,#1524,.T.);
#2149=ORIENTED_EDGE('',*,*,#1404,.T.);
#2150=ORIENTED_EDGE('',*,*,#1525,.T.);
#2151=ORIENTED_EDGE('',*,*,#1446,.T.);
#2152=ORIENTED_EDGE('',*,*,#1526,.T.);
#2153=ORIENTED_EDGE('',*,*,#1521,.T.);
#2154=ORIENTED_EDGE('',*,*,#1458,.F.);
#2155=ORIENTED_EDGE('',*,*,#1527,.T.);
#2156=ORIENTED_EDGE('',*,*,#1528,.F.);
#2157=ORIENTED_EDGE('',*,*,#1527,.F.);
#2158=ORIENTED_EDGE('',*,*,#1488,.F.);
#2159=ORIENTED_EDGE('',*,*,#1529,.T.);
#2160=ORIENTED_EDGE('',*,*,#1530,.F.);
#2161=ORIENTED_EDGE('',*,*,#1529,.F.);
#2162=ORIENTED_EDGE('',*,*,#1442,.F.);
#2163=ORIENTED_EDGE('',*,*,#1531,.T.);
#2164=ORIENTED_EDGE('',*,*,#1489,.T.);
#2165=ORIENTED_EDGE('',*,*,#1432,.F.);
#2166=ORIENTED_EDGE('',*,*,#1532,.T.);
#2167=ORIENTED_EDGE('',*,*,#1533,.T.);
#2168=ORIENTED_EDGE('',*,*,#1323,.F.);
#2169=ORIENTED_EDGE('',*,*,#1534,.F.);
#2170=ORIENTED_EDGE('',*,*,#1512,.F.);
#2171=ORIENTED_EDGE('',*,*,#1517,.T.);
#2172=ORIENTED_EDGE('',*,*,#1490,.F.);
#2173=ORIENTED_EDGE('',*,*,#1531,.F.);
#2174=ORIENTED_EDGE('',*,*,#1441,.F.);
#2175=ORIENTED_EDGE('',*,*,#1535,.T.);
#2176=ORIENTED_EDGE('',*,*,#1536,.T.);
#2177=ORIENTED_EDGE('',*,*,#1499,.T.);
#2178=ORIENTED_EDGE('',*,*,#1399,.T.);
#2179=ORIENTED_EDGE('',*,*,#1528,.T.);
#2180=ORIENTED_EDGE('',*,*,#1530,.T.);
#2181=ORIENTED_EDGE('',*,*,#1513,.F.);
#2182=ORIENTED_EDGE('',*,*,#1515,.F.);
#2183=ORIENTED_EDGE('',*,*,#1328,.F.);
#2184=ORIENTED_EDGE('',*,*,#1436,.F.);
#2185=ORIENTED_EDGE('',*,*,#1510,.F.);
#2186=ORIENTED_EDGE('',*,*,#1534,.T.);
#2187=ORIENTED_EDGE('',*,*,#1537,.T.);
#2188=ORIENTED_EDGE('',*,*,#1483,.F.);
#2189=ORIENTED_EDGE('',*,*,#1324,.F.);
#2190=ORIENTED_EDGE('',*,*,#1533,.F.);
#2191=ORIENTED_EDGE('',*,*,#1466,.F.);
#2192=ORIENTED_EDGE('',*,*,#1465,.F.);
#2193=ORIENTED_EDGE('',*,*,#1420,.F.);
#2194=ORIENTED_EDGE('',*,*,#1538,.T.);
#2195=ORIENTED_EDGE('',*,*,#1539,.T.);
#2196=ORIENTED_EDGE('',*,*,#1538,.F.);
#2197=ORIENTED_EDGE('',*,*,#1419,.F.);
#2198=ORIENTED_EDGE('',*,*,#1467,.F.);
#2199=ORIENTED_EDGE('',*,*,#1540,.T.);
#2200=ORIENTED_EDGE('',*,*,#1541,.T.);
#2201=ORIENTED_EDGE('',*,*,#1542,.T.);
#2202=ORIENTED_EDGE('',*,*,#1543,.F.);
#2203=ORIENTED_EDGE('',*,*,#1544,.T.);
#2204=ORIENTED_EDGE('',*,*,#1543,.T.);
#2205=ORIENTED_EDGE('',*,*,#1545,.T.);
#2206=ORIENTED_EDGE('',*,*,#1546,.F.);
#2207=ORIENTED_EDGE('',*,*,#1547,.T.);
#2208=ORIENTED_EDGE('',*,*,#1546,.T.);
#2209=ORIENTED_EDGE('',*,*,#1548,.T.);
#2210=ORIENTED_EDGE('',*,*,#1549,.F.);
#2211=ORIENTED_EDGE('',*,*,#1449,.F.);
#2212=ORIENTED_EDGE('',*,*,#1523,.F.);
#2213=ORIENTED_EDGE('',*,*,#1520,.F.);
#2214=ORIENTED_EDGE('',*,*,#1411,.F.);
#2215=ORIENTED_EDGE('',*,*,#1408,.F.);
#2216=ORIENTED_EDGE('',*,*,#1522,.F.);
#2217=ORIENTED_EDGE('',*,*,#1526,.F.);
#2218=ORIENTED_EDGE('',*,*,#1445,.F.);
#2219=ORIENTED_EDGE('',*,*,#1550,.F.);
#2220=ORIENTED_EDGE('',*,*,#1518,.F.);
#2221=ORIENTED_EDGE('',*,*,#1416,.F.);
#2222=ORIENTED_EDGE('',*,*,#1524,.F.);
#2223=ORIENTED_EDGE('',*,*,#1447,.F.);
#2224=ORIENTED_EDGE('',*,*,#1525,.F.);
#2225=ORIENTED_EDGE('',*,*,#1403,.F.);
#2226=ORIENTED_EDGE('',*,*,#1551,.T.);
#2227=ORIENTED_EDGE('',*,*,#1549,.T.);
#2228=ORIENTED_EDGE('',*,*,#1552,.T.);
#2229=ORIENTED_EDGE('',*,*,#1553,.T.);
#2230=ORIENTED_EDGE('',*,*,#1554,.T.);
#2231=ORIENTED_EDGE('',*,*,#1555,.F.);
#2232=ORIENTED_EDGE('',*,*,#1556,.F.);
#2233=ORIENTED_EDGE('',*,*,#1557,.F.);
#2234=ORIENTED_EDGE('',*,*,#1558,.T.);
#2235=ORIENTED_EDGE('',*,*,#1559,.T.);
#2236=ORIENTED_EDGE('',*,*,#1560,.F.);
#2237=ORIENTED_EDGE('',*,*,#1561,.T.);
#2238=ORIENTED_EDGE('',*,*,#1557,.T.);
#2239=ORIENTED_EDGE('',*,*,#1562,.F.);
#2240=ORIENTED_EDGE('',*,*,#1563,.T.);
#2241=ORIENTED_EDGE('',*,*,#1558,.F.);
#2242=ORIENTED_EDGE('',*,*,#1561,.F.);
#2243=ORIENTED_EDGE('',*,*,#1564,.F.);
#2244=ORIENTED_EDGE('',*,*,#1565,.T.);
#2245=ORIENTED_EDGE('',*,*,#1566,.F.);
#2246=ORIENTED_EDGE('',*,*,#1554,.F.);
#2247=ORIENTED_EDGE('',*,*,#1567,.T.);
#2248=ORIENTED_EDGE('',*,*,#1568,.F.);
#2249=ORIENTED_EDGE('',*,*,#1569,.T.);
#2250=ORIENTED_EDGE('',*,*,#1564,.T.);
#2251=ORIENTED_EDGE('',*,*,#1560,.T.);
#2252=ORIENTED_EDGE('',*,*,#1570,.T.);
#2253=ORIENTED_EDGE('',*,*,#1450,.T.);
#2254=ORIENTED_EDGE('',*,*,#1550,.T.);
#2255=ORIENTED_EDGE('',*,*,#1444,.T.);
#2256=ORIENTED_EDGE('',*,*,#1571,.T.);
#2257=ORIENTED_EDGE('',*,*,#1568,.T.);
#2258=ORIENTED_EDGE('',*,*,#1572,.T.);
#2259=ORIENTED_EDGE('',*,*,#1573,.T.);
#2260=ORIENTED_EDGE('',*,*,#1574,.T.);
#2261=ORIENTED_EDGE('',*,*,#1575,.T.);
#2262=ORIENTED_EDGE('',*,*,#1572,.F.);
#2263=ORIENTED_EDGE('',*,*,#1567,.F.);
#2264=ORIENTED_EDGE('',*,*,#1553,.F.);
#2265=ORIENTED_EDGE('',*,*,#1576,.T.);
#2266=ORIENTED_EDGE('',*,*,#1574,.F.);
#2267=ORIENTED_EDGE('',*,*,#1577,.T.);
#2268=ORIENTED_EDGE('',*,*,#1578,.T.);
#2269=ORIENTED_EDGE('',*,*,#1579,.T.);
#2270=ORIENTED_EDGE('',*,*,#1578,.F.);
#2271=ORIENTED_EDGE('',*,*,#1580,.T.);
#2272=ORIENTED_EDGE('',*,*,#1581,.F.);
#2273=ORIENTED_EDGE('',*,*,#1582,.T.);
#2274=ORIENTED_EDGE('',*,*,#1581,.T.);
#2275=ORIENTED_EDGE('',*,*,#1583,.T.);
#2276=ORIENTED_EDGE('',*,*,#1541,.F.);
#2277=ORIENTED_EDGE('',*,*,#1565,.F.);
#2278=ORIENTED_EDGE('',*,*,#1571,.F.);
#2279=ORIENTED_EDGE('',*,*,#1584,.F.);
#2280=ORIENTED_EDGE('',*,*,#1570,.F.);
#2281=ORIENTED_EDGE('',*,*,#1559,.F.);
#2282=ORIENTED_EDGE('',*,*,#1585,.T.);
#2283=ORIENTED_EDGE('',*,*,#1575,.F.);
#2284=ORIENTED_EDGE('',*,*,#1552,.F.);
#2285=ORIENTED_EDGE('',*,*,#1548,.F.);
#2286=ORIENTED_EDGE('',*,*,#1545,.F.);
#2287=ORIENTED_EDGE('',*,*,#1542,.F.);
#2288=ORIENTED_EDGE('',*,*,#1583,.F.);
#2289=ORIENTED_EDGE('',*,*,#1580,.F.);
#2290=ORIENTED_EDGE('',*,*,#1577,.F.);
#2291=ORIENTED_EDGE('',*,*,#1573,.F.);
#2292=ORIENTED_EDGE('',*,*,#1563,.F.);
#2293=ORIENTED_EDGE('',*,*,#1569,.F.);
#2294=ORIENTED_EDGE('',*,*,#1576,.F.);
#2295=ORIENTED_EDGE('',*,*,#1579,.F.);
#2296=ORIENTED_EDGE('',*,*,#1582,.F.);
#2297=ORIENTED_EDGE('',*,*,#1540,.F.);
#2298=ORIENTED_EDGE('',*,*,#1544,.F.);
#2299=ORIENTED_EDGE('',*,*,#1547,.F.);
#2300=ORIENTED_EDGE('',*,*,#1551,.F.);
#2301=ORIENTED_EDGE('',*,*,#1503,.T.);
#2302=ORIENTED_EDGE('',*,*,#1586,.T.);
#2303=ORIENTED_EDGE('',*,*,#1587,.T.);
#2304=ORIENTED_EDGE('',*,*,#1586,.F.);
#2305=ORIENTED_EDGE('',*,*,#1291,.T.);
#2306=ORIENTED_EDGE('',*,*,#1588,.F.);
#2307=ORIENTED_EDGE('',*,*,#1508,.T.);
#2308=ORIENTED_EDGE('',*,*,#1587,.F.);
#2309=ORIENTED_EDGE('',*,*,#1539,.F.);
#2310=ORIENTED_EDGE('',*,*,#1589,.T.);
#2311=ORIENTED_EDGE('',*,*,#1535,.F.);
#2312=ORIENTED_EDGE('',*,*,#1440,.T.);
#2313=ORIENTED_EDGE('',*,*,#1457,.F.);
#2314=ORIENTED_EDGE('',*,*,#1502,.T.);
#2315=ORIENTED_EDGE('',*,*,#1505,.T.);
#2316=ORIENTED_EDGE('',*,*,#1507,.T.);
#2317=ORIENTED_EDGE('',*,*,#1509,.T.);
#2318=ORIENTED_EDGE('',*,*,#1588,.T.);
#2319=ORIENTED_EDGE('',*,*,#1451,.T.);
#2320=ORIENTED_EDGE('',*,*,#1585,.F.);
#2321=ORIENTED_EDGE('',*,*,#1562,.T.);
#2322=ORIENTED_EDGE('',*,*,#1556,.T.);
#2323=ORIENTED_EDGE('',*,*,#1555,.T.);
#2324=ORIENTED_EDGE('',*,*,#1566,.T.);
#2325=ORIENTED_EDGE('',*,*,#1584,.T.);
#2326=ORIENTED_EDGE('',*,*,#1443,.F.);
#2327=ORIENTED_EDGE('',*,*,#1482,.F.);
#2328=ORIENTED_EDGE('',*,*,#1493,.F.);
#2329=ORIENTED_EDGE('',*,*,#1495,.F.);
#2330=ORIENTED_EDGE('',*,*,#1497,.F.);
#2331=ORIENTED_EDGE('',*,*,#1410,.T.);
#2332=ORIENTED_EDGE('',*,*,#1537,.F.);
#2333=ORIENTED_EDGE('',*,*,#1532,.F.);
#2334=ORIENTED_EDGE('',*,*,#1498,.F.);
#2335=ORIENTED_EDGE('',*,*,#1484,.F.);
#2336=ORIENTED_EDGE('',*,*,#1500,.T.);
#2337=ORIENTED_EDGE('',*,*,#1536,.F.);
#2338=ORIENTED_EDGE('',*,*,#1589,.F.);
#2339=ORIENTED_EDGE('',*,*,#1456,.F.);
#2340=ORIENTED_EDGE('',*,*,#1590,.T.);
#2341=ORIENTED_EDGE('',*,*,#1591,.T.);
#2342=ORIENTED_EDGE('',*,*,#1592,.T.);
#2343=ORIENTED_EDGE('',*,*,#1593,.T.);
#2344=ORIENTED_EDGE('',*,*,#1592,.F.);
#2345=ORIENTED_EDGE('',*,*,#1594,.F.);
#2346=ORIENTED_EDGE('',*,*,#1595,.T.);
#2347=ORIENTED_EDGE('',*,*,#1594,.T.);
#2348=ORIENTED_EDGE('',*,*,#1591,.F.);
#2349=ORIENTED_EDGE('',*,*,#1593,.F.);
#2350=ORIENTED_EDGE('',*,*,#1595,.F.);
#2351=ORIENTED_EDGE('',*,*,#1590,.F.);
#2352=ORIENTED_EDGE('',*,*,#1596,.F.);
#2353=ORIENTED_EDGE('',*,*,#1597,.F.);
#2354=ORIENTED_EDGE('',*,*,#1598,.F.);
#2355=ORIENTED_EDGE('',*,*,#1597,.T.);
#2356=ORIENTED_EDGE('',*,*,#1599,.T.);
#2357=ORIENTED_EDGE('',*,*,#1600,.F.);
#2358=ORIENTED_EDGE('',*,*,#1601,.F.);
#2359=ORIENTED_EDGE('',*,*,#1602,.F.);
#2360=ORIENTED_EDGE('',*,*,#1603,.F.);
#2361=ORIENTED_EDGE('',*,*,#1596,.T.);
#2362=ORIENTED_EDGE('',*,*,#1604,.F.);
#2363=ORIENTED_EDGE('',*,*,#1605,.F.);
#2364=ORIENTED_EDGE('',*,*,#1599,.F.);
#2365=ORIENTED_EDGE('',*,*,#1606,.F.);
#2366=ORIENTED_EDGE('',*,*,#1607,.T.);
#2367=ORIENTED_EDGE('',*,*,#1601,.T.);
#2368=ORIENTED_EDGE('',*,*,#1608,.F.);
#2369=ORIENTED_EDGE('',*,*,#1602,.T.);
#2370=ORIENTED_EDGE('',*,*,#1607,.F.);
#2371=ORIENTED_EDGE('',*,*,#1609,.F.);
#2372=ORIENTED_EDGE('',*,*,#1610,.F.);
#2373=ORIENTED_EDGE('',*,*,#1603,.T.);
#2374=ORIENTED_EDGE('',*,*,#1604,.T.);
#2375=ORIENTED_EDGE('',*,*,#1598,.T.);
#2376=ORIENTED_EDGE('',*,*,#1610,.T.);
#2377=ORIENTED_EDGE('',*,*,#1611,.T.);
#2378=ORIENTED_EDGE('',*,*,#1605,.T.);
#2379=ORIENTED_EDGE('',*,*,#1611,.F.);
#2380=ORIENTED_EDGE('',*,*,#1609,.T.);
#2381=ORIENTED_EDGE('',*,*,#1608,.T.);
#2382=ORIENTED_EDGE('',*,*,#1606,.T.);
#2383=ORIENTED_EDGE('',*,*,#1600,.T.);
#2384=ORIENTED_EDGE('',*,*,#1612,.T.);
#2385=ORIENTED_EDGE('',*,*,#1613,.T.);
#2386=ORIENTED_EDGE('',*,*,#1614,.F.);
#2387=ORIENTED_EDGE('',*,*,#1615,.T.);
#2388=ORIENTED_EDGE('',*,*,#1616,.F.);
#2389=ORIENTED_EDGE('',*,*,#1613,.F.);
#2390=ORIENTED_EDGE('',*,*,#1617,.T.);
#2391=ORIENTED_EDGE('',*,*,#1614,.T.);
#2392=ORIENTED_EDGE('',*,*,#1616,.T.);
#2393=ORIENTED_EDGE('',*,*,#1612,.F.);
#2394=ORIENTED_EDGE('',*,*,#1617,.F.);
#2395=ORIENTED_EDGE('',*,*,#1615,.F.);
#2396=ORIENTED_EDGE('',*,*,#1618,.F.);
#2397=ORIENTED_EDGE('',*,*,#1619,.F.);
#2398=ORIENTED_EDGE('',*,*,#1620,.F.);
#2399=ORIENTED_EDGE('',*,*,#1618,.T.);
#2400=ORIENTED_EDGE('',*,*,#1621,.T.);
#2401=ORIENTED_EDGE('',*,*,#1622,.F.);
#2402=ORIENTED_EDGE('',*,*,#1623,.F.);
#2403=ORIENTED_EDGE('',*,*,#1624,.F.);
#2404=ORIENTED_EDGE('',*,*,#1625,.T.);
#2405=ORIENTED_EDGE('',*,*,#1626,.F.);
#2406=ORIENTED_EDGE('',*,*,#1621,.F.);
#2407=ORIENTED_EDGE('',*,*,#1627,.F.);
#2408=ORIENTED_EDGE('',*,*,#1628,.F.);
#2409=ORIENTED_EDGE('',*,*,#1629,.F.);
#2410=ORIENTED_EDGE('',*,*,#1622,.T.);
#2411=ORIENTED_EDGE('',*,*,#1630,.F.);
#2412=ORIENTED_EDGE('',*,*,#1623,.T.);
#2413=ORIENTED_EDGE('',*,*,#1629,.T.);
#2414=ORIENTED_EDGE('',*,*,#1631,.T.);
#2415=ORIENTED_EDGE('',*,*,#1624,.T.);
#2416=ORIENTED_EDGE('',*,*,#1630,.T.);
#2417=ORIENTED_EDGE('',*,*,#1628,.T.);
#2418=ORIENTED_EDGE('',*,*,#1626,.T.);
#2419=ORIENTED_EDGE('',*,*,#1632,.F.);
#2420=ORIENTED_EDGE('',*,*,#1633,.T.);
#2421=ORIENTED_EDGE('',*,*,#1632,.T.);
#2422=ORIENTED_EDGE('',*,*,#1627,.T.);
#2423=ORIENTED_EDGE('',*,*,#1620,.T.);
#2424=ORIENTED_EDGE('',*,*,#1619,.T.);
#2425=ORIENTED_EDGE('',*,*,#1625,.F.);
#2426=ORIENTED_EDGE('',*,*,#1631,.F.);
#2427=ORIENTED_EDGE('',*,*,#1633,.F.);
#2428=PLANE('',#2655);
#2429=PLANE('',#2656);
#2430=PLANE('',#2657);
#2431=PLANE('',#2666);
#2432=PLANE('',#2667);
#2433=PLANE('',#2668);
#2434=PLANE('',#2669);
#2435=PLANE('',#2670);
#2436=PLANE('',#2671);
#2437=PLANE('',#2672);
#2438=PLANE('',#2673);
#2439=PLANE('',#2674);
#2440=PLANE('',#2683);
#2441=PLANE('',#2684);
#2442=PLANE('',#2685);
#2443=PLANE('',#2686);
#2444=PLANE('',#2687);
#2445=PLANE('',#2688);
#2446=PLANE('',#2697);
#2447=PLANE('',#2698);
#2448=PLANE('',#2699);
#2449=PLANE('',#2700);
#2450=PLANE('',#2708);
#2451=PLANE('',#2710);
#2452=PLANE('',#2711);
#2453=PLANE('',#2714);
#2454=PLANE('',#2715);
#2455=PLANE('',#2716);
#2456=PLANE('',#2717);
#2457=PLANE('',#2719);
#2458=PLANE('',#2721);
#2459=PLANE('',#2723);
#2460=PLANE('',#2725);
#2461=PLANE('',#2726);
#2462=PLANE('',#2731);
#2463=PLANE('',#2732);
#2464=PLANE('',#2748);
#2465=PLANE('',#2749);
#2466=PLANE('',#2755);
#2467=PLANE('',#2764);
#2468=PLANE('',#2778);
#2469=PLANE('',#2780);
#2470=PLANE('',#2781);
#2471=PLANE('',#2782);
#2472=PLANE('',#2783);
#2473=PLANE('',#2784);
#2474=PLANE('',#2786);
#2475=PLANE('',#2787);
#2476=PLANE('',#2788);
#2477=PLANE('',#2789);
#2478=PLANE('',#2794);
#2479=PLANE('',#2813);
#2480=PLANE('',#2816);
#2481=PLANE('',#2819);
#2482=PLANE('',#2824);
#2483=PLANE('',#2826);
#2484=PLANE('',#2828);
#2485=PLANE('',#2834);
#2486=PLANE('',#2835);
#2487=PLANE('',#2837);
#2488=PLANE('',#2841);
#2489=PLANE('',#2847);
#2490=PLANE('',#2848);
#2491=PLANE('',#2849);
#2492=PLANE('',#2850);
#2493=PLANE('',#2855);
#2494=PLANE('',#2856);
#2495=PLANE('',#2857);
#2496=PLANE('',#2858);
#2497=PLANE('',#2859);
#2498=PLANE('',#2864);
#2499=PLANE('',#2865);
#2500=PLANE('',#2866);
#2501=PLANE('',#2868);
#2502=PLANE('',#2870);
#2503=PLANE('',#2871);
#2504=PLANE('',#2880);
#2505=PLANE('',#2883);
#2506=PLANE('',#2884);
#2507=PLANE('',#2886);
#2508=PLANE('',#2892);
#2509=PLANE('',#2895);
#2510=ADVANCED_FACE('',(#300),#2428,.T.);
#2511=ADVANCED_FACE('',(#301),#2429,.T.);
#2512=ADVANCED_FACE('',(#302),#2430,.T.);
#2513=ADVANCED_FACE('',(#303),#226,.T.);
#2514=ADVANCED_FACE('',(#304),#2431,.T.);
#2515=ADVANCED_FACE('',(#305),#2432,.T.);
#2516=ADVANCED_FACE('',(#306),#2433,.T.);
#2517=ADVANCED_FACE('',(#307),#2434,.T.);
#2518=ADVANCED_FACE('',(#308),#2435,.T.);
#2519=ADVANCED_FACE('',(#309),#2436,.T.);
#2520=ADVANCED_FACE('',(#310),#2437,.T.);
#2521=ADVANCED_FACE('',(#311),#2438,.T.);
#2522=ADVANCED_FACE('',(#312),#2439,.T.);
#2523=ADVANCED_FACE('',(#313),#227,.T.);
#2524=ADVANCED_FACE('',(#314),#2440,.T.);
#2525=ADVANCED_FACE('',(#315),#2441,.T.);
#2526=ADVANCED_FACE('',(#316),#2442,.T.);
#2527=ADVANCED_FACE('',(#317),#2443,.T.);
#2528=ADVANCED_FACE('',(#318),#2444,.T.);
#2529=ADVANCED_FACE('',(#319),#2445,.T.);
#2530=ADVANCED_FACE('',(#320),#228,.F.);
#2531=ADVANCED_FACE('',(#321),#229,.F.);
#2532=ADVANCED_FACE('',(#322),#2446,.T.);
#2533=ADVANCED_FACE('',(#323),#2447,.T.);
#2534=ADVANCED_FACE('',(#324),#2448,.T.);
#2535=ADVANCED_FACE('',(#325),#2449,.T.);
#2536=ADVANCED_FACE('',(#326),#35,.F.);
#2537=ADVANCED_FACE('',(#327),#36,.F.);
#2538=ADVANCED_FACE('',(#328),#37,.F.);
#2539=ADVANCED_FACE('',(#329),#2450,.T.);
#2540=ADVANCED_FACE('',(#330),#230,.F.);
#2541=ADVANCED_FACE('',(#331),#2451,.T.);
#2542=ADVANCED_FACE('',(#332),#2452,.T.);
#2543=ADVANCED_FACE('',(#333),#231,.F.);
#2544=ADVANCED_FACE('',(#334),#2453,.T.);
#2545=ADVANCED_FACE('',(#335),#2454,.T.);
#2546=ADVANCED_FACE('',(#336),#2455,.T.);
#2547=ADVANCED_FACE('',(#337),#2456,.T.);
#2548=ADVANCED_FACE('',(#338),#2457,.T.);
#2549=ADVANCED_FACE('',(#339),#2458,.T.);
#2550=ADVANCED_FACE('',(#340),#2459,.T.);
#2551=ADVANCED_FACE('',(#341),#2460,.T.);
#2552=ADVANCED_FACE('',(#342),#2461,.T.);
#2553=ADVANCED_FACE('',(#343),#232,.F.);
#2554=ADVANCED_FACE('',(#344),#233,.F.);
#2555=ADVANCED_FACE('',(#345),#2462,.T.);
#2556=ADVANCED_FACE('',(#346),#2463,.T.);
#2557=ADVANCED_FACE('',(#347),#234,.F.);
#2558=ADVANCED_FACE('',(#348),#235,.F.);
#2559=ADVANCED_FACE('',(#349,#18,#19),#38,.F.);
#2560=ADVANCED_FACE('',(#350),#2464,.T.);
#2561=ADVANCED_FACE('',(#351,#20,#21),#2465,.F.);
#2562=ADVANCED_FACE('',(#352),#2466,.T.);
#2563=ADVANCED_FACE('',(#353),#39,.T.);
#2564=ADVANCED_FACE('',(#354,#22),#2467,.F.);
#2565=ADVANCED_FACE('',(#355),#40,.T.);
#2566=ADVANCED_FACE('',(#356,#23),#41,.F.);
#2567=ADVANCED_FACE('',(#357),#42,.F.);
#2568=ADVANCED_FACE('',(#358),#43,.T.);
#2569=ADVANCED_FACE('',(#359),#236,.F.);
#2570=ADVANCED_FACE('',(#360),#237,.F.);
#2571=ADVANCED_FACE('',(#361,#24),#44,.T.);
#2572=ADVANCED_FACE('',(#362),#45,.T.);
#2573=ADVANCED_FACE('',(#363,#25),#46,.T.);
#2574=ADVANCED_FACE('',(#364,#26),#2468,.F.);
#2575=ADVANCED_FACE('',(#365),#2469,.T.);
#2576=ADVANCED_FACE('',(#366),#2470,.T.);
#2577=ADVANCED_FACE('',(#367),#2471,.T.);
#2578=ADVANCED_FACE('',(#368),#2472,.T.);
#2579=ADVANCED_FACE('',(#369,#27),#2473,.F.);
#2580=ADVANCED_FACE('',(#370),#2474,.T.);
#2581=ADVANCED_FACE('',(#371),#2475,.T.);
#2582=ADVANCED_FACE('',(#372),#2476,.T.);
#2583=ADVANCED_FACE('',(#373),#2477,.T.);
#2584=ADVANCED_FACE('',(#374),#238,.F.);
#2585=ADVANCED_FACE('',(#375),#239,.F.);
#2586=ADVANCED_FACE('',(#376),#2478,.F.);
#2587=ADVANCED_FACE('',(#377),#47,.F.);
#2588=ADVANCED_FACE('',(#378),#48,.F.);
#2589=ADVANCED_FACE('',(#379),#49,.F.);
#2590=ADVANCED_FACE('',(#380),#240,.F.);
#2591=ADVANCED_FACE('',(#381),#241,.F.);
#2592=ADVANCED_FACE('',(#382),#242,.F.);
#2593=ADVANCED_FACE('',(#383),#243,.F.);
#2594=ADVANCED_FACE('',(#384),#244,.T.);
#2595=ADVANCED_FACE('',(#385,#28,#29,#30,#31,#32),#2479,.T.);
#2596=ADVANCED_FACE('',(#386),#245,.T.);
#2597=ADVANCED_FACE('',(#387),#2480,.F.);
#2598=ADVANCED_FACE('',(#388),#246,.F.);
#2599=ADVANCED_FACE('',(#389),#2481,.T.);
#2600=ADVANCED_FACE('',(#390),#50,.F.);
#2601=ADVANCED_FACE('',(#391),#2482,.T.);
#2602=ADVANCED_FACE('',(#392),#2483,.T.);
#2603=ADVANCED_FACE('',(#393),#2484,.F.);
#2604=ADVANCED_FACE('',(#394),#247,.F.);
#2605=ADVANCED_FACE('',(#395),#2485,.F.);
#2606=ADVANCED_FACE('',(#396),#2486,.F.);
#2607=ADVANCED_FACE('',(#397),#2487,.F.);
#2608=ADVANCED_FACE('',(#398),#51,.T.);
#2609=ADVANCED_FACE('',(#399),#2488,.F.);
#2610=ADVANCED_FACE('',(#400),#52,.T.);
#2611=ADVANCED_FACE('',(#401),#248,.T.);
#2612=ADVANCED_FACE('',(#402),#53,.T.);
#2613=ADVANCED_FACE('',(#403),#2489,.F.);
#2614=ADVANCED_FACE('',(#404),#2490,.F.);
#2615=ADVANCED_FACE('',(#405),#2491,.F.);
#2616=ADVANCED_FACE('',(#406),#2492,.F.);
#2617=ADVANCED_FACE('',(#407),#249,.F.);
#2618=ADVANCED_FACE('',(#408),#54,.T.);
#2619=ADVANCED_FACE('',(#409,#33),#2493,.T.);
#2620=ADVANCED_FACE('',(#410),#2494,.F.);
#2621=ADVANCED_FACE('',(#411,#34),#2495,.T.);
#2622=ADVANCED_FACE('',(#412),#2496,.F.);
#2623=ADVANCED_FACE('',(#413),#2497,.F.);
#2624=ADVANCED_FACE('',(#414),#250,.T.);
#2625=ADVANCED_FACE('',(#415),#251,.F.);
#2626=ADVANCED_FACE('',(#416),#2498,.T.);
#2627=ADVANCED_FACE('',(#417),#2499,.F.);
#2628=ADVANCED_FACE('',(#418),#2500,.F.);
#2629=ADVANCED_FACE('',(#419),#2501,.F.);
#2630=ADVANCED_FACE('',(#420),#2502,.T.);
#2631=ADVANCED_FACE('',(#421),#2503,.F.);
#2632=ADVANCED_FACE('',(#422),#252,.T.);
#2633=ADVANCED_FACE('',(#423),#253,.F.);
#2634=ADVANCED_FACE('',(#424),#55,.T.);
#2635=ADVANCED_FACE('',(#425),#254,.T.);
#2636=ADVANCED_FACE('',(#426),#255,.F.);
#2637=ADVANCED_FACE('',(#427),#2504,.T.);
#2638=ADVANCED_FACE('',(#428),#256,.T.);
#2639=ADVANCED_FACE('',(#429),#2505,.F.);
#2640=ADVANCED_FACE('',(#430),#2506,.F.);
#2641=ADVANCED_FACE('',(#431),#2507,.T.);
#2642=ADVANCED_FACE('',(#432),#257,.F.);
#2643=ADVANCED_FACE('',(#433),#258,.T.);
#2644=ADVANCED_FACE('',(#434),#2508,.F.);
#2645=ADVANCED_FACE('',(#435),#259,.T.);
#2646=ADVANCED_FACE('',(#436),#56,.T.);
#2647=ADVANCED_FACE('',(#437),#2509,.T.);
#2648=CLOSED_SHELL('',(#2510,#2511,#2512,#2513,#2514,#2515,#2516,#2517,
#2518,#2519,#2520,#2521,#2522,#2523,#2524,#2525,#2526,#2527,#2528,#2529,
#2530,#2531,#2532,#2533,#2534,#2535,#2536,#2537,#2538,#2539,#2540,#2541,
#2542,#2543,#2544,#2545,#2546,#2547,#2548,#2549,#2550,#2551,#2552,#2553,
#2554,#2555,#2556,#2557,#2558,#2559,#2560,#2561,#2562,#2563,#2564,#2565,
#2566,#2567,#2568,#2569,#2570,#2571,#2572,#2573,#2574,#2575,#2576,#2577,
#2578,#2579,#2580,#2581,#2582,#2583,#2584,#2585,#2586,#2587,#2588,#2589,
#2590,#2591,#2592,#2593,#2594,#2595,#2596,#2597,#2598,#2599,#2600,#2601,
#2602,#2603,#2604,#2605,#2606,#2607,#2608,#2609,#2610,#2611,#2612,#2613,
#2614,#2615,#2616,#2617,#2618,#2619,#2620,#2621,#2622,#2623));
#2649=CLOSED_SHELL('',(#2624,#2625,#2626,#2627));
#2650=CLOSED_SHELL('',(#2628,#2629,#2630,#2631,#2632,#2633,#2634,#2635));
#2651=CLOSED_SHELL('',(#2636,#2637,#2638,#2639));
#2652=CLOSED_SHELL('',(#2640,#2641,#2642,#2643,#2644,#2645,#2646,#2647));
#2653=BREP_WITH_VOIDS('Body1',#2648,(#14,#15,#16,#17));
#2654=AXIS2_PLACEMENT_3D('',#3568,#2896,#2897);
#2655=AXIS2_PLACEMENT_3D('',#3569,#2898,#2899);
#2656=AXIS2_PLACEMENT_3D('',#3578,#2904,#2905);
#2657=AXIS2_PLACEMENT_3D('',#3589,#2909,#2910);
#2658=AXIS2_PLACEMENT_3D('',#3598,#2915,#2916);
#2659=AXIS2_PLACEMENT_3D('',#3600,#2917,#2918);
#2660=AXIS2_PLACEMENT_3D('',#3602,#2919,#2920);
#2661=AXIS2_PLACEMENT_3D('',#3606,#2922,#2923);
#2662=AXIS2_PLACEMENT_3D('',#3607,#2924,#2925);
#2663=AXIS2_PLACEMENT_3D('',#3614,#2926,#2927);
#2664=AXIS2_PLACEMENT_3D('',#3643,#2929,#2930);
#2665=AXIS2_PLACEMENT_3D('',#3644,#2931,#2932);
#2666=AXIS2_PLACEMENT_3D('',#3645,#2933,#2934);
#2667=AXIS2_PLACEMENT_3D('',#3649,#2937,#2938);
#2668=AXIS2_PLACEMENT_3D('',#3652,#2941,#2942);
#2669=AXIS2_PLACEMENT_3D('',#3657,#2946,#2947);
#2670=AXIS2_PLACEMENT_3D('',#3659,#2949,#2950);
#2671=AXIS2_PLACEMENT_3D('',#3661,#2952,#2953);
#2672=AXIS2_PLACEMENT_3D('',#3662,#2954,#2955);
#2673=AXIS2_PLACEMENT_3D('',#3671,#2960,#2961);
#2674=AXIS2_PLACEMENT_3D('',#3680,#2966,#2967);
#2675=AXIS2_PLACEMENT_3D('',#3691,#2971,#2972);
#2676=AXIS2_PLACEMENT_3D('',#3693,#2973,#2974);
#2677=AXIS2_PLACEMENT_3D('',#3695,#2975,#2976);
#2678=AXIS2_PLACEMENT_3D('',#3699,#2978,#2979);
#2679=AXIS2_PLACEMENT_3D('',#3700,#2980,#2981);
#2680=AXIS2_PLACEMENT_3D('',#3702,#2982,#2983);
#2681=AXIS2_PLACEMENT_3D('',#3704,#2984,#2985);
#2682=AXIS2_PLACEMENT_3D('',#3732,#2987,#2988);
#2683=AXIS2_PLACEMENT_3D('',#3737,#2989,#2990);
#2684=AXIS2_PLACEMENT_3D('',#3743,#2994,#2995);
#2685=AXIS2_PLACEMENT_3D('',#3746,#2998,#2999);
#2686=AXIS2_PLACEMENT_3D('',#3749,#3002,#3003);
#2687=AXIS2_PLACEMENT_3D('',#3751,#3005,#3006);
#2688=AXIS2_PLACEMENT_3D('',#3753,#3008,#3009);
#2689=AXIS2_PLACEMENT_3D('',#3754,#3010,#3011);
#2690=AXIS2_PLACEMENT_3D('',#3787,#3013,#3014);
#2691=AXIS2_PLACEMENT_3D('',#3789,#3015,#3016);
#2692=AXIS2_PLACEMENT_3D('',#3790,#3017,#3018);
#2693=AXIS2_PLACEMENT_3D('',#3814,#3019,#3020);
#2694=AXIS2_PLACEMENT_3D('',#3817,#3021,#3022);
#2695=AXIS2_PLACEMENT_3D('',#3872,#3024,#3025);
#2696=AXIS2_PLACEMENT_3D('',#3873,#3026,#3027);
#2697=AXIS2_PLACEMENT_3D('',#3874,#3028,#3029);
#2698=AXIS2_PLACEMENT_3D('',#3879,#3033,#3034);
#2699=AXIS2_PLACEMENT_3D('',#3884,#3038,#3039);
#2700=AXIS2_PLACEMENT_3D('',#3896,#3046,#3047);
#2701=AXIS2_PLACEMENT_3D('',#3904,#3050,#3051);
#2702=AXIS2_PLACEMENT_3D('',#3907,#3052,#3053);
#2703=AXIS2_PLACEMENT_3D('',#3917,#3054,#3055);
#2704=AXIS2_PLACEMENT_3D('',#3981,#3056,#3057);
#2705=AXIS2_PLACEMENT_3D('',#3984,#3058,#3059);
#2706=AXIS2_PLACEMENT_3D('',#4013,#3060,#3061);
#2707=AXIS2_PLACEMENT_3D('',#4041,#3062,#3063);
#2708=AXIS2_PLACEMENT_3D('',#4045,#3064,#3065);
#2709=AXIS2_PLACEMENT_3D('',#4057,#3068,#3069);
#2710=AXIS2_PLACEMENT_3D('',#4097,#3072,#3073);
#2711=AXIS2_PLACEMENT_3D('',#4107,#3075,#3076);
#2712=AXIS2_PLACEMENT_3D('',#4109,#3077,#3078);
#2713=AXIS2_PLACEMENT_3D('',#4115,#3080,#3081);
#2714=AXIS2_PLACEMENT_3D('',#4134,#3083,#3084);
#2715=AXIS2_PLACEMENT_3D('',#4140,#3086,#3087);
#2716=AXIS2_PLACEMENT_3D('',#4148,#3090,#3091);
#2717=AXIS2_PLACEMENT_3D('',#4154,#3093,#3094);
#2718=AXIS2_PLACEMENT_3D('',#4157,#3096,#3097);
#2719=AXIS2_PLACEMENT_3D('',#4158,#3098,#3099);
#2720=AXIS2_PLACEMENT_3D('',#4159,#3100,#3101);
#2721=AXIS2_PLACEMENT_3D('',#4160,#3102,#3103);
#2722=AXIS2_PLACEMENT_3D('',#4163,#3105,#3106);
#2723=AXIS2_PLACEMENT_3D('',#4164,#3107,#3108);
#2724=AXIS2_PLACEMENT_3D('',#4166,#3109,#3110);
#2725=AXIS2_PLACEMENT_3D('',#4168,#3112,#3113);
#2726=AXIS2_PLACEMENT_3D('',#4174,#3115,#3116);
#2727=AXIS2_PLACEMENT_3D('',#4181,#3118,#3119);
#2728=AXIS2_PLACEMENT_3D('',#4182,#3120,#3121);
#2729=AXIS2_PLACEMENT_3D('',#4210,#3123,#3124);
#2730=AXIS2_PLACEMENT_3D('',#4212,#3125,#3126);
#2731=AXIS2_PLACEMENT_3D('',#4219,#3127,#3128);
#2732=AXIS2_PLACEMENT_3D('',#4223,#3129,#3130);
#2733=AXIS2_PLACEMENT_3D('',#4229,#3132,#3133);
#2734=AXIS2_PLACEMENT_3D('',#4246,#3134,#3135);
#2735=AXIS2_PLACEMENT_3D('',#4253,#3136,#3137);
#2736=AXIS2_PLACEMENT_3D('',#4255,#3138,#3139);
#2737=AXIS2_PLACEMENT_3D('',#4260,#3142,#3143);
#2738=AXIS2_PLACEMENT_3D('',#4262,#3144,#3145);
#2739=AXIS2_PLACEMENT_3D('',#4269,#3146,#3147);
#2740=AXIS2_PLACEMENT_3D('',#4276,#3148,#3149);
#2741=AXIS2_PLACEMENT_3D('',#4278,#3150,#3151);
#2742=AXIS2_PLACEMENT_3D('',#4281,#3153,#3154);
#2743=AXIS2_PLACEMENT_3D('',#4283,#3155,#3156);
#2744=AXIS2_PLACEMENT_3D('',#4285,#3157,#3158);
#2745=AXIS2_PLACEMENT_3D('',#4292,#3159,#3160);
#2746=AXIS2_PLACEMENT_3D('',#4299,#3161,#3162);
#2747=AXIS2_PLACEMENT_3D('',#4300,#3163,#3164);
#2748=AXIS2_PLACEMENT_3D('',#4464,#3165,#3166);
#2749=AXIS2_PLACEMENT_3D('',#4465,#3167,#3168);
#2750=AXIS2_PLACEMENT_3D('',#4466,#3169,#3170);
#2751=AXIS2_PLACEMENT_3D('',#4470,#3172,#3173);
#2752=AXIS2_PLACEMENT_3D('',#4477,#3177,#3178);
#2753=AXIS2_PLACEMENT_3D('',#4479,#3179,#3180);
#2754=AXIS2_PLACEMENT_3D('',#4481,#3181,#3182);
#2755=AXIS2_PLACEMENT_3D('',#4482,#3183,#3184);
#2756=AXIS2_PLACEMENT_3D('',#4490,#3189,#3190);
#2757=AXIS2_PLACEMENT_3D('',#4492,#3191,#3192);
#2758=AXIS2_PLACEMENT_3D('',#4494,#3193,#3194);
#2759=AXIS2_PLACEMENT_3D('',#4496,#3195,#3196);
#2760=AXIS2_PLACEMENT_3D('',#4503,#3197,#3198);
#2761=AXIS2_PLACEMENT_3D('',#4510,#3199,#3200);
#2762=AXIS2_PLACEMENT_3D('',#4512,#3201,#3202);
#2763=AXIS2_PLACEMENT_3D('',#4513,#3203,#3204);
#2764=AXIS2_PLACEMENT_3D('',#4514,#3205,#3206);
#2765=AXIS2_PLACEMENT_3D('',#4516,#3207,#3208);
#2766=AXIS2_PLACEMENT_3D('',#4527,#3214,#3215);
#2767=AXIS2_PLACEMENT_3D('',#4528,#3216,#3217);
#2768=AXIS2_PLACEMENT_3D('',#4544,#3218,#3219);
#2769=AXIS2_PLACEMENT_3D('',#4635,#3220,#3221);
#2770=AXIS2_PLACEMENT_3D('',#4636,#3222,#3223);
#2771=AXIS2_PLACEMENT_3D('',#4638,#3224,#3225);
#2772=AXIS2_PLACEMENT_3D('',#4654,#3226,#3227);
#2773=AXIS2_PLACEMENT_3D('',#4700,#3229,#3230);
#2774=AXIS2_PLACEMENT_3D('',#4746,#3232,#3233);
#2775=AXIS2_PLACEMENT_3D('',#4747,#3234,#3235);
#2776=AXIS2_PLACEMENT_3D('',#4752,#3236,#3237);
#2777=AXIS2_PLACEMENT_3D('',#4753,#3238,#3239);
#2778=AXIS2_PLACEMENT_3D('',#4754,#3240,#3241);
#2779=AXIS2_PLACEMENT_3D('',#4765,#3247,#3248);
#2780=AXIS2_PLACEMENT_3D('',#4766,#3249,#3250);
#2781=AXIS2_PLACEMENT_3D('',#4772,#3254,#3255);
#2782=AXIS2_PLACEMENT_3D('',#4776,#3258,#3259);
#2783=AXIS2_PLACEMENT_3D('',#4780,#3262,#3263);
#2784=AXIS2_PLACEMENT_3D('',#4784,#3266,#3267);
#2785=AXIS2_PLACEMENT_3D('',#4794,#3273,#3274);
#2786=AXIS2_PLACEMENT_3D('',#4795,#3275,#3276);
#2787=AXIS2_PLACEMENT_3D('',#4799,#3279,#3280);
#2788=AXIS2_PLACEMENT_3D('',#4803,#3283,#3284);
#2789=AXIS2_PLACEMENT_3D('',#4809,#3286,#3287);
#2790=AXIS2_PLACEMENT_3D('',#4815,#3291,#3292);
#2791=AXIS2_PLACEMENT_3D('',#4817,#3293,#3294);
#2792=AXIS2_PLACEMENT_3D('',#4819,#3296,#3297);
#2793=AXIS2_PLACEMENT_3D('',#4821,#3298,#3299);
#2794=AXIS2_PLACEMENT_3D('',#4823,#3301,#3302);
#2795=AXIS2_PLACEMENT_3D('',#4825,#3304,#3305);
#2796=AXIS2_PLACEMENT_3D('',#4826,#3306,#3307);
#2797=AXIS2_PLACEMENT_3D('',#4827,#3308,#3309);
#2798=AXIS2_PLACEMENT_3D('',#4835,#3310,#3311);
#2799=AXIS2_PLACEMENT_3D('',#4836,#3312,#3313);
#2800=AXIS2_PLACEMENT_3D('',#4844,#3314,#3315);
#2801=AXIS2_PLACEMENT_3D('',#4845,#3316,#3317);
#2802=AXIS2_PLACEMENT_3D('',#4846,#3318,#3319);
#2803=AXIS2_PLACEMENT_3D('',#4847,#3320,#3321);
#2804=AXIS2_PLACEMENT_3D('',#4848,#3322,#3323);
#2805=AXIS2_PLACEMENT_3D('',#4849,#3324,#3325);
#2806=AXIS2_PLACEMENT_3D('',#4850,#3326,#3327);
#2807=AXIS2_PLACEMENT_3D('',#4851,#3328,#3329);
#2808=AXIS2_PLACEMENT_3D('',#4854,#3331,#3332);
#2809=AXIS2_PLACEMENT_3D('',#4855,#3333,#3334);
#2810=AXIS2_PLACEMENT_3D('',#4858,#3336,#3337);
#2811=AXIS2_PLACEMENT_3D('',#4859,#3338,#3339);
#2812=AXIS2_PLACEMENT_3D('',#4860,#3340,#3341);
#2813=AXIS2_PLACEMENT_3D('',#4861,#3342,#3343);
#2814=AXIS2_PLACEMENT_3D('',#4865,#3346,#3347);
#2815=AXIS2_PLACEMENT_3D('',#4869,#3350,#3351);
#2816=AXIS2_PLACEMENT_3D('',#4870,#3352,#3353);
#2817=AXIS2_PLACEMENT_3D('',#4872,#3355,#3356);
#2818=AXIS2_PLACEMENT_3D('',#4875,#3358,#3359);
#2819=AXIS2_PLACEMENT_3D('',#4876,#3360,#3361);
#2820=AXIS2_PLACEMENT_3D('',#4881,#3363,#3364);
#2821=AXIS2_PLACEMENT_3D('',#4884,#3366,#3367);
#2822=AXIS2_PLACEMENT_3D('',#4885,#3368,#3369);
#2823=AXIS2_PLACEMENT_3D('',#4890,#3372,#3373);
#2824=AXIS2_PLACEMENT_3D('',#4891,#3374,#3375);
#2825=AXIS2_PLACEMENT_3D('',#4896,#3378,#3379);
#2826=AXIS2_PLACEMENT_3D('',#4897,#3380,#3381);
#2827=AXIS2_PLACEMENT_3D('',#4898,#3382,#3383);
#2828=AXIS2_PLACEMENT_3D('',#4899,#3384,#3385);
#2829=AXIS2_PLACEMENT_3D('',#4900,#3386,#3387);
#2830=AXIS2_PLACEMENT_3D('',#4906,#3390,#3391);
#2831=AXIS2_PLACEMENT_3D('',#4910,#3393,#3394);
#2832=AXIS2_PLACEMENT_3D('',#4912,#3395,#3396);
#2833=AXIS2_PLACEMENT_3D('',#4915,#3398,#3399);
#2834=AXIS2_PLACEMENT_3D('',#4916,#3400,#3401);
#2835=AXIS2_PLACEMENT_3D('',#4926,#3405,#3406);
#2836=AXIS2_PLACEMENT_3D('',#4929,#3408,#3409);
#2837=AXIS2_PLACEMENT_3D('',#4930,#3410,#3411);
#2838=AXIS2_PLACEMENT_3D('',#4940,#3415,#3416);
#2839=AXIS2_PLACEMENT_3D('',#4946,#3420,#3421);
#2840=AXIS2_PLACEMENT_3D('',#4949,#3423,#3424);
#2841=AXIS2_PLACEMENT_3D('',#4950,#3425,#3426);
#2842=AXIS2_PLACEMENT_3D('',#4952,#3428,#3429);
#2843=AXIS2_PLACEMENT_3D('',#4957,#3432,#3433);
#2844=AXIS2_PLACEMENT_3D('',#4958,#3434,#3435);
#2845=AXIS2_PLACEMENT_3D('',#4963,#3438,#3439);
#2846=AXIS2_PLACEMENT_3D('',#4964,#3440,#3441);
#2847=AXIS2_PLACEMENT_3D('',#4967,#3444,#3445);
#2848=AXIS2_PLACEMENT_3D('',#4969,#3447,#3448);
#2849=AXIS2_PLACEMENT_3D('',#4971,#3450,#3451);
#2850=AXIS2_PLACEMENT_3D('',#4972,#3452,#3453);
#2851=AXIS2_PLACEMENT_3D('',#4973,#3454,#3455);
#2852=AXIS2_PLACEMENT_3D('',#4976,#3457,#3458);
#2853=AXIS2_PLACEMENT_3D('',#4977,#3459,#3460);
#2854=AXIS2_PLACEMENT_3D('',#4978,#3461,#3462);
#2855=AXIS2_PLACEMENT_3D('',#4979,#3463,#3464);
#2856=AXIS2_PLACEMENT_3D('',#4980,#3465,#3466);
#2857=AXIS2_PLACEMENT_3D('',#4982,#3468,#3469);
#2858=AXIS2_PLACEMENT_3D('',#4983,#3470,#3471);
#2859=AXIS2_PLACEMENT_3D('',#4984,#3472,#3473);
#2860=AXIS2_PLACEMENT_3D('',#4985,#3474,#3475);
#2861=AXIS2_PLACEMENT_3D('',#4990,#3477,#3478);
#2862=AXIS2_PLACEMENT_3D('',#4995,#3479,#3480);
#2863=AXIS2_PLACEMENT_3D('',#4997,#3481,#3482);
#2864=AXIS2_PLACEMENT_3D('',#4999,#3484,#3485);
#2865=AXIS2_PLACEMENT_3D('',#5001,#3487,#3488);
#2866=AXIS2_PLACEMENT_3D('',#5002,#3489,#3490);
#2867=AXIS2_PLACEMENT_3D('',#5008,#3493,#3494);
#2868=AXIS2_PLACEMENT_3D('',#5009,#3495,#3496);
#2869=AXIS2_PLACEMENT_3D('',#5013,#3498,#3499);
#2870=AXIS2_PLACEMENT_3D('',#5019,#3503,#3504);
#2871=AXIS2_PLACEMENT_3D('',#5025,#3506,#3507);
#2872=AXIS2_PLACEMENT_3D('',#5028,#3509,#3510);
#2873=AXIS2_PLACEMENT_3D('',#5029,#3511,#3512);
#2874=AXIS2_PLACEMENT_3D('',#5034,#3513,#3514);
#2875=AXIS2_PLACEMENT_3D('',#5040,#3515,#3516);
#2876=AXIS2_PLACEMENT_3D('',#5041,#3517,#3518);
#2877=AXIS2_PLACEMENT_3D('',#5048,#3519,#3520);
#2878=AXIS2_PLACEMENT_3D('',#5049,#3521,#3522);
#2879=AXIS2_PLACEMENT_3D('',#5052,#3523,#3524);
#2880=AXIS2_PLACEMENT_3D('',#5059,#3526,#3527);
#2881=AXIS2_PLACEMENT_3D('',#5062,#3529,#3530);
#2882=AXIS2_PLACEMENT_3D('',#5063,#3531,#3532);
#2883=AXIS2_PLACEMENT_3D('',#5065,#3534,#3535);
#2884=AXIS2_PLACEMENT_3D('',#5066,#3536,#3537);
#2885=AXIS2_PLACEMENT_3D('',#5072,#3540,#3541);
#2886=AXIS2_PLACEMENT_3D('',#5073,#3542,#3543);
#2887=AXIS2_PLACEMENT_3D('',#5081,#3547,#3548);
#2888=AXIS2_PLACEMENT_3D('',#5083,#3550,#3551);
#2889=AXIS2_PLACEMENT_3D('',#5089,#3552,#3553);
#2890=AXIS2_PLACEMENT_3D('',#5090,#3554,#3555);
#2891=AXIS2_PLACEMENT_3D('',#5096,#3556,#3557);
#2892=AXIS2_PLACEMENT_3D('',#5097,#3558,#3559);
#2893=AXIS2_PLACEMENT_3D('',#5099,#3561,#3562);
#2894=AXIS2_PLACEMENT_3D('',#5108,#3564,#3565);
#2895=AXIS2_PLACEMENT_3D('',#5112,#3566,#3567);
#2896=DIRECTION('axis',(0.,0.,1.));
#2897=DIRECTION('refdir',(1.,0.,0.));
#2898=DIRECTION('center_axis',(0.830049599782593,0.,0.55768957485393));
#2899=DIRECTION('ref_axis',(0.55768957485393,0.,-0.830049599782593));
#2900=DIRECTION('',(0.55768957485393,0.,-0.830049599782593));
#2901=DIRECTION('',(0.,1.,0.));
#2902=DIRECTION('',(0.55768957485393,0.,-0.830049599782593));
#2903=DIRECTION('',(0.,1.,0.));
#2904=DIRECTION('center_axis',(0.490261239632559,0.,0.871575537124549));
#2905=DIRECTION('ref_axis',(0.,1.,0.));
#2906=DIRECTION('',(0.,1.,0.));
#2907=DIRECTION('',(0.871575537124549,0.,-0.490261239632559));
#2908=DIRECTION('',(-0.871575537124549,0.,0.490261239632559));
#2909=DIRECTION('center_axis',(0.490261239632559,0.,0.871575537124549));
#2910=DIRECTION('ref_axis',(0.,1.,0.));
#2911=DIRECTION('',(0.,-1.,0.));
#2912=DIRECTION('',(-0.871575537124549,0.,0.490261239632559));
#2913=DIRECTION('',(0.,-1.,0.));
#2914=DIRECTION('',(0.871575537124549,0.,-0.490261239632559));
#2915=DIRECTION('center_axis',(-0.871575537124549,0.,0.490261239632559));
#2916=DIRECTION('ref_axis',(0.490261239632559,0.,0.871575537124549));
#2917=DIRECTION('center_axis',(0.870022185848613,0.,-0.493012571980879));
#2918=DIRECTION('ref_axis',(0.493012571980879,0.,0.870022185848613));
#2919=DIRECTION('center_axis',(0.870022185848612,0.,-0.49301257198088));
#2920=DIRECTION('ref_axis',(0.49301257198088,0.,0.870022185848612));
#2921=DIRECTION('',(-0.870022184538437,-5.48800198935672E-5,0.493012571238451));
#2922=DIRECTION('center_axis',(-0.870022185848612,0.,0.49301257198088));
#2923=DIRECTION('ref_axis',(0.49301257198088,0.,0.870022185848612));
#2924=DIRECTION('center_axis',(-0.870022185848613,0.,0.49301257198088));
#2925=DIRECTION('ref_axis',(0.49301257198088,0.,0.870022185848613));
#2926=DIRECTION('center_axis',(0.,0.,1.));
#2927=DIRECTION('ref_axis',(1.,0.,0.));
#2928=DIRECTION('',(-0.871575537124549,0.,0.490261239632559));
#2929=DIRECTION('center_axis',(0.,0.,1.));
#2930=DIRECTION('ref_axis',(1.,0.,0.));
#2931=DIRECTION('center_axis',(0.871575537124549,0.,-0.490261239632559));
#2932=DIRECTION('ref_axis',(0.490261239632559,0.,0.871575537124549));
#2933=DIRECTION('center_axis',(0.870022185848612,0.,-0.49301257198088));
#2934=DIRECTION('ref_axis',(-0.49301257198088,0.,-0.870022185848612));
#2935=DIRECTION('',(-0.49301257198088,0.,-0.870022185848612));
#2936=DIRECTION('',(0.,1.,0.));
#2937=DIRECTION('center_axis',(0.870022185848612,0.,-0.49301257198088));
#2938=DIRECTION('ref_axis',(-0.49301257198088,0.,-0.870022185848612));
#2939=DIRECTION('',(-0.493012571980879,0.,-0.870022185848613));
#2940=DIRECTION('',(-0.49301257198088,0.,-0.870022185848612));
#2941=DIRECTION('center_axis',(0.,-1.,0.));
#2942=DIRECTION('ref_axis',(1.,0.,0.));
#2943=DIRECTION('',(0.49301257198088,0.,0.870022185848612));
#2944=DIRECTION('',(-0.870022185848612,0.,0.49301257198088));
#2945=DIRECTION('',(0.49301257198088,0.,0.870022185848612));
#2946=DIRECTION('center_axis',(-0.870022185848612,0.,0.49301257198088));
#2947=DIRECTION('ref_axis',(0.49301257198088,0.,0.870022185848612));
#2948=DIRECTION('',(0.49301257198088,0.,0.870022185848613));
#2949=DIRECTION('center_axis',(-0.870022185848612,0.,0.49301257198088));
#2950=DIRECTION('ref_axis',(0.49301257198088,0.,0.870022185848612));
#2951=DIRECTION('',(0.,1.,0.));
#2952=DIRECTION('center_axis',(-0.49301257198088,0.,-0.870022185848612));
#2953=DIRECTION('ref_axis',(-0.870022185848612,0.,0.49301257198088));
#2954=DIRECTION('center_axis',(0.830049599782593,0.,-0.55768957485393));
#2955=DIRECTION('ref_axis',(-0.55768957485393,0.,-0.830049599782593));
#2956=DIRECTION('',(-0.55768957485393,0.,-0.830049599782593));
#2957=DIRECTION('',(0.,1.,0.));
#2958=DIRECTION('',(0.55768957485393,0.,0.830049599782593));
#2959=DIRECTION('',(0.,1.,0.));
#2960=DIRECTION('center_axis',(0.490261239632559,0.,-0.871575537124549));
#2961=DIRECTION('ref_axis',(0.,-1.,0.));
#2962=DIRECTION('',(0.,1.,0.));
#2963=DIRECTION('',(-0.871575537124549,0.,-0.490261239632559));
#2964=DIRECTION('',(0.,1.,0.));
#2965=DIRECTION('',(0.871575537124549,0.,0.490261239632559));
#2966=DIRECTION('center_axis',(0.490261239632559,0.,-0.871575537124549));
#2967=DIRECTION('ref_axis',(0.,-1.,0.));
#2968=DIRECTION('',(0.,-1.,0.));
#2969=DIRECTION('',(0.871575537124549,0.,0.490261239632559));
#2970=DIRECTION('',(-0.871575537124549,0.,-0.490261239632559));
#2971=DIRECTION('center_axis',(0.871575537124549,0.,0.490261239632559));
#2972=DIRECTION('ref_axis',(0.490261239632559,0.,-0.871575537124549));
#2973=DIRECTION('center_axis',(-0.870022185848612,0.,-0.49301257198088));
#2974=DIRECTION('ref_axis',(0.49301257198088,0.,-0.870022185848612));
#2975=DIRECTION('center_axis',(-0.870022185848612,0.,-0.49301257198088));
#2976=DIRECTION('ref_axis',(0.49301257198088,0.,-0.870022185848612));
#2977=DIRECTION('',(0.870022184538437,5.48800198935763E-5,0.493012571238451));
#2978=DIRECTION('center_axis',(0.870022185848612,0.,0.49301257198088));
#2979=DIRECTION('ref_axis',(0.49301257198088,0.,-0.870022185848612));
#2980=DIRECTION('center_axis',(0.870022185848612,0.,0.49301257198088));
#2981=DIRECTION('ref_axis',(0.49301257198088,0.,-0.870022185848612));
#2982=DIRECTION('center_axis',(0.871575537124549,0.,0.490261239632559));
#2983=DIRECTION('ref_axis',(0.490261239632559,0.,-0.871575537124549));
#2984=DIRECTION('center_axis',(0.,0.,-1.));
#2985=DIRECTION('ref_axis',(1.,0.,0.));
#2986=DIRECTION('',(0.871575537124549,0.,0.490261239632559));
#2987=DIRECTION('center_axis',(0.,0.,-1.));
#2988=DIRECTION('ref_axis',(1.,0.,0.));
#2989=DIRECTION('center_axis',(-0.49301257198088,0.,0.870022185848612));
#2990=DIRECTION('ref_axis',(0.870022185848612,0.,0.49301257198088));
#2991=DIRECTION('',(0.,1.,0.));
#2992=DIRECTION('',(-0.870022185848612,0.,-0.49301257198088));
#2993=DIRECTION('',(0.,1.,0.));
#2994=DIRECTION('center_axis',(0.870022185848612,0.,0.49301257198088));
#2995=DIRECTION('ref_axis',(0.49301257198088,0.,-0.870022185848612));
#2996=DIRECTION('',(-0.49301257198088,0.,0.870022185848612));
#2997=DIRECTION('',(0.493012571980879,0.,-0.870022185848613));
#2998=DIRECTION('center_axis',(-0.870022185848612,0.,-0.49301257198088));
#2999=DIRECTION('ref_axis',(-0.49301257198088,0.,0.870022185848612));
#3000=DIRECTION('',(-0.49301257198088,0.,0.870022185848613));
#3001=DIRECTION('',(0.49301257198088,0.,-0.870022185848612));
#3002=DIRECTION('center_axis',(-0.870022185848612,0.,-0.49301257198088));
#3003=DIRECTION('ref_axis',(-0.49301257198088,0.,0.870022185848612));
#3004=DIRECTION('',(0.49301257198088,0.,-0.870022185848612));
#3005=DIRECTION('center_axis',(0.870022185848612,0.,0.49301257198088));
#3006=DIRECTION('ref_axis',(0.49301257198088,0.,-0.870022185848612));
#3007=DIRECTION('',(-0.49301257198088,0.,0.870022185848612));
#3008=DIRECTION('center_axis',(0.,-1.,0.));
#3009=DIRECTION('ref_axis',(1.,0.,0.));
#3010=DIRECTION('center_axis',(-0.871575537124549,0.,0.490261239632559));
#3011=DIRECTION('ref_axis',(0.490261239632559,0.,0.871575537124549));
#3012=DIRECTION('',(0.871575537124549,0.,-0.490261239632559));
#3013=DIRECTION('center_axis',(0.,0.,-1.));
#3014=DIRECTION('ref_axis',(1.,0.,0.));
#3015=DIRECTION('center_axis',(-0.871575537124549,0.,0.490261239632559));
#3016=DIRECTION('ref_axis',(0.490261239632559,0.,0.871575537124549));
#3017=DIRECTION('center_axis',(0.,0.,-1.));
#3018=DIRECTION('ref_axis',(1.,0.,0.));
#3019=DIRECTION('center_axis',(0.871575537124549,0.,0.490261239632559));
#3020=DIRECTION('ref_axis',(0.490261239632559,0.,-0.871575537124549));
#3021=DIRECTION('center_axis',(0.,0.,1.));
#3022=DIRECTION('ref_axis',(1.,0.,0.));
#3023=DIRECTION('',(-0.871575537124549,0.,-0.490261239632559));
#3024=DIRECTION('center_axis',(0.,0.,1.));
#3025=DIRECTION('ref_axis',(1.,0.,0.));
#3026=DIRECTION('center_axis',(-0.871575537124549,0.,-0.490261239632559));
#3027=DIRECTION('ref_axis',(0.490261239632559,0.,-0.871575537124549));
#3028=DIRECTION('center_axis',(0.871575537124549,0.,-0.490261239632559));
#3029=DIRECTION('ref_axis',(-0.490261239632559,0.,-0.871575537124549));
#3030=DIRECTION('',(0.,1.,0.));
#3031=DIRECTION('',(-0.490261239632559,0.,-0.871575537124549));
#3032=DIRECTION('',(0.,1.,0.));
#3033=DIRECTION('center_axis',(0.871575537124549,0.,0.490261239632559));
#3034=DIRECTION('ref_axis',(0.490261239632559,0.,-0.871575537124549));
#3035=DIRECTION('',(0.,-1.,0.));
#3036=DIRECTION('',(0.490261239632559,0.,-0.871575537124549));
#3037=DIRECTION('',(0.,-1.,0.));
#3038=DIRECTION('center_axis',(0.,0.,-1.));
#3039=DIRECTION('ref_axis',(1.,0.,0.));
#3040=DIRECTION('',(1.,0.,0.));
#3041=DIRECTION('',(0.,-1.,0.));
#3042=DIRECTION('',(1.,0.,0.));
#3043=DIRECTION('',(0.,-1.,0.));
#3044=DIRECTION('',(1.,0.,0.));
#3045=DIRECTION('',(0.,1.,0.));
#3046=DIRECTION('center_axis',(-0.490261239632559,0.,0.871575537124549));
#3047=DIRECTION('ref_axis',(0.,1.,0.));
#3048=DIRECTION('',(0.,1.,0.));
#3049=DIRECTION('',(0.871575537124549,0.,0.490261239632559));
#3050=DIRECTION('center_axis',(0.,1.,0.));
#3051=DIRECTION('ref_axis',(-1.,0.,-1.22464679914735E-16));
#3052=DIRECTION('center_axis',(0.,-1.,0.));
#3053=DIRECTION('ref_axis',(1.,0.,0.));
#3054=DIRECTION('center_axis',(0.,-1.,0.));
#3055=DIRECTION('ref_axis',(1.,0.,0.));
#3056=DIRECTION('center_axis',(0.,1.,0.));
#3057=DIRECTION('ref_axis',(1.,0.,0.));
#3058=DIRECTION('center_axis',(0.,-1.,0.));
#3059=DIRECTION('ref_axis',(1.,0.,0.));
#3060=DIRECTION('center_axis',(0.,1.,0.));
#3061=DIRECTION('ref_axis',(1.,0.,0.));
#3062=DIRECTION('center_axis',(0.,-1.,0.));
#3063=DIRECTION('ref_axis',(1.,0.,0.));
#3064=DIRECTION('center_axis',(0.490261239632559,0.,0.871575537124549));
#3065=DIRECTION('ref_axis',(0.,1.,0.));
#3066=DIRECTION('',(-0.871575537124549,0.,0.490261239632559));
#3067=DIRECTION('',(-0.871575537124549,0.,0.490261239632559));
#3068=DIRECTION('center_axis',(-0.871575537124549,0.,-0.490261239632559));
#3069=DIRECTION('ref_axis',(0.,1.,0.));
#3070=DIRECTION('',(-0.871575537124549,0.,-0.490261239632559));
#3071=DIRECTION('',(-0.871575537124549,0.,-0.490261239632559));
#3072=DIRECTION('center_axis',(0.490261239632559,0.,-0.871575537124549));
#3073=DIRECTION('ref_axis',(0.,-1.,0.));
#3074=DIRECTION('',(-0.871575537124549,0.,-0.490261239632559));
#3075=DIRECTION('center_axis',(-0.490261239632559,0.,0.871575537124549));
#3076=DIRECTION('ref_axis',(0.,1.,0.));
#3077=DIRECTION('center_axis',(-0.490261239632559,0.,0.871575537124549));
#3078=DIRECTION('ref_axis',(-0.871575537124549,0.,-0.490261239632559));
#3079=DIRECTION('',(-0.871575537124549,0.,-0.490261239632559));
#3080=DIRECTION('center_axis',(-0.871575537124549,0.,0.490261239632559));
#3081=DIRECTION('ref_axis',(0.,1.,0.));
#3082=DIRECTION('',(-0.871575537124549,0.,0.490261239632559));
#3083=DIRECTION('center_axis',(0.490261239632559,0.,0.871575537124549));
#3084=DIRECTION('ref_axis',(0.,1.,0.));
#3085=DIRECTION('',(-0.871575537124549,0.,0.490261239632559));
#3086=DIRECTION('center_axis',(-0.490261239632559,0.,-0.871575537124549));
#3087=DIRECTION('ref_axis',(0.,-1.,0.));
#3088=DIRECTION('',(0.,1.,0.));
#3089=DIRECTION('',(-0.871575537124549,0.,0.490261239632559));
#3090=DIRECTION('center_axis',(-0.490261239632559,0.,0.871575537124549));
#3091=DIRECTION('ref_axis',(0.,1.,0.));
#3092=DIRECTION('',(-0.871575537124549,0.,-0.490261239632559));
#3093=DIRECTION('center_axis',(0.,1.,0.));
#3094=DIRECTION('ref_axis',(0.490261239632558,0.,-0.87157553712455));
#3095=DIRECTION('',(-0.871575537124549,0.,-0.490261239632559));
#3096=DIRECTION('center_axis',(0.,-1.,0.));
#3097=DIRECTION('ref_axis',(1.,0.,0.));
#3098=DIRECTION('center_axis',(0.,1.,0.));
#3099=DIRECTION('ref_axis',(0.490261239632558,0.,-0.87157553712455));
#3100=DIRECTION('center_axis',(0.,-1.,0.));
#3101=DIRECTION('ref_axis',(1.,0.,0.));
#3102=DIRECTION('center_axis',(0.,1.,0.));
#3103=DIRECTION('ref_axis',(0.490261239632558,0.,-0.87157553712455));
#3104=DIRECTION('',(-0.871575537124549,0.,-0.490261239632559));
#3105=DIRECTION('center_axis',(0.,-1.,0.));
#3106=DIRECTION('ref_axis',(1.,0.,0.));
#3107=DIRECTION('center_axis',(0.,1.,0.));
#3108=DIRECTION('ref_axis',(0.490261239632558,0.,-0.87157553712455));
#3109=DIRECTION('center_axis',(0.,-1.,0.));
#3110=DIRECTION('ref_axis',(1.,0.,0.));
#3111=DIRECTION('',(-0.871575537124549,0.,0.490261239632559));
#3112=DIRECTION('center_axis',(-0.490261239632559,0.,-0.871575537124549));
#3113=DIRECTION('ref_axis',(0.,-1.,0.));
#3114=DIRECTION('',(-0.871575537124549,0.,0.490261239632559));
#3115=DIRECTION('center_axis',(-0.490261239632559,0.,-0.871575537124549));
#3116=DIRECTION('ref_axis',(0.,-1.,0.));
#3117=DIRECTION('',(-0.871575537124549,0.,0.490261239632559));
#3118=DIRECTION('center_axis',(0.490261239632559,0.,0.871575537124549));
#3119=DIRECTION('ref_axis',(0.871575537124549,0.,-0.490261239632559));
#3120=DIRECTION('center_axis',(-0.871575537124549,0.,0.490261239632559));
#3121=DIRECTION('ref_axis',(0.,1.,0.));
#3122=DIRECTION('',(-0.871575537124549,0.,0.490261239632559));
#3123=DIRECTION('center_axis',(-0.871575537124549,0.,0.490261239632559));
#3124=DIRECTION('ref_axis',(0.,1.,0.));
#3125=DIRECTION('center_axis',(5.88431693320366E-16,0.,-1.));
#3126=DIRECTION('ref_axis',(-1.,0.,-5.88431693320366E-16));
#3127=DIRECTION('center_axis',(-0.490261239632559,0.,-0.871575537124549));
#3128=DIRECTION('ref_axis',(0.,-1.,0.));
#3129=DIRECTION('center_axis',(0.490261239632559,0.,-0.871575537124549));
#3130=DIRECTION('ref_axis',(0.,-1.,0.));
#3131=DIRECTION('',(-0.871575537124549,0.,-0.490261239632559));
#3132=DIRECTION('center_axis',(-0.871575537124549,0.,-0.490261239632559));
#3133=DIRECTION('ref_axis',(0.,1.,0.));
#3134=DIRECTION('center_axis',(-0.871575537124549,0.,-0.490261239632559));
#3135=DIRECTION('ref_axis',(0.,1.,0.));
#3136=DIRECTION('center_axis',(0.,1.,0.));
#3137=DIRECTION('ref_axis',(1.,0.,0.));
#3138=DIRECTION('center_axis',(0.,-1.,0.));
#3139=DIRECTION('ref_axis',(1.,0.,0.));
#3140=DIRECTION('',(0.664827373647206,-0.746997030281485,8.14178715122593E-17));
#3141=DIRECTION('',(0.664827373647206,-0.746997030281485,8.14178715122593E-17));
#3142=DIRECTION('center_axis',(-0.573576436351046,0.819152044288992,0.));
#3143=DIRECTION('ref_axis',(-0.819152044288992,-0.573576436351046,7.27366154732461E-16));
#3144=DIRECTION('center_axis',(0.707106781186548,-0.707106781186548,-6.12323399573677E-17));
#3145=DIRECTION('ref_axis',(0.707106781186548,0.707106781186548,6.12323399573677E-17));
#3146=DIRECTION('center_axis',(-0.573576436351046,0.819152044288992,0.));
#3147=DIRECTION('ref_axis',(-0.819152044288992,-0.573576436351046,7.27366154732461E-16));
#3148=DIRECTION('center_axis',(0.573576436351046,-0.819152044288992,0.));
#3149=DIRECTION('ref_axis',(-0.819152044288992,-0.573576436351046,2.83276944882399E-16));
#3150=DIRECTION('center_axis',(-0.707106781186548,0.707106781186548,6.12323399573677E-17));
#3151=DIRECTION('ref_axis',(0.707106781186548,0.707106781186548,6.12323399573677E-17));
#3152=DIRECTION('',(0.664827373647206,-0.746997030281485,8.14178715122593E-17));
#3153=DIRECTION('center_axis',(0.,1.,0.));
#3154=DIRECTION('ref_axis',(1.,0.,0.));
#3155=DIRECTION('center_axis',(-0.707106781186548,0.707106781186548,6.12323399573677E-17));
#3156=DIRECTION('ref_axis',(0.707106781186548,0.707106781186548,6.12323399573677E-17));
#3157=DIRECTION('center_axis',(0.573576436351046,-0.819152044288992,0.));
#3158=DIRECTION('ref_axis',(-0.819152044288992,-0.573576436351046,2.83276944882399E-16));
#3159=DIRECTION('center_axis',(-0.573576436351046,0.819152044288992,0.));
#3160=DIRECTION('ref_axis',(-0.819152044288992,-0.573576436351046,7.27366154732461E-16));
#3161=DIRECTION('center_axis',(0.707106781186548,-0.707106781186548,-6.12323399573677E-17));
#3162=DIRECTION('ref_axis',(0.707106781186548,0.707106781186548,6.12323399573677E-17));
#3163=DIRECTION('center_axis',(-0.573576436351046,0.819152044288992,0.));
#3164=DIRECTION('ref_axis',(-0.819152044288992,-0.573576436351046,7.27366154732461E-16));
#3165=DIRECTION('center_axis',(-0.490261239632559,0.,0.871575537124549));
#3166=DIRECTION('ref_axis',(0.,1.,0.));
#3167=DIRECTION('center_axis',(0.,1.,0.));
#3168=DIRECTION('ref_axis',(0.,0.,1.));
#3169=DIRECTION('center_axis',(0.,-1.,0.));
#3170=DIRECTION('ref_axis',(1.,0.,0.));
#3171=DIRECTION('',(-1.,0.,0.));
#3172=DIRECTION('center_axis',(0.,-1.,0.));
#3173=DIRECTION('ref_axis',(1.,0.,0.));
#3174=DIRECTION('',(-1.,0.,0.));
#3175=DIRECTION('',(0.,0.,-1.));
#3176=DIRECTION('',(1.,0.,0.));
#3177=DIRECTION('center_axis',(0.,-1.,0.));
#3178=DIRECTION('ref_axis',(1.,0.,0.));
#3179=DIRECTION('center_axis',(0.,1.,0.));
#3180=DIRECTION('ref_axis',(-1.,0.,0.));
#3181=DIRECTION('center_axis',(0.,1.,0.));
#3182=DIRECTION('ref_axis',(-1.,0.,0.));
#3183=DIRECTION('center_axis',(0.,0.,1.));
#3184=DIRECTION('ref_axis',(-1.,0.,0.));
#3185=DIRECTION('',(-1.,0.,0.));
#3186=DIRECTION('',(0.,-1.,0.));
#3187=DIRECTION('',(-1.,0.,0.));
#3188=DIRECTION('',(0.,-1.,0.));
#3189=DIRECTION('center_axis',(0.,1.,0.));
#3190=DIRECTION('ref_axis',(-1.,0.,7.59760533409357E-9));
#3191=DIRECTION('center_axis',(0.,1.,0.));
#3192=DIRECTION('ref_axis',(1.,0.,0.));
#3193=DIRECTION('center_axis',(0.,-1.,0.));
#3194=DIRECTION('ref_axis',(1.,0.,0.));
#3195=DIRECTION('center_axis',(0.707106781186548,-0.707106781186548,-6.12323399573677E-17));
#3196=DIRECTION('ref_axis',(0.707106781186547,0.707106781186547,2.83276944882399E-16));
#3197=DIRECTION('center_axis',(-0.707106781186548,0.707106781186548,6.12323399573677E-17));
#3198=DIRECTION('ref_axis',(0.707106781186547,0.707106781186547,2.83276944882399E-16));
#3199=DIRECTION('center_axis',(0.707106781186548,-0.707106781186548,-6.12323399573677E-17));
#3200=DIRECTION('ref_axis',(0.707106781186547,0.707106781186547,2.83276944882399E-16));
#3201=DIRECTION('center_axis',(0.,-1.,0.));
#3202=DIRECTION('ref_axis',(1.,0.,0.));
#3203=DIRECTION('center_axis',(0.,-1.,0.));
#3204=DIRECTION('ref_axis',(1.,0.,0.));
#3205=DIRECTION('center_axis',(0.,1.,0.));
#3206=DIRECTION('ref_axis',(0.,0.,1.));
#3207=DIRECTION('center_axis',(0.,-1.,0.));
#3208=DIRECTION('ref_axis',(1.,0.,0.));
#3209=DIRECTION('',(-1.,0.,0.));
#3210=DIRECTION('',(0.,0.,-1.));
#3211=DIRECTION('',(-0.894427165010305,0.,0.447213647479177));
#3212=DIRECTION('',(1.,0.,0.));
#3213=DIRECTION('',(0.,0.,1.));
#3214=DIRECTION('center_axis',(0.,1.,0.));
#3215=DIRECTION('ref_axis',(-1.,0.,0.));
#3216=DIRECTION('center_axis',(0.,1.,0.));
#3217=DIRECTION('ref_axis',(1.,0.,0.));
#3218=DIRECTION('center_axis',(0.,1.,0.));
#3219=DIRECTION('ref_axis',(0.956581343682172,0.,0.291465491815431));
#3220=DIRECTION('center_axis',(0.,1.,0.));
#3221=DIRECTION('ref_axis',(1.,0.,0.));
#3222=DIRECTION('center_axis',(0.,1.,0.));
#3223=DIRECTION('ref_axis',(1.,0.,0.));
#3224=DIRECTION('center_axis',(0.,-1.,0.));
#3225=DIRECTION('ref_axis',(1.,0.,0.));
#3226=DIRECTION('center_axis',(-0.871575537124549,0.,0.490261239632559));
#3227=DIRECTION('ref_axis',(0.490261239632559,0.,0.871575537124549));
#3228=DIRECTION('',(-0.871575537124549,0.,0.490261239632559));
#3229=DIRECTION('center_axis',(0.871575537124549,0.,0.490261239632559));
#3230=DIRECTION('ref_axis',(0.490261239632559,0.,-0.871575537124549));
#3231=DIRECTION('',(0.871575537124549,0.,0.490261239632559));
#3232=DIRECTION('center_axis',(0.,1.,0.));
#3233=DIRECTION('ref_axis',(1.,0.,0.));
#3234=DIRECTION('center_axis',(0.,1.,0.));
#3235=DIRECTION('ref_axis',(1.,0.,0.));
#3236=DIRECTION('center_axis',(0.,1.,0.));
#3237=DIRECTION('ref_axis',(1.,0.,0.));
#3238=DIRECTION('center_axis',(0.,1.,0.));
#3239=DIRECTION('ref_axis',(1.,0.,0.));
#3240=DIRECTION('center_axis',(0.,1.,0.));
#3241=DIRECTION('ref_axis',(0.,0.,1.));
#3242=DIRECTION('',(0.,0.,1.));
#3243=DIRECTION('',(-1.,0.,0.));
#3244=DIRECTION('',(0.894427165010305,0.,0.447213647479177));
#3245=DIRECTION('',(0.,0.,-1.));
#3246=DIRECTION('',(1.,0.,0.));
#3247=DIRECTION('center_axis',(0.,1.,0.));
#3248=DIRECTION('ref_axis',(-1.,0.,0.));
#3249=DIRECTION('center_axis',(0.,0.,1.));
#3250=DIRECTION('ref_axis',(1.,0.,0.));
#3251=DIRECTION('',(0.,-1.,0.));
#3252=DIRECTION('',(-1.,0.,0.));
#3253=DIRECTION('',(0.,-1.,0.));
#3254=DIRECTION('center_axis',(0.,0.,-1.));
#3255=DIRECTION('ref_axis',(0.,-1.,0.));
#3256=DIRECTION('',(0.,-1.,0.));
#3257=DIRECTION('',(-1.,0.,0.));
#3258=DIRECTION('center_axis',(-1.,0.,0.));
#3259=DIRECTION('ref_axis',(0.,0.,1.));
#3260=DIRECTION('',(0.,1.,0.));
#3261=DIRECTION('',(0.,0.,1.));
#3262=DIRECTION('center_axis',(0.447213647479177,0.,-0.894427165010305));
#3263=DIRECTION('ref_axis',(-0.894427165010305,0.,-0.447213647479177));
#3264=DIRECTION('',(0.,-1.,0.));
#3265=DIRECTION('',(-0.894427165010305,0.,-0.447213647479177));
#3266=DIRECTION('center_axis',(-1.,0.,0.));
#3267=DIRECTION('ref_axis',(0.,0.,1.));
#3268=DIRECTION('',(0.,1.,0.));
#3269=DIRECTION('',(0.,0.,-1.));
#3270=DIRECTION('',(0.,1.,0.));
#3271=DIRECTION('',(0.,1.,0.));
#3272=DIRECTION('',(0.,0.,1.));
#3273=DIRECTION('center_axis',(1.,0.,0.));
#3274=DIRECTION('ref_axis',(0.,1.,0.));
#3275=DIRECTION('center_axis',(0.447213647479177,0.,0.894427165010305));
#3276=DIRECTION('ref_axis',(0.894427165010305,0.,-0.447213647479177));
#3277=DIRECTION('',(0.,1.,0.));
#3278=DIRECTION('',(-0.894427165010305,0.,0.447213647479177));
#3279=DIRECTION('center_axis',(-1.,0.,0.));
#3280=DIRECTION('ref_axis',(0.,0.,1.));
#3281=DIRECTION('',(0.,1.,0.));
#3282=DIRECTION('',(0.,0.,-1.));
#3283=DIRECTION('center_axis',(0.,0.,1.));
#3284=DIRECTION('ref_axis',(0.,1.,0.));
#3285=DIRECTION('',(-1.,0.,0.));
#3286=DIRECTION('center_axis',(0.,0.,-1.));
#3287=DIRECTION('ref_axis',(-1.,0.,0.));
#3288=DIRECTION('',(0.,-1.,0.));
#3289=DIRECTION('',(0.,1.,0.));
#3290=DIRECTION('',(1.,0.,0.));
#3291=DIRECTION('center_axis',(0.,-1.,0.));
#3292=DIRECTION('ref_axis',(-1.,0.,0.));
#3293=DIRECTION('center_axis',(0.,1.,0.));
#3294=DIRECTION('ref_axis',(-1.,0.,0.));
#3295=DIRECTION('',(0.,-1.,0.));
#3296=DIRECTION('center_axis',(0.,-1.,0.));
#3297=DIRECTION('ref_axis',(-1.,0.,0.));
#3298=DIRECTION('center_axis',(0.,1.,0.));
#3299=DIRECTION('ref_axis',(-1.,0.,0.));
#3300=DIRECTION('',(0.,-1.,0.));
#3301=DIRECTION('center_axis',(1.,0.,0.));
#3302=DIRECTION('ref_axis',(0.,0.,-1.));
#3303=DIRECTION('',(0.,0.,1.));
#3304=DIRECTION('center_axis',(0.,1.,0.));
#3305=DIRECTION('ref_axis',(-1.,0.,0.));
#3306=DIRECTION('center_axis',(0.707106781186548,-0.707106781186548,-6.12323399573677E-17));
#3307=DIRECTION('ref_axis',(0.707106781186548,0.707106781186548,6.12323399573677E-17));
#3308=DIRECTION('center_axis',(0.,1.,0.));
#3309=DIRECTION('ref_axis',(-1.,0.,0.));
#3310=DIRECTION('center_axis',(-0.707106781186548,0.707106781186548,6.12323399573677E-17));
#3311=DIRECTION('ref_axis',(-0.707106781186547,-0.707106781186548,2.83276944882399E-16));
#3312=DIRECTION('center_axis',(0.,1.,0.));
#3313=DIRECTION('ref_axis',(-1.,0.,0.));
#3314=DIRECTION('center_axis',(-0.707106781186548,0.707106781186548,6.12323399573677E-17));
#3315=DIRECTION('ref_axis',(-0.707106781186547,-0.707106781186548,2.83276944882399E-16));
#3316=DIRECTION('center_axis',(0.707106781186548,-0.707106781186547,-6.12323399573676E-17));
#3317=DIRECTION('ref_axis',(-0.707106781186547,-0.707106781186548,-2.12442355226077E-32));
#3318=DIRECTION('center_axis',(0.707106781186548,-0.707106781186548,-6.12323399573677E-17));
#3319=DIRECTION('ref_axis',(-0.707106781186548,-0.707106781186548,0.));
#3320=DIRECTION('center_axis',(-0.707106781186548,0.707106781186548,6.12323399573677E-17));
#3321=DIRECTION('ref_axis',(-0.707106781186548,-0.707106781186548,0.));
#3322=DIRECTION('center_axis',(0.707106781186548,-0.707106781186547,-6.12323399573676E-17));
#3323=DIRECTION('ref_axis',(-0.707106781186547,-0.707106781186548,-2.12442355226077E-32));
#3324=DIRECTION('center_axis',(-0.707106781186548,0.707106781186548,6.12323399573677E-17));
#3325=DIRECTION('ref_axis',(-0.707106781186548,-0.707106781186548,0.));
#3326=DIRECTION('center_axis',(0.707106781186548,-0.707106781186548,-6.12323399573677E-17));
#3327=DIRECTION('ref_axis',(-0.707106781186548,-0.707106781186548,0.));
#3328=DIRECTION('center_axis',(0.,-1.,0.));
#3329=DIRECTION('ref_axis',(-1.,0.,0.));
#3330=DIRECTION('',(0.,1.,0.));
#3331=DIRECTION('center_axis',(0.,-1.,0.));
#3332=DIRECTION('ref_axis',(-1.,0.,0.));
#3333=DIRECTION('center_axis',(0.,-1.,0.));
#3334=DIRECTION('ref_axis',(-1.,0.,0.));
#3335=DIRECTION('',(0.,1.,0.));
#3336=DIRECTION('center_axis',(0.,-1.,0.));
#3337=DIRECTION('ref_axis',(-1.,0.,0.));
#3338=DIRECTION('center_axis',(0.,-1.,0.));
#3339=DIRECTION('ref_axis',(1.,0.,0.));
#3340=DIRECTION('center_axis',(0.,-1.,0.));
#3341=DIRECTION('ref_axis',(1.,0.,0.));
#3342=DIRECTION('center_axis',(0.,1.,0.));
#3343=DIRECTION('ref_axis',(0.,0.,1.));
#3344=DIRECTION('',(1.,0.,0.));
#3345=DIRECTION('',(0.,0.,-1.));
#3346=DIRECTION('center_axis',(0.,-1.,0.));
#3347=DIRECTION('ref_axis',(1.,0.,0.));
#3348=DIRECTION('',(0.,0.,-1.));
#3349=DIRECTION('',(-1.,0.,0.));
#3350=DIRECTION('center_axis',(0.,-1.,0.));
#3351=DIRECTION('ref_axis',(1.,0.,0.));
#3352=DIRECTION('center_axis',(-1.,0.,0.));
#3353=DIRECTION('ref_axis',(0.,0.,-1.));
#3354=DIRECTION('',(0.,-1.,0.));
#3355=DIRECTION('center_axis',(-1.,0.,0.));
#3356=DIRECTION('ref_axis',(0.,-1.,0.));
#3357=DIRECTION('',(1.,0.,0.));
#3358=DIRECTION('center_axis',(1.,0.,0.));
#3359=DIRECTION('ref_axis',(0.,-1.,0.));
#3360=DIRECTION('center_axis',(0.,-1.,0.));
#3361=DIRECTION('ref_axis',(0.,0.,-1.));
#3362=DIRECTION('',(0.422618261740699,0.,0.90630778703665));
#3363=DIRECTION('center_axis',(0.,-1.,0.));
#3364=DIRECTION('ref_axis',(1.,0.,0.));
#3365=DIRECTION('',(-0.422618261740699,0.,0.90630778703665));
#3366=DIRECTION('center_axis',(0.,-1.,0.));
#3367=DIRECTION('ref_axis',(1.,0.,0.));
#3368=DIRECTION('center_axis',(0.,1.,0.));
#3369=DIRECTION('ref_axis',(-1.,0.,5.66553889764798E-16));
#3370=DIRECTION('',(-0.055854879337575,-0.991227876172705,-0.119781175283656));
#3371=DIRECTION('',(0.055854879337575,0.991227876172705,-0.119781175283656));
#3372=DIRECTION('center_axis',(0.,-1.,0.));
#3373=DIRECTION('ref_axis',(1.,0.,0.));
#3374=DIRECTION('center_axis',(0.,1.,0.));
#3375=DIRECTION('ref_axis',(0.,0.,1.));
#3376=DIRECTION('',(-0.422618261740699,0.,-0.90630778703665));
#3377=DIRECTION('',(0.422618261740699,0.,-0.90630778703665));
#3378=DIRECTION('center_axis',(0.,-1.,0.));
#3379=DIRECTION('ref_axis',(1.,0.,0.));
#3380=DIRECTION('center_axis',(-0.707106781186548,0.707106781186548,6.12323399573677E-17));
#3381=DIRECTION('ref_axis',(-0.707106781186548,-0.707106781186548,0.));
#3382=DIRECTION('center_axis',(0.707106781186548,-0.707106781186548,0.));
#3383=DIRECTION('ref_axis',(0.707106781186547,0.707106781186547,7.27366154732462E-16));
#3384=DIRECTION('center_axis',(-0.707106781186548,0.707106781186548,6.12323399573677E-17));
#3385=DIRECTION('ref_axis',(-0.707106781186548,-0.707106781186548,0.));
#3386=DIRECTION('center_axis',(0.,-1.,0.));
#3387=DIRECTION('ref_axis',(-1.,0.,1.22464679914735E-16));
#3388=DIRECTION('',(0.,-1.,0.));
#3389=DIRECTION('',(0.,1.,0.));
#3390=DIRECTION('center_axis',(0.,1.,0.));
#3391=DIRECTION('ref_axis',(1.,0.,0.));
#3392=DIRECTION('',(0.,1.,0.));
#3393=DIRECTION('center_axis',(0.,-1.,0.));
#3394=DIRECTION('ref_axis',(1.,0.,0.));
#3395=DIRECTION('center_axis',(0.,-1.,0.));
#3396=DIRECTION('ref_axis',(1.,0.,0.));
#3397=DIRECTION('',(0.,1.,0.));
#3398=DIRECTION('center_axis',(0.,1.,0.));
#3399=DIRECTION('ref_axis',(1.,0.,0.));
#3400=DIRECTION('center_axis',(0.,0.,1.));
#3401=DIRECTION('ref_axis',(-1.,0.,0.));
#3402=DIRECTION('',(0.,-1.,0.));
#3403=DIRECTION('',(-1.,0.,0.));
#3404=DIRECTION('',(-1.,0.,0.));
#3405=DIRECTION('center_axis',(0.,-1.,0.));
#3406=DIRECTION('ref_axis',(0.,0.,-1.));
#3407=DIRECTION('',(-0.422618261740699,0.,-0.90630778703665));
#3408=DIRECTION('center_axis',(0.,-1.,0.));
#3409=DIRECTION('ref_axis',(1.,0.,0.));
#3410=DIRECTION('center_axis',(0.,0.,-1.));
#3411=DIRECTION('ref_axis',(1.,0.,0.));
#3412=DIRECTION('',(0.,1.,0.));
#3413=DIRECTION('',(1.,0.,0.));
#3414=DIRECTION('',(1.,0.,0.));
#3415=DIRECTION('center_axis',(0.,1.,0.));
#3416=DIRECTION('ref_axis',(-1.,0.,5.66553889764798E-16));
#3417=DIRECTION('',(0.0941698907941831,0.974858473844918,0.201947982511755));
#3418=DIRECTION('',(0.0941698907941831,0.974858473844918,0.201947982511755));
#3419=DIRECTION('',(-0.0941698907941831,-0.974858473844918,0.201947982511755));
#3420=DIRECTION('center_axis',(0.,-1.,0.));
#3421=DIRECTION('ref_axis',(1.,0.,0.));
#3422=DIRECTION('',(-0.0941698907941831,-0.974858473844918,0.201947982511755));
#3423=DIRECTION('center_axis',(0.,1.,0.));
#3424=DIRECTION('ref_axis',(1.,0.,0.));
#3425=DIRECTION('center_axis',(0.,-1.,0.));
#3426=DIRECTION('ref_axis',(0.,0.,-1.));
#3427=DIRECTION('',(0.422618261740699,0.,-0.90630778703665));
#3428=DIRECTION('center_axis',(0.,-1.,0.));
#3429=DIRECTION('ref_axis',(-1.,0.,0.));
#3430=DIRECTION('',(-0.29883623873012,0.707106781186548,-0.640856382055789));
#3431=DIRECTION('',(0.29883623873012,-0.707106781186547,-0.640856382055789));
#3432=DIRECTION('center_axis',(0.,1.,0.));
#3433=DIRECTION('ref_axis',(1.,0.,0.));
#3434=DIRECTION('center_axis',(0.,-1.,0.));
#3435=DIRECTION('ref_axis',(-1.,0.,5.66553889764798E-16));
#3436=DIRECTION('',(0.,1.,0.));
#3437=DIRECTION('',(0.,-1.,0.));
#3438=DIRECTION('center_axis',(0.,-1.,0.));
#3439=DIRECTION('ref_axis',(1.,0.,0.));
#3440=DIRECTION('center_axis',(0.,1.,0.));
#3441=DIRECTION('ref_axis',(-1.,0.,5.66553889764798E-16));
#3442=DIRECTION('',(0.29883645581405,0.707106267521834,0.64085684759378));
#3443=DIRECTION('',(-0.29883645581405,-0.707106267521834,0.64085684759378));
#3444=DIRECTION('center_axis',(-0.90630778703665,0.,-0.422618261740699));
#3445=DIRECTION('ref_axis',(0.422618261740699,0.,-0.90630778703665));
#3446=DIRECTION('',(0.422618261740699,0.,-0.90630778703665));
#3447=DIRECTION('center_axis',(-0.90630778703665,0.,0.422618261740699));
#3448=DIRECTION('ref_axis',(-0.422618261740699,0.,-0.90630778703665));
#3449=DIRECTION('',(0.422618261740699,0.,0.90630778703665));
#3450=DIRECTION('center_axis',(-0.90630778703665,0.,-0.422618261740699));
#3451=DIRECTION('ref_axis',(0.422618261740699,0.,-0.90630778703665));
#3452=DIRECTION('center_axis',(-0.90630778703665,0.,0.422618261740699));
#3453=DIRECTION('ref_axis',(-0.422618261740699,0.,-0.90630778703665));
#3454=DIRECTION('center_axis',(-1.,0.,0.));
#3455=DIRECTION('ref_axis',(0.,1.,0.));
#3456=DIRECTION('',(-1.,0.,0.));
#3457=DIRECTION('center_axis',(-1.,0.,0.));
#3458=DIRECTION('ref_axis',(0.,1.,0.));
#3459=DIRECTION('center_axis',(0.,1.,0.));
#3460=DIRECTION('ref_axis',(1.,0.,0.));
#3461=DIRECTION('center_axis',(0.,-1.,0.));
#3462=DIRECTION('ref_axis',(1.,0.,0.));
#3463=DIRECTION('center_axis',(1.,0.,0.));
#3464=DIRECTION('ref_axis',(0.,1.,0.));
#3465=DIRECTION('center_axis',(-1.,0.,0.));
#3466=DIRECTION('ref_axis',(0.,0.,-1.));
#3467=DIRECTION('',(0.,1.,0.));
#3468=DIRECTION('center_axis',(0.,-1.,0.));
#3469=DIRECTION('ref_axis',(0.,0.,1.));
#3470=DIRECTION('center_axis',(0.,0.,-1.));
#3471=DIRECTION('ref_axis',(-1.,0.,0.));
#3472=DIRECTION('center_axis',(0.,0.,1.));
#3473=DIRECTION('ref_axis',(1.,0.,0.));
#3474=DIRECTION('center_axis',(-1.,0.,0.));
#3475=DIRECTION('ref_axis',(0.,-1.,0.));
#3476=DIRECTION('',(-1.,0.,0.));
#3477=DIRECTION('center_axis',(1.,0.,1.79343719362685E-15));
#3478=DIRECTION('ref_axis',(0.,-1.,0.));
#3479=DIRECTION('center_axis',(0.,-1.,0.));
#3480=DIRECTION('ref_axis',(-1.,0.,0.));
#3481=DIRECTION('center_axis',(0.,1.,0.));
#3482=DIRECTION('ref_axis',(-1.,0.,0.));
#3483=DIRECTION('',(0.,-1.,0.));
#3484=DIRECTION('center_axis',(1.,0.,1.79343719362685E-15));
#3485=DIRECTION('ref_axis',(-1.79343719362685E-15,0.,1.));
#3486=DIRECTION('',(-1.79343719362685E-15,0.,1.));
#3487=DIRECTION('center_axis',(0.,1.,0.));
#3488=DIRECTION('ref_axis',(0.,0.,1.));
#3489=DIRECTION('center_axis',(0.,1.,0.));
#3490=DIRECTION('ref_axis',(0.,0.,1.));
#3491=DIRECTION('',(-1.,0.,0.));
#3492=DIRECTION('',(0.984807753012208,0.,-0.17364817766693));
#3493=DIRECTION('center_axis',(0.,-1.,0.));
#3494=DIRECTION('ref_axis',(1.,0.,0.));
#3495=DIRECTION('center_axis',(0.17364817766693,0.,0.984807753012208));
#3496=DIRECTION('ref_axis',(0.,1.,0.));
#3497=DIRECTION('',(3.46009336689892E-15,-1.,-6.10107816354673E-16));
#3498=DIRECTION('center_axis',(-0.17364817766693,0.,-0.984807753012208));
#3499=DIRECTION('ref_axis',(-0.984807753012208,0.,0.17364817766693));
#3500=DIRECTION('',(0.984807753012208,0.,-0.17364817766693));
#3501=DIRECTION('',(0.,-1.,0.));
#3502=DIRECTION('',(0.,-1.,0.));
#3503=DIRECTION('center_axis',(0.,-6.10107816354673E-16,1.));
#3504=DIRECTION('ref_axis',(0.,1.,6.10107816354673E-16));
#3505=DIRECTION('',(-1.,0.,0.));
#3506=DIRECTION('center_axis',(0.,-1.,0.));
#3507=DIRECTION('ref_axis',(0.,0.,-1.));
#3508=DIRECTION('',(1.,0.,0.));
#3509=DIRECTION('center_axis',(0.,-1.,0.));
#3510=DIRECTION('ref_axis',(2.14881872531912E-16,0.,-1.));
#3511=DIRECTION('center_axis',(0.,-1.,0.));
#3512=DIRECTION('ref_axis',(0.,0.,-1.));
#3513=DIRECTION('center_axis',(0.,-1.,0.));
#3514=DIRECTION('ref_axis',(1.,0.,0.));
#3515=DIRECTION('center_axis',(0.,-1.,0.));
#3516=DIRECTION('ref_axis',(1.,0.,0.));
#3517=DIRECTION('center_axis',(0.,1.,0.));
#3518=DIRECTION('ref_axis',(1.,0.,0.));
#3519=DIRECTION('center_axis',(-1.,0.,0.));
#3520=DIRECTION('ref_axis',(0.,-1.,0.));
#3521=DIRECTION('center_axis',(0.,-1.,0.));
#3522=DIRECTION('ref_axis',(-1.,0.,0.));
#3523=DIRECTION('center_axis',(0.,1.,0.));
#3524=DIRECTION('ref_axis',(-1.,0.,0.));
#3525=DIRECTION('',(0.,-1.,0.));
#3526=DIRECTION('center_axis',(1.,0.,1.79343719362685E-15));
#3527=DIRECTION('ref_axis',(-1.79343719362685E-15,0.,1.));
#3528=DIRECTION('',(-1.79343719362685E-15,0.,1.));
#3529=DIRECTION('center_axis',(1.,0.,1.79343719362685E-15));
#3530=DIRECTION('ref_axis',(0.,-1.,0.));
#3531=DIRECTION('center_axis',(-1.,0.,0.));
#3532=DIRECTION('ref_axis',(0.,-1.,0.));
#3533=DIRECTION('',(1.,0.,0.));
#3534=DIRECTION('center_axis',(0.,1.,0.));
#3535=DIRECTION('ref_axis',(0.,0.,1.));
#3536=DIRECTION('center_axis',(0.,1.,0.));
#3537=DIRECTION('ref_axis',(0.,0.,1.));
#3538=DIRECTION('',(-0.984807753012208,0.,-0.17364817766693));
#3539=DIRECTION('',(1.,0.,0.));
#3540=DIRECTION('center_axis',(0.,-1.,0.));
#3541=DIRECTION('ref_axis',(1.,0.,0.));
#3542=DIRECTION('center_axis',(-0.17364817766693,0.,0.984807753012208));
#3543=DIRECTION('ref_axis',(0.,1.,0.));
#3544=DIRECTION('',(0.,-1.,0.));
#3545=DIRECTION('',(0.,1.,0.));
#3546=DIRECTION('',(-0.984807753012208,0.,-0.17364817766693));
#3547=DIRECTION('center_axis',(-0.17364817766693,0.,0.984807753012208));
#3548=DIRECTION('ref_axis',(0.984807753012208,0.,0.17364817766693));
#3549=DIRECTION('',(-3.46009336689893E-15,1.,-6.10107816354675E-16));
#3550=DIRECTION('center_axis',(0.,-1.,0.));
#3551=DIRECTION('ref_axis',(1.,0.,0.));
#3552=DIRECTION('center_axis',(0.,-1.,0.));
#3553=DIRECTION('ref_axis',(1.,0.,0.));
#3554=DIRECTION('center_axis',(0.,-1.,0.));
#3555=DIRECTION('ref_axis',(0.,0.,-1.));
#3556=DIRECTION('center_axis',(0.,-1.,0.));
#3557=DIRECTION('ref_axis',(2.14881872531912E-16,0.,-1.));
#3558=DIRECTION('center_axis',(0.,-1.,0.));
#3559=DIRECTION('ref_axis',(0.,0.,-1.));
#3560=DIRECTION('',(-1.,0.,0.));
#3561=DIRECTION('center_axis',(-1.,0.,0.));
#3562=DIRECTION('ref_axis',(0.,-1.,0.));
#3563=DIRECTION('',(1.,0.,0.));
#3564=DIRECTION('center_axis',(0.,1.,0.));
#3565=DIRECTION('ref_axis',(1.,0.,0.));
#3566=DIRECTION('center_axis',(0.,-6.10107816354675E-16,-1.));
#3567=DIRECTION('ref_axis',(0.,-1.,6.10107816354675E-16));
#3568=CARTESIAN_POINT('',(0.,0.,0.));
#3569=CARTESIAN_POINT('Origin',(16.4729900095054,0.,-7.1369650521807));
#3570=CARTESIAN_POINT('',(16.4729900095054,8.5,-7.1369650521807));
#3571=CARTESIAN_POINT('',(17.0965059093636,8.5,-8.06498871708589));
#3572=CARTESIAN_POINT('',(14.8253040253863,8.5,-4.68459521535219));
#3573=CARTESIAN_POINT('',(16.4729900095054,0.,-7.1369650521807));
#3574=CARTESIAN_POINT('',(16.4729900095054,0.,-7.1369650521807));
#3575=CARTESIAN_POINT('',(17.0965059093636,0.,-8.06498871708589));
#3576=CARTESIAN_POINT('',(16.4729900095054,0.,-7.1369650521807));
#3577=CARTESIAN_POINT('',(17.0965059093636,0.,-8.06498871708589));
#3578=CARTESIAN_POINT('Origin',(16.428693376828,3.7,-8.24595438054845));
#3579=CARTESIAN_POINT('',(15.9857507012658,3.7,-7.9967991255447));
#3580=CARTESIAN_POINT('',(15.9857507012658,8.5,-7.9967991255447));
#3581=CARTESIAN_POINT('',(15.9857507012658,1.85,-7.9967991255447));
#3582=CARTESIAN_POINT('',(13.9134944762323,8.50000012665987,-6.83115499896334));
#3583=CARTESIAN_POINT('',(14.6940302681234,8.5,-7.27020638190207));
#3584=CARTESIAN_POINT('',(9.96729240850399,3.7,-4.61141633586617));
#3585=CARTESIAN_POINT('Ctrl Pts',(9.96729240850399,3.7,-4.61141633586617));
#3586=CARTESIAN_POINT('Ctrl Pts',(11.6038004590125,5.68876423740863,-5.53195211427719));
#3587=CARTESIAN_POINT('Ctrl Pts',(13.9134944762323,8.50000012665987,-6.83115499896334));
#3588=CARTESIAN_POINT('',(15.1213300711412,3.7,-7.51056252109962));
#3589=CARTESIAN_POINT('Origin',(16.428693376828,3.7,-8.24595438054845));
#3590=CARTESIAN_POINT('',(16.8573305887637,8.5,-8.48706281226224));
#3591=CARTESIAN_POINT('',(16.8573305887637,3.7,-8.48706281226224));
#3592=CARTESIAN_POINT('',(16.8573305887637,1.85,-8.48706281226224));
#3593=CARTESIAN_POINT('',(16.8644811453903,3.7,-8.49108500036474));
#3594=CARTESIAN_POINT('',(15.1213300711412,3.7,-7.51056252109962));
#3595=CARTESIAN_POINT('',(16.8644811453903,8.50000012665987,-8.49108500036474));
#3596=CARTESIAN_POINT('',(16.8644811453903,3.7,-8.49108500036474));
#3597=CARTESIAN_POINT('',(14.6940302681234,8.5,-7.27020638190207));
#3598=CARTESIAN_POINT('Origin',(13.3073634845008,3.7,-10.7353920084604));
#3599=CARTESIAN_POINT('',(15.033174967408,0.,-11.7061609675957));
#3600=CARTESIAN_POINT('Origin',(15.033174967408,3.7,-11.7061609675958));
#3601=CARTESIAN_POINT('',(15.0007160208768,0.000585802443511807,-11.7634414614742));
#3602=CARTESIAN_POINT('Origin',(15.033174967408,3.7,-11.7061609675958));
#3603=CARTESIAN_POINT('',(14.1306938350281,0.00053092242353503,-11.2704288894933));
#3604=CARTESIAN_POINT('',(14.5657049279525,0.000558362433522586,-11.5169351754837));
#3605=CARTESIAN_POINT('',(14.16159507991,0.,-11.2158972808782));
#3606=CARTESIAN_POINT('Origin',(14.1615950799102,3.7,-11.2158972808782));
#3607=CARTESIAN_POINT('Origin',(14.1615950799102,3.7,-11.2158972808782));
#3608=CARTESIAN_POINT('',(9.75077997975852,3.44151602800688,-4.50000006705522));
#3609=CARTESIAN_POINT('Ctrl Pts',(9.75077997975852,3.44151602800688,-4.50000006705522));
#3610=CARTESIAN_POINT('Ctrl Pts',(9.82343653243296,3.52675577773707,-4.53402031102865));
#3611=CARTESIAN_POINT('Ctrl Pts',(9.8957247651632,3.61302751637091,-4.57115953648698));
#3612=CARTESIAN_POINT('Ctrl Pts',(9.96729240850399,3.7,-4.61141633586618));
#3613=CARTESIAN_POINT('',(6.92516548298795,0.806233895176666,-4.50000006705523));
#3614=CARTESIAN_POINT('Origin',(2.22222225533591,3.7,-4.50000006705523));
#3615=CARTESIAN_POINT('',(4.66394343904698,0.,-5.8734682328927));
#3616=CARTESIAN_POINT('Ctrl Pts',(4.66394361279242,3.77302356024956E-15,
-5.87346845169645));
#3617=CARTESIAN_POINT('Ctrl Pts',(4.92232071198702,-8.71260018137552E-9,
-5.66829900320249));
#3618=CARTESIAN_POINT('Ctrl Pts',(5.18712815567007,0.0389785656201205,-5.47564127149438));
#3619=CARTESIAN_POINT('Ctrl Pts',(5.81861555541086,0.203982552005581,-5.05097731290892));
#3620=CARTESIAN_POINT('Ctrl Pts',(6.20363211305782,0.372527835198499,-4.82501833933729));
#3621=CARTESIAN_POINT('Ctrl Pts',(6.69873371945397,0.660444555241033,-4.59338268920953));
#3622=CARTESIAN_POINT('Ctrl Pts',(6.81218188458449,0.731272715854405,-4.54439054468109));
#3623=CARTESIAN_POINT('Ctrl Pts',(6.92516548298795,0.806233895176666,-4.50000006705523));
#3624=CARTESIAN_POINT('',(4.49174423310862,3.7,-10.0217918718985));
#3625=CARTESIAN_POINT('Ctrl Pts',(4.49174423310841,3.6999999999998,-10.0217918718983));
#3626=CARTESIAN_POINT('Ctrl Pts',(4.42972227096946,3.63922209820548,-9.98690451819518));
#3627=CARTESIAN_POINT('Ctrl Pts',(4.36879326777413,3.57810990888939,-9.95091398865427));
#3628=CARTESIAN_POINT('Ctrl Pts',(3.75528343733706,2.94699022211892,-9.56989971500457));
#3629=CARTESIAN_POINT('Ctrl Pts',(3.29853396141142,2.35731209863176,-9.14175963308386));
#3630=CARTESIAN_POINT('Ctrl Pts',(3.10827457486704,1.76170499381471,-8.61446308253312));
#3631=CARTESIAN_POINT('Ctrl Pts',(3.02161284815743,1.49041041496924,-8.37428344993408));
#3632=CARTESIAN_POINT('Ctrl Pts',(2.99492017062848,1.19831333937,-8.0931785503099));
#3633=CARTESIAN_POINT('Ctrl Pts',(3.13989212808763,0.687147232541965,-7.51930527054312));
#3634=CARTESIAN_POINT('Ctrl Pts',(3.31159690061344,0.469550565430329,-7.22523723210002));
#3635=CARTESIAN_POINT('Ctrl Pts',(3.76089948063277,0.154093778319847,-6.66483774617486));
#3636=CARTESIAN_POINT('Ctrl Pts',(4.07248157393405,0.0471579914192712,-6.3658830465512));
#3637=CARTESIAN_POINT('Ctrl Pts',(4.49218040498096,0.0042279231764384,-6.01182460151088));
#3638=CARTESIAN_POINT('Ctrl Pts',(4.57770353434954,2.90806177566188E-9,
-5.94194909254023));
#3639=CARTESIAN_POINT('Ctrl Pts',(4.66394361279242,3.53341488013026E-15,
-5.87346845169645));
#3640=CARTESIAN_POINT('',(11.5641146094958,3.7,-14.0000002086163));
#3641=CARTESIAN_POINT('',(11.4933968978603,3.7,-13.9602214958213));
#3642=CARTESIAN_POINT('',(13.7657163407488,1.08805705294992,-14.0000002086163));
#3643=CARTESIAN_POINT('Origin',(19.1111113958889,3.7,-14.0000002086163));
#3644=CARTESIAN_POINT('Origin',(15.0505145587499,3.7,-11.7159144877256));
#3645=CARTESIAN_POINT('Origin',(16.8499996233732,0.,-8.49999981001019));
#3646=CARTESIAN_POINT('',(15.0007160208769,0.,-11.7634414614742));
#3647=CARTESIAN_POINT('',(16.8499996233732,0.,-8.49999981001019));
#3648=CARTESIAN_POINT('',(15.0007160208769,0.,-11.7634414614742));
#3649=CARTESIAN_POINT('Origin',(16.8499996233732,0.,-8.49999981001019));
#3650=CARTESIAN_POINT('',(18.7536774980548,8.5,-5.14056826645432));
#3651=CARTESIAN_POINT('',(16.8499996233732,0.,-8.49999981001019));
#3652=CARTESIAN_POINT('Origin',(15.4903467292007,0.,-9.88521434975177));
#3653=CARTESIAN_POINT('',(14.1306938350283,0.,-11.2704288894933));
#3654=CARTESIAN_POINT('',(14.1306938350283,0.,-11.2704288894933));
#3655=CARTESIAN_POINT('',(15.0007160208769,0.,-11.7634414614742));
#3656=CARTESIAN_POINT('',(14.1306938350283,0.,-11.2704288894933));
#3657=CARTESIAN_POINT('Origin',(14.1306938350283,0.,-11.2704288894933));
#3658=CARTESIAN_POINT('',(17.760402169211,8.5,-4.86506124093559));
#3659=CARTESIAN_POINT('Origin',(14.1306938350283,0.,-11.2704288894933));
#3660=CARTESIAN_POINT('',(14.1306938350283,0.,-11.2704288894933));
#3661=CARTESIAN_POINT('Origin',(15.0007160208769,0.,-11.7634414614742));
#3662=CARTESIAN_POINT('Origin',(17.0965059093636,0.,8.06498871708589));
#3663=CARTESIAN_POINT('',(17.0965059093636,8.5,8.06498871708589));
#3664=CARTESIAN_POINT('',(16.4729900095054,8.5,7.1369650521807));
#3665=CARTESIAN_POINT('',(15.1370619753153,8.5,5.14860704780478));
#3666=CARTESIAN_POINT('',(17.0965059093636,0.,8.06498871708589));
#3667=CARTESIAN_POINT('',(17.0965059093636,0.,8.06498871708589));
#3668=CARTESIAN_POINT('',(16.4729900095054,0.,7.1369650521807));
#3669=CARTESIAN_POINT('',(16.4729900095054,0.,7.1369650521807));
#3670=CARTESIAN_POINT('',(16.4729900095054,0.,7.1369650521807));
#3671=CARTESIAN_POINT('Origin',(16.428693376828,8.50000012665987,8.24595438054845));
#3672=CARTESIAN_POINT('',(16.8573305887637,3.7,8.48706281226224));
#3673=CARTESIAN_POINT('',(16.8573305887637,8.5,8.48706281226224));
#3674=CARTESIAN_POINT('',(16.8573305887637,4.25000006332994,8.48706281226224));
#3675=CARTESIAN_POINT('',(16.8644811453903,8.50000012665987,8.49108500036474));
#3676=CARTESIAN_POINT('',(14.6940302681234,8.5,7.27020638190207));
#3677=CARTESIAN_POINT('',(16.8644811453903,3.7,8.49108500036474));
#3678=CARTESIAN_POINT('',(16.8644811453903,3.7,8.49108500036474));
#3679=CARTESIAN_POINT('',(15.1213300711412,3.7,7.51056252109962));
#3680=CARTESIAN_POINT('Origin',(16.428693376828,8.50000012665987,8.24595438054845));
#3681=CARTESIAN_POINT('',(15.9857507012658,8.5,7.9967991255447));
#3682=CARTESIAN_POINT('',(15.9857507012658,3.7,7.9967991255447));
#3683=CARTESIAN_POINT('',(15.9857507012658,4.25000006332994,7.9967991255447));
#3684=CARTESIAN_POINT('',(9.96729240850399,3.7,4.61141633586617));
#3685=CARTESIAN_POINT('',(15.1213300711412,3.7,7.51056252109962));
#3686=CARTESIAN_POINT('',(13.9134944762323,8.50000012665987,6.83115499896334));
#3687=CARTESIAN_POINT('Ctrl Pts',(13.9134944762323,8.50000012665987,6.83115499896334));
#3688=CARTESIAN_POINT('Ctrl Pts',(11.6038004591351,5.6887642375578,5.53195211434618));
#3689=CARTESIAN_POINT('Ctrl Pts',(9.96729240850399,3.7,4.61141633586617));
#3690=CARTESIAN_POINT('',(14.6940302681234,8.5,7.27020638190207));
#3691=CARTESIAN_POINT('Origin',(13.3073634845008,3.7,10.7353920084604));
#3692=CARTESIAN_POINT('',(14.1615950799101,0.,11.2158972808782));
#3693=CARTESIAN_POINT('Origin',(14.1615950799102,3.7,11.2158972808782));
#3694=CARTESIAN_POINT('',(14.1306938350282,0.000530922423533364,11.2704288894933));
#3695=CARTESIAN_POINT('Origin',(14.1615950799102,3.7,11.2158972808782));
#3696=CARTESIAN_POINT('',(15.0007160208769,0.000585802443508476,11.7634414614741));
#3697=CARTESIAN_POINT('',(14.5657049279525,0.000558362433521475,11.5169351754838));
#3698=CARTESIAN_POINT('',(15.0331749674081,0.,11.7061609675958));
#3699=CARTESIAN_POINT('Origin',(15.033174967408,3.7,11.7061609675958));
#3700=CARTESIAN_POINT('Origin',(15.033174967408,3.7,11.7061609675958));
#3701=CARTESIAN_POINT('',(13.7657163407488,1.08805705294992,14.0000002086163));
#3702=CARTESIAN_POINT('Origin',(15.0505145587499,3.7,11.7159144877256));
#3703=CARTESIAN_POINT('',(11.5641146094958,3.7,14.0000002086163));
#3704=CARTESIAN_POINT('Origin',(19.1111113958889,3.7,14.0000002086163));
#3705=CARTESIAN_POINT('',(4.49174423310862,3.7,10.0217918718985));
#3706=CARTESIAN_POINT('',(11.4933968978603,3.7,13.9602214958213));
#3707=CARTESIAN_POINT('',(4.66394370204101,0.,5.87346838082684));
#3708=CARTESIAN_POINT('Ctrl Pts',(4.66394370204101,3.04172919490808E-15,
5.87346838082684));
#3709=CARTESIAN_POINT('Ctrl Pts',(4.57770359335142,3.03815262106368E-15,
5.94194904433039));
#3710=CARTESIAN_POINT('Ctrl Pts',(4.4921804339576,0.00422792021248329,6.01182457706615));
#3711=CARTESIAN_POINT('Ctrl Pts',(4.07248157393405,0.0471579914192723,6.3658830465512));
#3712=CARTESIAN_POINT('Ctrl Pts',(3.76089948063277,0.154093778319851,6.66483774617486));
#3713=CARTESIAN_POINT('Ctrl Pts',(3.31159690061344,0.469550565430332,7.22523723210002));
#3714=CARTESIAN_POINT('Ctrl Pts',(3.13989212808764,0.687147232541968,7.51930527054312));
#3715=CARTESIAN_POINT('Ctrl Pts',(2.99492017062849,1.19831333937,8.0931785503099));
#3716=CARTESIAN_POINT('Ctrl Pts',(3.02161284815743,1.49041041496924,8.37428344993408));
#3717=CARTESIAN_POINT('Ctrl Pts',(3.29853396141142,2.35731209863175,9.14175963308386));
#3718=CARTESIAN_POINT('Ctrl Pts',(3.75528343733706,2.94699022211892,9.56989971500457));
#3719=CARTESIAN_POINT('Ctrl Pts',(4.36879326777332,3.57810990888856,9.95091398865377));
#3720=CARTESIAN_POINT('Ctrl Pts',(4.42972227096778,3.63922209820385,9.98690451819424));
#3721=CARTESIAN_POINT('Ctrl Pts',(4.49174423310591,3.69999999999734,10.0217918718969));
#3722=CARTESIAN_POINT('',(6.92516548298795,0.806233895176668,4.50000006705523));
#3723=CARTESIAN_POINT('Ctrl Pts',(6.92516548298795,0.806233895176669,4.50000006705522));
#3724=CARTESIAN_POINT('Ctrl Pts',(6.81218188458449,0.731272715854407,4.54439054468109));
#3725=CARTESIAN_POINT('Ctrl Pts',(6.69873371945397,0.660444555241034,4.59338268920953));
#3726=CARTESIAN_POINT('Ctrl Pts',(6.20363211305783,0.3725278351985,4.82501833933729));
#3727=CARTESIAN_POINT('Ctrl Pts',(5.81861555541086,0.203982552005582,5.05097731290891));
#3728=CARTESIAN_POINT('Ctrl Pts',(5.18712818450687,0.0389785731550103,5.47564125210214));
#3729=CARTESIAN_POINT('Ctrl Pts',(4.92232077298559,3.22179332787683E-15,
5.66829895883463));
#3730=CARTESIAN_POINT('Ctrl Pts',(4.66394370204101,3.18321757841744E-15,
5.87346838082684));
#3731=CARTESIAN_POINT('',(9.75077997975852,3.44151602800688,4.50000006705522));
#3732=CARTESIAN_POINT('Origin',(2.22222225533592,3.7,4.50000006705523));
#3733=CARTESIAN_POINT('Ctrl Pts',(9.96729240850187,3.69999999999742,4.61141633586498));
#3734=CARTESIAN_POINT('Ctrl Pts',(9.89572521444358,3.61302806235832,4.57115978920726));
#3735=CARTESIAN_POINT('Ctrl Pts',(9.82343707755852,3.52675641727149,4.53402056627478));
#3736=CARTESIAN_POINT('Ctrl Pts',(9.75077997975852,3.44151602800688,4.50000006705522));
#3737=CARTESIAN_POINT('Origin',(14.1306938350283,0.,11.2704288894933));
#3738=CARTESIAN_POINT('',(14.1306938350283,0.,11.2704288894933));
#3739=CARTESIAN_POINT('',(14.1306938350283,0.,11.2704288894933));
#3740=CARTESIAN_POINT('',(15.0007160208769,0.,11.7634414614742));
#3741=CARTESIAN_POINT('',(15.0007160208769,0.,11.7634414614742));
#3742=CARTESIAN_POINT('',(15.0007160208769,0.,11.7634414614742));
#3743=CARTESIAN_POINT('Origin',(15.0007160208769,0.,11.7634414614742));
#3744=CARTESIAN_POINT('',(15.9999996423721,0.,9.99999977648258));
#3745=CARTESIAN_POINT('',(18.6304243550596,8.5,5.35807381291647));
#3746=CARTESIAN_POINT('Origin',(15.9799774375245,0.,8.00698723802931));
#3747=CARTESIAN_POINT('',(18.0069084552014,8.5,4.43005014801129));
#3748=CARTESIAN_POINT('',(14.1306938350283,0.,11.2704288894933));
#3749=CARTESIAN_POINT('Origin',(15.9799774375245,0.,8.00698723802931));
#3750=CARTESIAN_POINT('',(14.1306938350283,0.,11.2704288894933));
#3751=CARTESIAN_POINT('Origin',(15.0007160208769,0.,11.7634414614742));
#3752=CARTESIAN_POINT('',(15.9999996423721,0.,9.99999977648258));
#3753=CARTESIAN_POINT('Origin',(15.4903467292007,0.,9.88521434975177));
#3754=CARTESIAN_POINT('Origin',(13.3073634845008,3.7,-10.7353920084604));
#3755=CARTESIAN_POINT('',(6.12916214503307,4.25000006332994,-9.73053828630517));
#3756=CARTESIAN_POINT('',(9.92898837232927,4.25000006332994,-5.80217147656869));
#3757=CARTESIAN_POINT('Ctrl Pts',(6.12916214503307,4.25000006332994,-9.73053828630517));
#3758=CARTESIAN_POINT('Ctrl Pts',(6.36374559077732,4.45703513862319,-9.81306715171418));
#3759=CARTESIAN_POINT('Ctrl Pts',(6.60823970767279,4.65391179849818,-9.87422554167927));
#3760=CARTESIAN_POINT('Ctrl Pts',(7.26828650325766,5.14768530995512,-9.98303204673685));
#3761=CARTESIAN_POINT('Ctrl Pts',(7.74895570050371,5.46442704260248,-9.99877093598103));
#3762=CARTESIAN_POINT('Ctrl Pts',(8.71492396545546,5.99566206847971,-9.84705310546969));
#3763=CARTESIAN_POINT('Ctrl Pts',(9.1995965255402,6.21222697766267,-9.68288674463069));
#3764=CARTESIAN_POINT('Ctrl Pts',(9.78686623460195,6.36567713853428,-9.28795839054181));
#3765=CARTESIAN_POINT('Ctrl Pts',(9.95231314738329,6.39492598548911,-9.1516762255028));
#3766=CARTESIAN_POINT('Ctrl Pts',(10.2408201818437,6.40382033574204,-8.84045937319473));
#3767=CARTESIAN_POINT('Ctrl Pts',(10.3635803644369,6.38303054481253,-8.6652344854445));
#3768=CARTESIAN_POINT('Ctrl Pts',(10.5460251742562,6.30074615734851,-8.3178930308932));
#3769=CARTESIAN_POINT('Ctrl Pts',(10.617408336002,6.23217068166034,-8.12045969210445));
#3770=CARTESIAN_POINT('Ctrl Pts',(10.6980202936775,6.05317928331731,-7.72973293258015));
#3771=CARTESIAN_POINT('Ctrl Pts',(10.7079302687724,5.94308720176259,-7.53643206072474));
#3772=CARTESIAN_POINT('Ctrl Pts',(10.6730609444441,5.55947643168239,-6.95047114860162));
#3773=CARTESIAN_POINT('Ctrl Pts',(10.5305526066009,5.2175272653331,-6.56939290929019));
#3774=CARTESIAN_POINT('Ctrl Pts',(10.2064104878039,4.65513696998129,-6.08293352552163));
#3775=CARTESIAN_POINT('Ctrl Pts',(10.0735838758919,4.45211107360605,-5.93175527570908));
#3776=CARTESIAN_POINT('Ctrl Pts',(9.92898837232927,4.25000006332994,-5.80217147656869));
#3777=CARTESIAN_POINT('',(5.5561626806587,3.69999999999999,-9.47317976422752));
#3778=CARTESIAN_POINT('Ctrl Pts',(5.5561626806587,3.69999999999998,-9.47317976422752));
#3779=CARTESIAN_POINT('Ctrl Pts',(5.5618435553979,3.70598232845571,-9.47637525626832));
#3780=CARTESIAN_POINT('Ctrl Pts',(5.56753836667906,3.71196093659948,-9.47955691275581));
#3781=CARTESIAN_POINT('Ctrl Pts',(5.74737954956292,3.90010244855769,-9.57924903701518));
#3782=CARTESIAN_POINT('Ctrl Pts',(5.93488295822253,4.07853610541244,-9.66218887311794));
#3783=CARTESIAN_POINT('Ctrl Pts',(6.12916214503307,4.25000006332994,-9.73053828630517));
#3784=CARTESIAN_POINT('',(13.6038434706831,3.7,-14.0000002086163));
#3785=CARTESIAN_POINT('',(11.9836581374928,3.7,-13.0886459586967));
#3786=CARTESIAN_POINT('',(13.7657163407488,4.34980455418893,-14.0000002086163));
#3787=CARTESIAN_POINT('Origin',(19.1111113958889,3.7,-14.0000002086163));
#3788=CARTESIAN_POINT('',(13.7657163407488,3.05019544581107,-14.0000002086163));
#3789=CARTESIAN_POINT('Origin',(15.0505145587499,3.7,-11.7159144877256));
#3790=CARTESIAN_POINT('Origin',(19.1111113958889,3.7,-14.0000002086163));
#3791=CARTESIAN_POINT('Ctrl Pts',(9.92898837232927,4.25000006332993,-5.80217147656869));
#3792=CARTESIAN_POINT('Ctrl Pts',(9.80328512312251,4.07429604718695,-5.6895185641671));
#3793=CARTESIAN_POINT('Ctrl Pts',(9.66867757297547,3.89928863385999,-5.5931887657061));
#3794=CARTESIAN_POINT('Ctrl Pts',(9.29463107900309,3.4401567358073,-5.37680833186211));
#3795=CARTESIAN_POINT('Ctrl Pts',(9.01271116754889,3.12396056355367,-5.27080918743855));
#3796=CARTESIAN_POINT('Ctrl Pts',(8.40706413610919,2.51698721743329,-5.17007631534446));
#3797=CARTESIAN_POINT('Ctrl Pts',(8.08293293410141,2.22653653611724,-5.17580599108831));
#3798=CARTESIAN_POINT('Ctrl Pts',(7.51537200128911,1.78456491170354,-5.27411567086669));
#3799=CARTESIAN_POINT('Ctrl Pts',(7.22867800786224,1.58695812131641,-5.35793849176245));
#3800=CARTESIAN_POINT('Ctrl Pts',(6.64997035483524,1.26708104949888,-5.60487086595665));
#3801=CARTESIAN_POINT('Ctrl Pts',(6.35741777686393,1.14552058912793,-5.76763599730398));
#3802=CARTESIAN_POINT('Ctrl Pts',(5.84318466545094,1.01115446662196,-6.11344854846177));
#3803=CARTESIAN_POINT('Ctrl Pts',(5.58067447799673,0.98268068124918,-6.31973651765767));
#3804=CARTESIAN_POINT('Ctrl Pts',(5.11458007232463,1.04059077999314,-6.77092394814805));
#3805=CARTESIAN_POINT('Ctrl Pts',(4.91149865850577,1.12723868733581,-7.01630862955703));
#3806=CARTESIAN_POINT('Ctrl Pts',(4.62965801357422,1.39076510575819,-7.49848667328813));
#3807=CARTESIAN_POINT('Ctrl Pts',(4.54199198229446,1.58152997892005,-7.75757438689992));
#3808=CARTESIAN_POINT('Ctrl Pts',(4.52078484696383,2.01828372104142,-8.24201414514851));
#3809=CARTESIAN_POINT('Ctrl Pts',(4.58560977301509,2.26322909227432,-8.46823311314117));
#3810=CARTESIAN_POINT('Ctrl Pts',(4.68697061725626,2.48939793402575,-8.65541590890154));
#3811=CARTESIAN_POINT('Ctrl Pts',(4.86620090941675,2.88931871101,-8.9864000026382));
#3812=CARTESIAN_POINT('Ctrl Pts',(5.17945313636039,3.3033004898261,-9.26128064555972));
#3813=CARTESIAN_POINT('Ctrl Pts',(5.5561626806587,3.69999999999998,-9.47317976422752));
#3814=CARTESIAN_POINT('Origin',(13.3073634845008,3.7,10.7353920084604));
#3815=CARTESIAN_POINT('',(13.7657163407488,4.34980455418891,14.0000002086163));
#3816=CARTESIAN_POINT('',(13.6038434706831,3.7,14.0000002086163));
#3817=CARTESIAN_POINT('Origin',(19.1111113958889,3.7,14.0000002086163));
#3818=CARTESIAN_POINT('',(5.5561626806587,3.69999999999999,9.47317976422752));
#3819=CARTESIAN_POINT('',(11.9836581374929,3.7,13.0886459586967));
#3820=CARTESIAN_POINT('',(6.12916214503307,4.25000006332993,9.73053828630517));
#3821=CARTESIAN_POINT('Ctrl Pts',(6.12916214503307,4.25000006332993,9.73053828630517));
#3822=CARTESIAN_POINT('Ctrl Pts',(5.93488295822253,4.07853610541244,9.66218887311793));
#3823=CARTESIAN_POINT('Ctrl Pts',(5.74737954956293,3.90010244855769,9.57924903701518));
#3824=CARTESIAN_POINT('Ctrl Pts',(5.56753836667907,3.71196093659948,9.47955691275581));
#3825=CARTESIAN_POINT('Ctrl Pts',(5.5618435553979,3.70598232845571,9.47637525626832));
#3826=CARTESIAN_POINT('Ctrl Pts',(5.5561626806587,3.69999999999998,9.47317976422752));
#3827=CARTESIAN_POINT('',(9.92898837232927,4.25000006332994,5.80217147656869));
#3828=CARTESIAN_POINT('Ctrl Pts',(9.92898837232927,4.25000006332994,5.8021714765687));
#3829=CARTESIAN_POINT('Ctrl Pts',(10.0735838758919,4.45211107360605,5.93175527570908));
#3830=CARTESIAN_POINT('Ctrl Pts',(10.2064104878039,4.65513696998129,6.08293352552163));
#3831=CARTESIAN_POINT('Ctrl Pts',(10.5305526066009,5.2175272653331,6.56939290929019));
#3832=CARTESIAN_POINT('Ctrl Pts',(10.673060944444,5.55947643168239,6.95047114860162));
#3833=CARTESIAN_POINT('Ctrl Pts',(10.7079302687724,5.94308720176259,7.53643206072474));
#3834=CARTESIAN_POINT('Ctrl Pts',(10.6980202936775,6.05317928331731,7.72973293258015));
#3835=CARTESIAN_POINT('Ctrl Pts',(10.617408336002,6.23217068166034,8.12045969210445));
#3836=CARTESIAN_POINT('Ctrl Pts',(10.5460251742562,6.30074615734851,8.3178930308932));
#3837=CARTESIAN_POINT('Ctrl Pts',(10.3635803644369,6.38303054481253,8.6652344854445));
#3838=CARTESIAN_POINT('Ctrl Pts',(10.2408201818437,6.40382033574204,8.84045937319473));
#3839=CARTESIAN_POINT('Ctrl Pts',(9.95231314738329,6.39492598548911,9.1516762255028));
#3840=CARTESIAN_POINT('Ctrl Pts',(9.78686623460195,6.36567713853428,9.2879583905418));
#3841=CARTESIAN_POINT('Ctrl Pts',(9.1995965255402,6.21222697766267,9.68288674463069));
#3842=CARTESIAN_POINT('Ctrl Pts',(8.71492396545546,5.99566206847971,9.84705310546968));
#3843=CARTESIAN_POINT('Ctrl Pts',(7.74895570050371,5.46442704260248,9.99877093598102));
#3844=CARTESIAN_POINT('Ctrl Pts',(7.26828650325766,5.14768530995512,9.98303204673685));
#3845=CARTESIAN_POINT('Ctrl Pts',(6.60823970767279,4.65391179849818,9.87422554167926));
#3846=CARTESIAN_POINT('Ctrl Pts',(6.36374559077732,4.45703513862319,9.81306715171418));
#3847=CARTESIAN_POINT('Ctrl Pts',(6.12916214503307,4.25000006332993,9.73053828630517));
#3848=CARTESIAN_POINT('Ctrl Pts',(5.5561626806587,3.69999999999998,9.47317976422752));
#3849=CARTESIAN_POINT('Ctrl Pts',(5.17945313636039,3.3033004898261,9.26128064555972));
#3850=CARTESIAN_POINT('Ctrl Pts',(4.86620090941675,2.88931871101,8.98640000263821));
#3851=CARTESIAN_POINT('Ctrl Pts',(4.5856097730151,2.26322909227432,8.46823311314117));
#3852=CARTESIAN_POINT('Ctrl Pts',(4.52078484696384,2.01828372104142,8.24201414514851));
#3853=CARTESIAN_POINT('Ctrl Pts',(4.54199198229447,1.58152997892006,7.75757438689992));
#3854=CARTESIAN_POINT('Ctrl Pts',(4.62965801357423,1.39076510575819,7.49848667328813));
#3855=CARTESIAN_POINT('Ctrl Pts',(4.91149865850578,1.12723868733581,7.01630862955703));
#3856=CARTESIAN_POINT('Ctrl Pts',(5.11458007232464,1.04059077999314,6.77092394814805));
#3857=CARTESIAN_POINT('Ctrl Pts',(5.58067447799673,0.982680681249182,6.31973651765767));
#3858=CARTESIAN_POINT('Ctrl Pts',(5.84318466545094,1.01115446662197,6.11344854846177));
#3859=CARTESIAN_POINT('Ctrl Pts',(6.35741777686394,1.14552058912793,5.76763599730398));
#3860=CARTESIAN_POINT('Ctrl Pts',(6.64997035483524,1.26708104949888,5.60487086595665));
#3861=CARTESIAN_POINT('Ctrl Pts',(7.22867800786224,1.58695812131641,5.35793849176246));
#3862=CARTESIAN_POINT('Ctrl Pts',(7.51537200128912,1.78456491170354,5.27411567086669));
#3863=CARTESIAN_POINT('Ctrl Pts',(8.08293293410141,2.22653653611724,5.17580599108831));
#3864=CARTESIAN_POINT('Ctrl Pts',(8.40706413610919,2.51698721743329,5.17007631534447));
#3865=CARTESIAN_POINT('Ctrl Pts',(9.01271116754889,3.12396056355367,5.27080918743855));
#3866=CARTESIAN_POINT('Ctrl Pts',(9.29463107900309,3.4401567358073,5.37680833186211));
#3867=CARTESIAN_POINT('Ctrl Pts',(9.53128621962716,3.73064448438831,5.5137098743838));
#3868=CARTESIAN_POINT('Ctrl Pts',(9.66867757297547,3.89928863385999,5.5931887657061));
#3869=CARTESIAN_POINT('Ctrl Pts',(9.80328512312251,4.07429604718696,5.68951856416711));
#3870=CARTESIAN_POINT('Ctrl Pts',(9.92898837232927,4.25000006332994,5.8021714765687));
#3871=CARTESIAN_POINT('',(13.7657163407488,3.05019544581109,14.0000002086163));
#3872=CARTESIAN_POINT('Origin',(19.1111113958889,3.7,14.0000002086163));
#3873=CARTESIAN_POINT('Origin',(15.0505145587499,3.7,11.7159144877256));
#3874=CARTESIAN_POINT('Origin',(16.8644811453903,3.7,-8.49108500036474));
#3875=CARTESIAN_POINT('',(13.7657163407488,8.5,-14.0000002086163));
#3876=CARTESIAN_POINT('',(13.7657163407489,6.1,-14.0000002086163));
#3877=CARTESIAN_POINT('',(18.634797565681,8.5,-5.3438558087369));
#3878=CARTESIAN_POINT('',(13.7657163407489,6.1,-14.0000002086163));
#3879=CARTESIAN_POINT('Origin',(16.3742199057578,3.7,9.36266053748929));
#3880=CARTESIAN_POINT('',(13.7657163407489,6.1,14.0000002086163));
#3881=CARTESIAN_POINT('',(13.7657163407488,8.5,14.0000002086163));
#3882=CARTESIAN_POINT('',(18.3896669458647,8.5,5.77964357729917));
#3883=CARTESIAN_POINT('',(13.7657163407489,6.1,14.0000002086163));
#3884=CARTESIAN_POINT('Origin',(5.38516426478754,10.,-14.0000002086163));
#3885=CARTESIAN_POINT('',(11.3137082408353,9.99999972507358,-14.0000002086163));
#3886=CARTESIAN_POINT('',(20.5,10.,-14.0000002086163));
#3887=CARTESIAN_POINT('',(0.,10.,-14.0000002086163));
#3888=CARTESIAN_POINT('',(20.5,8.5,-14.0000002086163));
#3889=CARTESIAN_POINT('',(20.5,10.,-14.0000002086163));
#3890=CARTESIAN_POINT('',(0.,8.5,-14.0000002086163));
#3891=CARTESIAN_POINT('',(11.5641146094958,8.50000012665987,-14.0000002086163));
#3892=CARTESIAN_POINT('',(11.5641146094958,9.25000006332994,-14.0000002086163));
#3893=CARTESIAN_POINT('',(11.3137082408353,8.49999972507358,-14.0000002086163));
#3894=CARTESIAN_POINT('',(0.,8.5,-14.0000002086163));
#3895=CARTESIAN_POINT('',(11.3137082408353,9.99999972507358,-14.0000002086163));
#3896=CARTESIAN_POINT('Origin',(12.8007602035471,3.7,14.6956133552701));
#3897=CARTESIAN_POINT('',(11.5641146094958,8.50000012665987,14.0000002086163));
#3898=CARTESIAN_POINT('',(11.5641146094958,6.85,14.0000002086163));
#3899=CARTESIAN_POINT('',(9.04829106222309,8.50000012665987,12.5848494632753));
#3900=CARTESIAN_POINT('',(11.0660970948424,8.5,13.7198653566237));
#3901=CARTESIAN_POINT('Ctrl Pts',(4.49174423310862,3.7,10.0217918718985));
#3902=CARTESIAN_POINT('Ctrl Pts',(6.38136504750904,5.55171807413659,11.0847035799987));
#3903=CARTESIAN_POINT('Ctrl Pts',(9.04829106222308,8.50000012665987,12.5848494632754));
#3904=CARTESIAN_POINT('Origin',(0.,5.,0.));
#3905=CARTESIAN_POINT('',(-13.6487833256588,8.50000012665987,-0.182254879908233));
#3906=CARTESIAN_POINT('',(-11.4477200380986,8.50000012665987,-7.43452816534777));
#3907=CARTESIAN_POINT('Origin',(0.,8.50000012665987,0.));
#3908=CARTESIAN_POINT('',(-13.3247746502664,8.13863850029603,2.22044604925031E-15));
#3909=CARTESIAN_POINT('Ctrl Pts',(-13.3247746502664,8.13863850029603,2.22044604925031E-15));
#3910=CARTESIAN_POINT('Ctrl Pts',(-13.4848257580905,8.31647306454498,-0.0900287481510302));
#3911=CARTESIAN_POINT('Ctrl Pts',(-13.6487833256588,8.50000012665987,-0.18225487990823));
#3912=CARTESIAN_POINT('',(-13.6487833256588,8.50000012665987,0.182254879908233));
#3913=CARTESIAN_POINT('Ctrl Pts',(-13.6487833256588,8.50000012665987,0.182254879908231));
#3914=CARTESIAN_POINT('Ctrl Pts',(-13.48482575809,8.31647306454439,0.0900287481507415));
#3915=CARTESIAN_POINT('Ctrl Pts',(-13.3247746502664,8.13863850029603,2.22044604925031E-15));
#3916=CARTESIAN_POINT('',(-11.4477200380986,8.50000012665987,7.43452816534777));
#3917=CARTESIAN_POINT('Origin',(0.,8.50000012665987,0.));
#3918=CARTESIAN_POINT('',(-7.67134017085854,3.7,5.31031449002525));
#3919=CARTESIAN_POINT('Ctrl Pts',(-7.67134017085854,3.7,5.31031449002525));
#3920=CARTESIAN_POINT('Ctrl Pts',(-9.20457010952912,5.64614336335735,6.17275633052745));
#3921=CARTESIAN_POINT('Ctrl Pts',(-11.4477200380986,8.50000012665987,7.43452816534777));
#3922=CARTESIAN_POINT('',(-11.9056294757784,6.59151258691885,0.798269160649545));
#3923=CARTESIAN_POINT('Ctrl Pts',(-11.9056294757784,6.59151258691885,0.798269160649544));
#3924=CARTESIAN_POINT('Ctrl Pts',(-12.1311214023296,6.88195229932306,1.34250301978273));
#3925=CARTESIAN_POINT('Ctrl Pts',(-12.2757724691613,7.12378888024518,1.92576745800814));
#3926=CARTESIAN_POINT('Ctrl Pts',(-12.2854440339367,7.33663249604413,2.82493770152098));
#3927=CARTESIAN_POINT('Ctrl Pts',(-12.2555922701378,7.38627166865357,3.14026235068927));
#3928=CARTESIAN_POINT('Ctrl Pts',(-12.1047206798031,7.40864755258066,3.74784423367101));
#3929=CARTESIAN_POINT('Ctrl Pts',(-11.9829222630524,7.38053596904402,4.03993881638327));
#3930=CARTESIAN_POINT('Ctrl Pts',(-11.6847211340187,7.25769311398237,4.53872323601114));
#3931=CARTESIAN_POINT('Ctrl Pts',(-11.4872982977993,7.15322996290751,4.77639486979284));
#3932=CARTESIAN_POINT('Ctrl Pts',(-11.0483053781316,6.88025170038522,5.16292316715579));
#3933=CARTESIAN_POINT('Ctrl Pts',(-10.8073549677086,6.71225505475365,5.3128486093976));
#3934=CARTESIAN_POINT('Ctrl Pts',(-10.0315511132911,6.13015703178349,5.67843947668202));
#3935=CARTESIAN_POINT('Ctrl Pts',(-9.44297875265021,5.61747802909937,5.75503570387));
#3936=CARTESIAN_POINT('Ctrl Pts',(-8.44806021731613,4.62336704608086,5.64951727469224));
#3937=CARTESIAN_POINT('Ctrl Pts',(-8.02874927413121,4.15366277868318,5.51135711061613));
#3938=CARTESIAN_POINT('Ctrl Pts',(-7.67134017085854,3.7,5.31031449002525));
#3939=CARTESIAN_POINT('',(-9.00857245552839,3.7,2.42786373454015));
#3940=CARTESIAN_POINT('Ctrl Pts',(-9.00857245552839,3.7,2.42786373454015));
#3941=CARTESIAN_POINT('Ctrl Pts',(-10.2798114106791,4.85707408269278,1.71279182226788));
#3942=CARTESIAN_POINT('Ctrl Pts',(-11.9056294757784,6.59151258691885,0.798269160649545));
#3943=CARTESIAN_POINT('',(-11.5007848908383,6.11198321204259,-1.14715266651103E-15));
#3944=CARTESIAN_POINT('Ctrl Pts',(-11.5007848908383,6.1119832120426,-1.94289029309402E-15));
#3945=CARTESIAN_POINT('Ctrl Pts',(-11.1708626577229,5.7454029530255,0.547146339824606));
#3946=CARTESIAN_POINT('Ctrl Pts',(-10.7657990549443,5.3396840670806,1.03020252565131));
#3947=CARTESIAN_POINT('Ctrl Pts',(-9.95214577875049,4.56170302349346,1.80657267759266));
#3948=CARTESIAN_POINT('Ctrl Pts',(-9.49037246599745,4.1385314837121,2.1568512286513));
#3949=CARTESIAN_POINT('Ctrl Pts',(-9.00857245552839,3.7,2.42786373454015));
#3950=CARTESIAN_POINT('',(-9.00857245552839,3.7,-2.42786373454015));
#3951=CARTESIAN_POINT('Ctrl Pts',(-9.00857245552839,3.7,-2.42786373454015));
#3952=CARTESIAN_POINT('Ctrl Pts',(-9.49037246599745,4.1385314837121,-2.1568512286513));
#3953=CARTESIAN_POINT('Ctrl Pts',(-9.95214577875049,4.56170302349346,-1.80657267759266));
#3954=CARTESIAN_POINT('Ctrl Pts',(-10.7657990549443,5.3396840670806,-1.03020252565131));
#3955=CARTESIAN_POINT('Ctrl Pts',(-11.1708626577229,5.74540295302549,-0.547146339824609));
#3956=CARTESIAN_POINT('Ctrl Pts',(-11.5007848908383,6.11198321204259,-6.93889390390723E-16));
#3957=CARTESIAN_POINT('',(-11.9056294757783,6.59151258691885,-0.798269160649543));
#3958=CARTESIAN_POINT('Ctrl Pts',(-11.9056294757783,6.59151258691885,-0.798269160649543));
#3959=CARTESIAN_POINT('Ctrl Pts',(-10.2798114106791,4.85707408269278,-1.71279182226787));
#3960=CARTESIAN_POINT('Ctrl Pts',(-9.00857245552838,3.7,-2.42786373454015));
#3961=CARTESIAN_POINT('',(-7.67134017085854,3.7,-5.31031449002525));
#3962=CARTESIAN_POINT('Ctrl Pts',(-7.67134017085854,3.7,-5.31031449002525));
#3963=CARTESIAN_POINT('Ctrl Pts',(-8.02874927413122,4.15366277868318,-5.51135711061613));
#3964=CARTESIAN_POINT('Ctrl Pts',(-8.44806021731613,4.62336704608086,-5.64951727469224));
#3965=CARTESIAN_POINT('Ctrl Pts',(-9.44297875265021,5.61747802909937,-5.75503570386999));
#3966=CARTESIAN_POINT('Ctrl Pts',(-10.0315511132911,6.13015703178349,-5.67843947668201));
#3967=CARTESIAN_POINT('Ctrl Pts',(-10.8073549677086,6.71225505475365,-5.31284860939759));
#3968=CARTESIAN_POINT('Ctrl Pts',(-11.0483053781316,6.88025170038521,-5.16292316715579));
#3969=CARTESIAN_POINT('Ctrl Pts',(-11.4872982977993,7.15322996290751,-4.77639486979284));
#3970=CARTESIAN_POINT('Ctrl Pts',(-11.6847211340187,7.25769311398237,-4.53872323601113));
#3971=CARTESIAN_POINT('Ctrl Pts',(-11.9829222630524,7.38053596904402,-4.03993881638326));
#3972=CARTESIAN_POINT('Ctrl Pts',(-12.1047206798031,7.40864755258066,-3.747844233671));
#3973=CARTESIAN_POINT('Ctrl Pts',(-12.2555922701378,7.38627166865357,-3.14026235068927));
#3974=CARTESIAN_POINT('Ctrl Pts',(-12.2854440339367,7.33663249604413,-2.82493770152097));
#3975=CARTESIAN_POINT('Ctrl Pts',(-12.2757724691613,7.12378888024517,-1.92576745800814));
#3976=CARTESIAN_POINT('Ctrl Pts',(-12.1311214023296,6.88195229932306,-1.34250301978273));
#3977=CARTESIAN_POINT('Ctrl Pts',(-11.9056294757783,6.59151258691885,-0.798269160649543));
#3978=CARTESIAN_POINT('Ctrl Pts',(-11.4477200380986,8.50000012665987,-7.43452816534777));
#3979=CARTESIAN_POINT('Ctrl Pts',(-9.20457010940196,5.64614336319576,-6.17275633045592));
#3980=CARTESIAN_POINT('Ctrl Pts',(-7.67134017085854,3.7,-5.31031449002525));
#3981=CARTESIAN_POINT('Origin',(0.,5.,0.));
#3982=CARTESIAN_POINT('',(12.2982050987757,8.50000012665987,5.92255472414401));
#3983=CARTESIAN_POINT('',(7.24340203977409,8.50000012665987,11.5695993881478));
#3984=CARTESIAN_POINT('Origin',(0.,8.50000012665987,0.));
#3985=CARTESIAN_POINT('',(8.52182523153565,3.7,3.79834104882148));
#3986=CARTESIAN_POINT('Ctrl Pts',(8.52182523153565,3.7,3.79834104882148));
#3987=CARTESIAN_POINT('Ctrl Pts',(10.0550551700804,5.64614336319742,4.66078288925289));
#3988=CARTESIAN_POINT('Ctrl Pts',(12.2982050987757,8.50000012665987,5.92255472414401));
#3989=CARTESIAN_POINT('',(2.60319116964364,3.7,8.95948077369941));
#3990=CARTESIAN_POINT('Ctrl Pts',(2.60319116964364,3.7,8.95948077369941));
#3991=CARTESIAN_POINT('Ctrl Pts',(3.0849911801127,4.1385314837121,9.23049327958826));
#3992=CARTESIAN_POINT('Ctrl Pts',(3.62413228526603,4.56170302349346,9.44322908860195));
#3993=CARTESIAN_POINT('Ctrl Pts',(4.81254553942354,5.41304567117679,9.76296969830496));
#3994=CARTESIAN_POINT('Ctrl Pts',(5.56692765774807,5.89613324855677,9.86355381229914));
#3995=CARTESIAN_POINT('Ctrl Pts',(7.09094241251833,6.72707649638942,9.77084073985512));
#3996=CARTESIAN_POINT('Ctrl Pts',(7.8587364284387,7.07929603879131,9.58671916407011));
#3997=CARTESIAN_POINT('Ctrl Pts',(8.79387170319575,7.33663249604413,9.03217740061604));
#3998=CARTESIAN_POINT('Ctrl Pts',(9.04784630347958,7.38627166865357,8.84292184697049));
#3999=CARTESIAN_POINT('Ctrl Pts',(9.488739638762,7.40864755258066,8.39847719552186));
#4000=CARTESIAN_POINT('Ctrl Pts',(9.67511505979987,7.38053596904402,8.14270717772114));
#4001=CARTESIAN_POINT('Ctrl Pts',(9.94652371045838,7.25769311398236,7.6288519890072));
#4002=CARTESIAN_POINT('Ctrl Pts',(10.0471184706683,7.15322996290751,7.3367145624702));
#4003=CARTESIAN_POINT('Ctrl Pts',(10.149481641881,6.88025170038521,6.76083203160129));
#4004=CARTESIAN_POINT('Ctrl Pts',(10.1524852191558,6.71225505475365,6.47706149571364));
#4005=CARTESIAN_POINT('Ctrl Pts',(10.0620534543334,6.13015703178348,5.62421309260681));
#4006=CARTESIAN_POINT('Ctrl Pts',(9.82187407842239,5.61747802909937,5.08144401360834));
#4007=CARTESIAN_POINT('Ctrl Pts',(9.21504900042044,4.62336704608086,4.28598166028458));
#4008=CARTESIAN_POINT('Ctrl Pts',(8.87923433480833,4.15366277868318,3.99938366941237));
#4009=CARTESIAN_POINT('Ctrl Pts',(8.52182523153565,3.7,3.79834104882148));
#4010=CARTESIAN_POINT('Ctrl Pts',(7.24340203977409,8.50000012665987,11.5695993881478));
#4011=CARTESIAN_POINT('Ctrl Pts',(4.48714100443728,5.41475985541572,10.0192025557708));
#4012=CARTESIAN_POINT('Ctrl Pts',(2.60319116964363,3.7,8.95948077369941));
#4013=CARTESIAN_POINT('Origin',(0.,5.,0.));
#4014=CARTESIAN_POINT('',(8.52182523153565,3.7,-3.79834104882148));
#4015=CARTESIAN_POINT('',(2.60319116964364,3.7,-8.95948077369941));
#4016=CARTESIAN_POINT('Ctrl Pts',(8.52182523153565,3.7,-3.79834104882148));
#4017=CARTESIAN_POINT('Ctrl Pts',(8.87923433480833,4.15366277868318,-3.99938366941236));
#4018=CARTESIAN_POINT('Ctrl Pts',(9.21504900042044,4.62336704608086,-4.28598166028458));
#4019=CARTESIAN_POINT('Ctrl Pts',(9.82187407842239,5.61747802909937,-5.08144401360834));
#4020=CARTESIAN_POINT('Ctrl Pts',(10.0620534543334,6.13015703178349,-5.62421309260681));
#4021=CARTESIAN_POINT('Ctrl Pts',(10.1524852191558,6.71225505475365,-6.47706149571364));
#4022=CARTESIAN_POINT('Ctrl Pts',(10.149481641881,6.88025170038522,-6.7608320316013));
#4023=CARTESIAN_POINT('Ctrl Pts',(10.0471184706683,7.15322996290751,-7.3367145624702));
#4024=CARTESIAN_POINT('Ctrl Pts',(9.94652371045838,7.25769311398237,-7.6288519890072));
#4025=CARTESIAN_POINT('Ctrl Pts',(9.67511505979986,7.38053596904402,-8.14270717772115));
#4026=CARTESIAN_POINT('Ctrl Pts',(9.488739638762,7.40864755258066,-8.39847719552187));
#4027=CARTESIAN_POINT('Ctrl Pts',(9.04784630347958,7.38627166865357,-8.8429218469705));
#4028=CARTESIAN_POINT('Ctrl Pts',(8.79387170319575,7.33663249604413,-9.03217740061605));
#4029=CARTESIAN_POINT('Ctrl Pts',(7.8587364284387,7.0792960387913,-9.58671916407012));
#4030=CARTESIAN_POINT('Ctrl Pts',(7.09094241251833,6.72707649638942,-9.77084073985512));
#4031=CARTESIAN_POINT('Ctrl Pts',(5.56692765774807,5.89613324855677,-9.86355381229914));
#4032=CARTESIAN_POINT('Ctrl Pts',(4.81254553942354,5.41304567117679,-9.76296969830496));
#4033=CARTESIAN_POINT('Ctrl Pts',(3.62413228526602,4.56170302349346,-9.44322908860195));
#4034=CARTESIAN_POINT('Ctrl Pts',(3.08499118011269,4.13853148371209,-9.23049327958826));
#4035=CARTESIAN_POINT('Ctrl Pts',(2.60319116964363,3.7,-8.95948077369941));
#4036=CARTESIAN_POINT('',(12.2982050987757,8.50000012665987,-5.92255472414401));
#4037=CARTESIAN_POINT('Ctrl Pts',(12.2982050987757,8.50000012665987,-5.92255472414401));
#4038=CARTESIAN_POINT('Ctrl Pts',(10.0550551704995,5.64614336372999,-4.66078288948863));
#4039=CARTESIAN_POINT('Ctrl Pts',(8.52182523153565,3.7,-3.79834104882148));
#4040=CARTESIAN_POINT('',(7.24340203977408,8.50000012665987,-11.5695993881478));
#4041=CARTESIAN_POINT('Origin',(0.,8.50000012665987,0.));
#4042=CARTESIAN_POINT('Ctrl Pts',(2.60319116964363,3.7,-8.95948077369941));
#4043=CARTESIAN_POINT('Ctrl Pts',(4.48714100443725,5.41475985541569,-10.0192025557708));
#4044=CARTESIAN_POINT('Ctrl Pts',(7.24340203977408,8.50000012665987,-11.5695993881478));
#4045=CARTESIAN_POINT('Origin',(16.428693376828,3.7,-8.24595438054845));
#4046=CARTESIAN_POINT('',(8.57697171253518,3.7,-3.82936094438372));
#4047=CARTESIAN_POINT('',(16.428693376828,3.7,-8.24595438054845));
#4048=CARTESIAN_POINT('',(8.87259681010078,4.07953457848543,-3.99565006176007));
#4049=CARTESIAN_POINT('Ctrl Pts',(8.87259681010078,4.07953457848543,-3.99565006176007));
#4050=CARTESIAN_POINT('Ctrl Pts',(8.72217345240009,3.88638756352018,-3.91103692305343));
#4051=CARTESIAN_POINT('Ctrl Pts',(8.57697171253518,3.7,-3.82936094438372));
#4052=CARTESIAN_POINT('',(12.3113053425594,8.50000012665987,-5.92992361127236));
#4053=CARTESIAN_POINT('Ctrl Pts',(12.3113053425594,8.50000012665987,-5.92992361127236));
#4054=CARTESIAN_POINT('Ctrl Pts',(10.3028260038111,5.91598136958032,-4.80015398322213));
#4055=CARTESIAN_POINT('Ctrl Pts',(8.87259681010078,4.07953457848543,-3.99565006176007));
#4056=CARTESIAN_POINT('',(16.428693376828,8.50000012665987,-8.24595438054845));
#4057=CARTESIAN_POINT('Origin',(14.6147267901876,3.7,11.4707838679093));
#4058=CARTESIAN_POINT('',(8.57697171253518,3.7,3.82936094438372));
#4059=CARTESIAN_POINT('',(16.428693376828,3.7,8.24595438054845));
#4060=CARTESIAN_POINT('',(8.84173344454272,4.04863063796381,3.99717635508276));
#4061=CARTESIAN_POINT('Ctrl Pts',(8.84173339861476,4.04863068292197,3.99717633413036));
#4062=CARTESIAN_POINT('Ctrl Pts',(8.75534613876913,3.93182216958087,3.93589910291069));
#4063=CARTESIAN_POINT('Ctrl Pts',(8.6668432754428,3.8153632929061,3.87991369851925));
#4064=CARTESIAN_POINT('Ctrl Pts',(8.57697171253518,3.7,3.82936094438372));
#4065=CARTESIAN_POINT('',(8.87545073400348,4.09438608272323,4.02144034819183));
#4066=CARTESIAN_POINT('Ctrl Pts',(8.87545073400481,4.09438608272349,4.02144034818951));
#4067=CARTESIAN_POINT('Ctrl Pts',(8.86424970046571,4.07913067768835,4.01326339098895));
#4068=CARTESIAN_POINT('Ctrl Pts',(8.85300767843937,4.06387509020126,4.00517352752662));
#4069=CARTESIAN_POINT('Ctrl Pts',(8.84173344454272,4.04863063796381,3.99717635508277));
#4070=CARTESIAN_POINT('',(9.94924126741501,5.86949240792058,5.40760022612665));
#4071=CARTESIAN_POINT('Ctrl Pts',(9.94924117482295,5.86949245852656,5.40760021607142));
#4072=CARTESIAN_POINT('Ctrl Pts',(9.84105004136433,5.61793573784638,5.13782702883633));
#4073=CARTESIAN_POINT('Ctrl Pts',(9.69825342617119,5.34857617270492,4.88919898592892));
#4074=CARTESIAN_POINT('Ctrl Pts',(9.33962765768718,4.75224509970972,4.41478333118617));
#4075=CARTESIAN_POINT('Ctrl Pts',(9.11621593576186,4.42229975279012,4.19720332232413));
#4076=CARTESIAN_POINT('Ctrl Pts',(8.87545068727638,4.0943861281284,4.02144032748946));
#4077=CARTESIAN_POINT('',(2.67985149668349,3.7,9.00260220765933));
#4078=CARTESIAN_POINT('Ctrl Pts',(2.67985149668349,3.7,9.00260220765933));
#4079=CARTESIAN_POINT('Ctrl Pts',(3.1643561997019,4.14880598091744,9.27513610310719));
#4080=CARTESIAN_POINT('Ctrl Pts',(3.70972893434693,4.5811521367573,9.48709165162528));
#4081=CARTESIAN_POINT('Ctrl Pts',(4.89707065030239,5.4372829800371,9.79588750776744));
#4082=CARTESIAN_POINT('Ctrl Pts',(5.64345303001656,5.91731786248778,9.8885338514902));
#4083=CARTESIAN_POINT('Ctrl Pts',(7.15038394576864,6.74055316719057,9.7824519849276));
#4084=CARTESIAN_POINT('Ctrl Pts',(7.90920749020788,7.08800557985199,9.59244559263623));
#4085=CARTESIAN_POINT('Ctrl Pts',(8.83256191545621,7.33978352926885,9.03551949888499));
#4086=CARTESIAN_POINT('Ctrl Pts',(9.08401778146911,7.38800533966381,8.84541978220158));
#4087=CARTESIAN_POINT('Ctrl Pts',(9.52042054011013,7.4079360160227,8.40073896176347));
#4088=CARTESIAN_POINT('Ctrl Pts',(9.70484643239986,7.37882448272298,8.14561048547167));
#4089=CARTESIAN_POINT('Ctrl Pts',(9.9739920701032,7.25488965900453,7.63392867179512));
#4090=CARTESIAN_POINT('Ctrl Pts',(10.0742268160914,7.15007681751141,7.34305629662554));
#4091=CARTESIAN_POINT('Ctrl Pts',(10.1771490792861,6.87675183583382,6.7699022284336));
#4092=CARTESIAN_POINT('Ctrl Pts',(10.1810436244715,6.70874683779548,6.48759618612788));
#4093=CARTESIAN_POINT('Ctrl Pts',(10.1257634328343,6.33773505843347,5.94688620134457));
#4094=CARTESIAN_POINT('Ctrl Pts',(10.0534721143122,6.11184099178026,5.66749846725304));
#4095=CARTESIAN_POINT('Ctrl Pts',(9.94924126741502,5.86949240792059,5.40760022612665));
#4096=CARTESIAN_POINT('',(12.8007602035471,3.7,14.6956133552701));
#4097=CARTESIAN_POINT('Origin',(16.428693376828,8.50000012665987,8.24595438054845));
#4098=CARTESIAN_POINT('',(12.3113053425594,8.50000012665987,5.92992361127237));
#4099=CARTESIAN_POINT('',(16.428693376828,8.50000012665987,8.24595438054845));
#4100=CARTESIAN_POINT('',(8.87259681008869,4.07953457847151,3.99565006175756));
#4101=CARTESIAN_POINT('Ctrl Pts',(8.87259681008869,4.07953457847151,3.99565006175756));
#4102=CARTESIAN_POINT('Ctrl Pts',(10.3028260038045,5.91598136957339,4.80015398322268));
#4103=CARTESIAN_POINT('Ctrl Pts',(12.3113053425594,8.50000012665987,5.92992361127237));
#4104=CARTESIAN_POINT('Ctrl Pts',(8.57697171253518,3.7,3.82936094438372));
#4105=CARTESIAN_POINT('Ctrl Pts',(8.72217345238897,3.88638756350752,3.91103692305147));
#4106=CARTESIAN_POINT('Ctrl Pts',(8.87259681008869,4.07953457847151,3.99565006175756));
#4107=CARTESIAN_POINT('Origin',(12.8007602035471,3.7,14.6956133552701));
#4108=CARTESIAN_POINT('',(-11.9261357834118,6.57534473875151,0.786734362605754));
#4109=CARTESIAN_POINT('Origin',(-9.5512762570699,3.7,2.12259284617305));
#4110=CARTESIAN_POINT('',(-9.08523278256824,3.7,2.38474230058023));
#4111=CARTESIAN_POINT('Ctrl Pts',(-9.08523278256824,3.7,2.38474230058023));
#4112=CARTESIAN_POINT('Ctrl Pts',(-10.3353864862061,4.85804130643794,1.68153084228391));
#4113=CARTESIAN_POINT('Ctrl Pts',(-11.9261357834118,6.57534473875152,0.786734362605754));
#4114=CARTESIAN_POINT('',(12.8007602035471,3.7,14.6956133552701));
#4115=CARTESIAN_POINT('Origin',(14.6147267901876,3.7,-11.4707838679093));
#4116=CARTESIAN_POINT('',(-7.72648672424792,3.7,5.34133442630678));
#4117=CARTESIAN_POINT('',(16.428693376828,3.7,-8.24595438054845));
#4118=CARTESIAN_POINT('Ctrl Pts',(-11.9261357834118,6.57534473875151,0.786734362605755));
#4119=CARTESIAN_POINT('Ctrl Pts',(-12.1579719667589,6.87646686269169,1.34375323976965));
#4120=CARTESIAN_POINT('Ctrl Pts',(-12.3053938385056,7.12645554911652,1.94263550448419));
#4121=CARTESIAN_POINT('Ctrl Pts',(-12.308391545649,7.33978352926886,2.8562668229867));
#4122=CARTESIAN_POINT('Ctrl Pts',(-12.2765104125553,7.38800533966381,3.16987732693718));
#4123=CARTESIAN_POINT('Ctrl Pts',(-12.1231050905257,7.4079360160227,3.77374420546917));
#4124=CARTESIAN_POINT('Ctrl Pts',(-12.0008425682072,7.37882448272298,4.06383957736979));
#4125=CARTESIAN_POINT('Ctrl Pts',(-11.7033236490951,7.25488965900453,4.55956142025394));
#4126=CARTESIAN_POINT('Ctrl Pts',(-11.5067949740183,7.15007681751141,4.79626846031117));
#4127=CARTESIAN_POINT('Ctrl Pts',(-11.0704241265992,6.87675183583383,5.18185769987689));
#4128=CARTESIAN_POINT('Ctrl Pts',(-10.8311879403185,6.70874683779549,5.33178406906648));
#4129=CARTESIAN_POINT('Ctrl Pts',(-10.0631022753238,6.12812192191284,5.6972714637011));
#4130=CARTESIAN_POINT('Ctrl Pts',(-9.48091084036771,5.61709625904326,5.77629277572224));
#4131=CARTESIAN_POINT('Ctrl Pts',(-8.49583286884238,4.62425020683605,5.6761923730037));
#4132=CARTESIAN_POINT('Ctrl Pts',(-8.08017351322772,4.15400870188938,5.54028324510792));
#4133=CARTESIAN_POINT('Ctrl Pts',(-7.72648672424792,3.7,5.34133442630678));
#4134=CARTESIAN_POINT('Origin',(16.428693376828,3.7,-8.24595438054845));
#4135=CARTESIAN_POINT('',(-11.4608202818823,8.50000012665987,7.44189705247613));
#4136=CARTESIAN_POINT('',(16.428693376828,8.50000012665987,-8.24595438054845));
#4137=CARTESIAN_POINT('Ctrl Pts',(-7.72648672424792,3.7,5.34133442630678));
#4138=CARTESIAN_POINT('Ctrl Pts',(-9.2477199113838,5.65272519664863,6.19702809407071));
#4139=CARTESIAN_POINT('Ctrl Pts',(-11.4608202818823,8.50000012665987,7.44189705247613));
#4140=CARTESIAN_POINT('Origin',(12.8007602035471,8.50000012665987,-14.6956133552701));
#4141=CARTESIAN_POINT('',(-13.3247746502664,8.11772412227096,-5.86418583000114E-16));
#4142=CARTESIAN_POINT('',(-13.3247746502664,6.10000006332994,2.22044604925031E-15));
#4143=CARTESIAN_POINT('',(-13.6636705855889,8.50000012665987,0.1906289636189));
#4144=CARTESIAN_POINT('Ctrl Pts',(-13.6636705855889,8.50000012665987,0.1906289636189));
#4145=CARTESIAN_POINT('Ctrl Pts',(-13.492086603624,8.30571507637843,0.0941129737636335));
#4146=CARTESIAN_POINT('Ctrl Pts',(-13.3247746502664,8.11772412227096,-5.86418583000114E-16));
#4147=CARTESIAN_POINT('',(12.8007602035471,8.50000012665987,-14.6956133552701));
#4148=CARTESIAN_POINT('Origin',(12.8007602035471,3.7,14.6956133552701));
#4149=CARTESIAN_POINT('',(-13.6636705855889,8.50000012665987,-0.190628963618904));
#4150=CARTESIAN_POINT('',(12.8007602035471,8.50000012665987,14.6956133552701));
#4151=CARTESIAN_POINT('Ctrl Pts',(-13.3247746502664,8.11772412227096,1.29698834137626E-15));
#4152=CARTESIAN_POINT('Ctrl Pts',(-13.4920866036239,8.30571507637837,-0.0941129737636026));
#4153=CARTESIAN_POINT('Ctrl Pts',(-13.6636705855889,8.50000012665987,-0.1906289636189));
#4154=CARTESIAN_POINT('Origin',(12.8007602035471,8.50000012665987,14.6956133552701));
#4155=CARTESIAN_POINT('',(7.25828929970417,8.50000012665987,11.5779734718585));
#4156=CARTESIAN_POINT('',(12.8007602035471,8.50000012665987,14.6956133552701));
#4157=CARTESIAN_POINT('Origin',(0.,8.50000012665987,0.));
#4158=CARTESIAN_POINT('Origin',(12.8007602035471,8.50000012665987,14.6956133552701));
#4159=CARTESIAN_POINT('Origin',(0.,8.50000012665987,0.));
#4160=CARTESIAN_POINT('Origin',(12.8007602035471,8.50000012665987,14.6956133552701));
#4161=CARTESIAN_POINT('',(-11.4608202818823,8.50000012665987,-7.44189705247613));
#4162=CARTESIAN_POINT('',(16.428693376828,8.50000012665987,8.24595438054845));
#4163=CARTESIAN_POINT('Origin',(0.,8.50000012665987,0.));
#4164=CARTESIAN_POINT('Origin',(12.8007602035471,8.50000012665987,14.6956133552701));
#4165=CARTESIAN_POINT('',(7.25828929970416,8.50000012665987,-11.5779734718585));
#4166=CARTESIAN_POINT('Origin',(0.,8.50000012665987,0.));
#4167=CARTESIAN_POINT('',(12.8007602035471,8.50000012665987,-14.6956133552701));
#4168=CARTESIAN_POINT('Origin',(12.8007602035471,8.50000012665987,-14.6956133552701));
#4169=CARTESIAN_POINT('',(9.04829106222308,8.50000012665987,-12.5848494632754));
#4170=CARTESIAN_POINT('Ctrl Pts',(9.04829106222308,8.50000012665987,-12.5848494632754));
#4171=CARTESIAN_POINT('Ctrl Pts',(6.38136504750907,5.55171807413661,-11.0847035799987));
#4172=CARTESIAN_POINT('Ctrl Pts',(4.49174423310862,3.7,-10.0217918718985));
#4173=CARTESIAN_POINT('',(11.0660970948424,8.5,-13.7198653566237));
#4174=CARTESIAN_POINT('Origin',(12.8007602035471,8.50000012665987,-14.6956133552701));
#4175=CARTESIAN_POINT('',(-9.08523278256824,3.7,-2.38474230058023));
#4176=CARTESIAN_POINT('',(12.8007602035471,3.7,-14.6956133552701));
#4177=CARTESIAN_POINT('',(-11.9261357834028,6.57534473871996,-0.786734362574745));
#4178=CARTESIAN_POINT('Ctrl Pts',(-11.9261357834028,6.57534473871996,-0.786734362574745));
#4179=CARTESIAN_POINT('Ctrl Pts',(-10.335386486209,4.85804130642016,-1.68153084224631));
#4180=CARTESIAN_POINT('Ctrl Pts',(-9.08523278256824,3.7,-2.38474230058023));
#4181=CARTESIAN_POINT('Origin',(-9.5512762570699,3.7,-2.12259284617305));
#4182=CARTESIAN_POINT('Origin',(14.6147267901876,3.7,-11.4707838679093));
#4183=CARTESIAN_POINT('',(2.67985149668349,3.7,-9.00260220765933));
#4184=CARTESIAN_POINT('',(12.8007602035471,3.7,-14.6956133552701));
#4185=CARTESIAN_POINT('',(8.84173344455015,4.04863063797234,-3.99717635508473));
#4186=CARTESIAN_POINT('Ctrl Pts',(8.84173344454883,4.04863063797207,-3.9971763550871));
#4187=CARTESIAN_POINT('Ctrl Pts',(9.09534507915362,4.39155153938659,-4.17707114832124));
#4188=CARTESIAN_POINT('Ctrl Pts',(9.33074165756801,4.73746910323938,-4.40302822869653));
#4189=CARTESIAN_POINT('Ctrl Pts',(9.85973803107524,5.61709625904326,-5.10282221446442));
#4190=CARTESIAN_POINT('Ctrl Pts',(10.0945313938504,6.12812192191285,-5.64139747520938));
#4191=CARTESIAN_POINT('Ctrl Pts',(10.1810436244715,6.70874683779549,-6.48759618612788));
#4192=CARTESIAN_POINT('Ctrl Pts',(10.1771490792861,6.87675183583382,-6.76990222843359));
#4193=CARTESIAN_POINT('Ctrl Pts',(10.0742268160914,7.15007681751141,-7.34305629662553));
#4194=CARTESIAN_POINT('Ctrl Pts',(9.9739920701032,7.25488965900453,-7.63392867179512));
#4195=CARTESIAN_POINT('Ctrl Pts',(9.70484643239987,7.37882448272298,-8.14561048547167));
#4196=CARTESIAN_POINT('Ctrl Pts',(9.52042054011013,7.4079360160227,-8.40073896176347));
#4197=CARTESIAN_POINT('Ctrl Pts',(9.08401778146911,7.38800533966381,-8.84541978220158));
#4198=CARTESIAN_POINT('Ctrl Pts',(8.8325619154562,7.33978352926886,-9.03551949888499));
#4199=CARTESIAN_POINT('Ctrl Pts',(7.90920749020788,7.08800557985199,-9.59244559263623));
#4200=CARTESIAN_POINT('Ctrl Pts',(7.15038394576864,6.74055316719058,-9.7824519849276));
#4201=CARTESIAN_POINT('Ctrl Pts',(5.64345303001656,5.91731786248778,-9.8885338514902));
#4202=CARTESIAN_POINT('Ctrl Pts',(4.89707065030239,5.4372829800371,-9.79588750776744));
#4203=CARTESIAN_POINT('Ctrl Pts',(3.70972893434694,4.5811521367573,-9.48709165162528));
#4204=CARTESIAN_POINT('Ctrl Pts',(3.1643561997019,4.14880598091744,-9.27513610310719));
#4205=CARTESIAN_POINT('Ctrl Pts',(2.67985149668349,3.7,-9.00260220765933));
#4206=CARTESIAN_POINT('Ctrl Pts',(8.57697171253518,3.7,-3.82936094438372));
#4207=CARTESIAN_POINT('Ctrl Pts',(8.66683646514814,3.81535455089704,-3.87990986772851));
#4208=CARTESIAN_POINT('Ctrl Pts',(8.75534662276673,3.93182282401796,-3.93589944622527));
#4209=CARTESIAN_POINT('Ctrl Pts',(8.84173339862087,4.04863068293023,-3.99717633413469));
#4210=CARTESIAN_POINT('Origin',(14.6147267901876,3.7,-11.4707838679093));
#4211=CARTESIAN_POINT('',(-11.5265288004714,6.09722321818853,8.67361737988404E-16));
#4212=CARTESIAN_POINT('Origin',(-5.77777786387337,3.7,2.22044604925031E-15));
#4213=CARTESIAN_POINT('Ctrl Pts',(-9.08523278256824,3.7,-2.38474230058023));
#4214=CARTESIAN_POINT('Ctrl Pts',(-9.56973748558666,4.14880598091744,-2.11220840513237));
#4215=CARTESIAN_POINT('Ctrl Pts',(-10.0340799975632,4.5811521367573,-1.75619912742584));
#4216=CARTESIAN_POINT('Ctrl Pts',(-10.8268992593433,5.35205619891184,-0.986900793746724));
#4217=CARTESIAN_POINT('Ctrl Pts',(-11.2109184018269,5.74260480165131,-0.523600629389314));
#4218=CARTESIAN_POINT('Ctrl Pts',(-11.5265288004714,6.09722321818853,-8.32667268468867E-16));
#4219=CARTESIAN_POINT('Origin',(12.8007602035471,8.50000012665987,-14.6956133552701));
#4220=CARTESIAN_POINT('Ctrl Pts',(2.67985149668349,3.7,-9.00260220765933));
#4221=CARTESIAN_POINT('Ctrl Pts',(4.54494239544219,5.42766940156155,-10.0517158382111));
#4222=CARTESIAN_POINT('Ctrl Pts',(7.25828929970417,8.50000012665987,-11.5779734718585));
#4223=CARTESIAN_POINT('Origin',(16.428693376828,8.50000012665987,8.24595438054845));
#4224=CARTESIAN_POINT('',(-7.72648672424792,3.7,-5.34133442630678));
#4225=CARTESIAN_POINT('',(16.428693376828,3.7,8.24595438054845));
#4226=CARTESIAN_POINT('Ctrl Pts',(-11.4608202818823,8.50000012665987,-7.44189705247613));
#4227=CARTESIAN_POINT('Ctrl Pts',(-9.24771991181102,5.65272519719765,-6.19702809431102));
#4228=CARTESIAN_POINT('Ctrl Pts',(-7.72648672424792,3.7,-5.34133442630678));
#4229=CARTESIAN_POINT('Origin',(14.6147267901876,3.7,11.4707838679093));
#4230=CARTESIAN_POINT('Ctrl Pts',(-7.72648672424792,3.7,-5.34133442630678));
#4231=CARTESIAN_POINT('Ctrl Pts',(-8.08017351322772,4.15400870188938,-5.54028324510791));
#4232=CARTESIAN_POINT('Ctrl Pts',(-8.49583286884238,4.62425020683604,-5.67619237300369));
#4233=CARTESIAN_POINT('Ctrl Pts',(-9.48091084036772,5.61709625904326,-5.77629277572224));
#4234=CARTESIAN_POINT('Ctrl Pts',(-10.0631022753238,6.12812192191285,-5.6972714637011));
#4235=CARTESIAN_POINT('Ctrl Pts',(-10.8311879403185,6.70874683779548,-5.33178406906647));
#4236=CARTESIAN_POINT('Ctrl Pts',(-11.0704241265992,6.87675183583382,-5.18185769987689));
#4237=CARTESIAN_POINT('Ctrl Pts',(-11.5067949740183,7.15007681751141,-4.79626846031117));
#4238=CARTESIAN_POINT('Ctrl Pts',(-11.7033236490951,7.25488965900453,-4.55956142025393));
#4239=CARTESIAN_POINT('Ctrl Pts',(-12.0008425682072,7.37882448272298,-4.06383957736979));
#4240=CARTESIAN_POINT('Ctrl Pts',(-12.1231050905257,7.4079360160227,-3.77374420546916));
#4241=CARTESIAN_POINT('Ctrl Pts',(-12.2765104125553,7.38800533966381,-3.16987732693717));
#4242=CARTESIAN_POINT('Ctrl Pts',(-12.308391545649,7.33978352926885,-2.85626682298669));
#4243=CARTESIAN_POINT('Ctrl Pts',(-12.3053938385056,7.12645554911138,-1.94263550446218));
#4244=CARTESIAN_POINT('Ctrl Pts',(-12.1579719667488,6.87646686267439,-1.34375323972765));
#4245=CARTESIAN_POINT('Ctrl Pts',(-11.9261357833875,6.57534473871996,-0.786734362547383));
#4246=CARTESIAN_POINT('Origin',(14.6147267901876,3.7,11.4707838679093));
#4247=CARTESIAN_POINT('Ctrl Pts',(-11.5265288004714,6.09722321818853,-3.19189119579733E-15));
#4248=CARTESIAN_POINT('Ctrl Pts',(-11.2109184018269,5.74260480165131,0.523600629389312));
#4249=CARTESIAN_POINT('Ctrl Pts',(-10.8268992593433,5.35205619891184,0.986900793746724));
#4250=CARTESIAN_POINT('Ctrl Pts',(-10.0340799975632,4.5811521367573,1.75619912742584));
#4251=CARTESIAN_POINT('Ctrl Pts',(-9.56973748558666,4.14880598091744,2.11220840513237));
#4252=CARTESIAN_POINT('Ctrl Pts',(-9.08523278256824,3.7,2.38474230058023));
#4253=CARTESIAN_POINT('Origin',(0.,5.,0.));
#4254=CARTESIAN_POINT('',(-15.0000001247237,9.99999988899587,-1.83697021399528E-15));
#4255=CARTESIAN_POINT('Origin',(0.,10.,0.));
#4256=CARTESIAN_POINT('',(-10.5500001117587,5.,-1.29200238678695E-15));
#4257=CARTESIAN_POINT('',(-7.61077587353337,1.69750093886657,-9.32051231255062E-16));
#4258=CARTESIAN_POINT('',(-10.5500001117587,5.,-1.29200238678695E-15));
#4259=CARTESIAN_POINT('',(-4.37587437312222,3.96260335482035,-8.57469562727738));
#4260=CARTESIAN_POINT('Origin',(12.5868550919726,15.8400343948917,0.));
#4261=CARTESIAN_POINT('',(-2.96521302744543,5.37326470049714,-10.470430395935));
#4262=CARTESIAN_POINT('Origin',(57.8831696938434,66.221647421786,0.));
#4263=CARTESIAN_POINT('',(-2.62453454137781,5.18890470697471,-10.3918250802656));
#4264=CARTESIAN_POINT('Ctrl Pts',(-2.62453454137781,5.18890470697471,-10.3918250802656));
#4265=CARTESIAN_POINT('Ctrl Pts',(-2.73815862520435,5.24952763876051,-10.4187770159608));
#4266=CARTESIAN_POINT('Ctrl Pts',(-2.85171993430346,5.31098688863254,-10.4449644341082));
#4267=CARTESIAN_POINT('Ctrl Pts',(-2.96521302744543,5.37326470049714,-10.470430395935));
#4268=CARTESIAN_POINT('',(-1.52493405528722,5.95885325635441,-11.3009575197392));
#4269=CARTESIAN_POINT('Origin',(12.5868550919726,15.8400343948917,0.));
#4270=CARTESIAN_POINT('',(-0.142276257210689,5.33999370394214,-10.8516618631642));
#4271=CARTESIAN_POINT('Ctrl Pts',(-0.14227625721069,5.33999370394213,-10.8516618631642));
#4272=CARTESIAN_POINT('Ctrl Pts',(-0.600517005371352,5.5328243271219,-11.0172878725722));
#4273=CARTESIAN_POINT('Ctrl Pts',(-1.06193930318739,5.7392638714397,-11.166227523192));
#4274=CARTESIAN_POINT('Ctrl Pts',(-1.52493405528722,5.95885325635441,-11.3009575197392));
#4275=CARTESIAN_POINT('',(-3.53705852267347,2.96294157767873,-7.9890363128452));
#4276=CARTESIAN_POINT('Origin',(11.1477609577935,13.2453628685562,0.));
#4277=CARTESIAN_POINT('',(-6.28835983647287,0.211640260384662,-7.70101974562329E-16));
#4278=CARTESIAN_POINT('Origin',(50.8785593840097,57.3785594808672,0.));
#4279=CARTESIAN_POINT('',(-6.1,-5.55111512312578E-16,-7.47034547479885E-16));
#4280=CARTESIAN_POINT('',(-10.5500001117587,5.,-1.29200238678695E-15));
#4281=CARTESIAN_POINT('Origin',(0.,0.,0.));
#4282=CARTESIAN_POINT('',(-3.53705852267347,2.96294157767874,7.98903631284521));
#4283=CARTESIAN_POINT('Origin',(50.8785593840097,57.3785594808672,0.));
#4284=CARTESIAN_POINT('',(-0.142276257210689,5.33999370394214,10.8516618631642));
#4285=CARTESIAN_POINT('Origin',(11.1477609577935,13.2453628685562,0.));
#4286=CARTESIAN_POINT('',(-1.52493405528722,5.95885325635441,11.3009575197392));
#4287=CARTESIAN_POINT('Ctrl Pts',(-1.52493405528722,5.95885325635441,11.3009575197392));
#4288=CARTESIAN_POINT('Ctrl Pts',(-1.06193931048615,5.73926387490136,11.1662275253159));
#4289=CARTESIAN_POINT('Ctrl Pts',(-0.600517003432468,5.532824326306,11.0172878718714));
#4290=CARTESIAN_POINT('Ctrl Pts',(-0.14227625721069,5.33999370394213,10.8516618631642));
#4291=CARTESIAN_POINT('',(-2.62453454137782,5.1889047069747,10.3918250802656));
#4292=CARTESIAN_POINT('Origin',(12.5868550919726,15.8400343948917,0.));
#4293=CARTESIAN_POINT('',(-2.96521302744543,5.37326470049714,10.470430395935));
#4294=CARTESIAN_POINT('Ctrl Pts',(-2.96521302744543,5.37326470049714,10.470430395935));
#4295=CARTESIAN_POINT('Ctrl Pts',(-2.85171978121205,5.31098680462568,10.444964399757));
#4296=CARTESIAN_POINT('Ctrl Pts',(-2.73815867938277,5.24952766766683,10.4187770288121));
#4297=CARTESIAN_POINT('Ctrl Pts',(-2.62453454137782,5.18890470697471,10.3918250802656));
#4298=CARTESIAN_POINT('',(-4.37587437312221,3.96260335482036,8.57469562727741));
#4299=CARTESIAN_POINT('Origin',(57.8831696938434,66.221647421786,0.));
#4300=CARTESIAN_POINT('Origin',(12.5868550919726,15.8400343948917,0.));
#4301=CARTESIAN_POINT('',(10.9446322011908,5.95323639384107,-3.18403902921346));
#4302=CARTESIAN_POINT('Ctrl Pts',(10.9446322011908,5.9532363936018,-3.18403902868921));
#4303=CARTESIAN_POINT('Ctrl Pts',(10.9114859542369,5.92548662043311,-3.20956141459133));
#4304=CARTESIAN_POINT('Ctrl Pts',(10.878449481851,5.89775218169405,-3.23421806437838));
#4305=CARTESIAN_POINT('Ctrl Pts',(10.3558707569849,5.45780634490016,-3.61285537908093));
#4306=CARTESIAN_POINT('Ctrl Pts',(9.78749184410025,4.96234616473205,-3.8594265670464));
#4307=CARTESIAN_POINT('Ctrl Pts',(9.11162978717114,4.31560815139802,-3.97542137009583));
#4308=CARTESIAN_POINT('Ctrl Pts',(8.99129890884133,4.19815000849687,-3.98915829319448));
#4309=CARTESIAN_POINT('Ctrl Pts',(8.87259681010262,4.07953457848543,-3.9956500617568));
#4310=CARTESIAN_POINT('',(13.2200002849102,8.00000011920929,-3.18396601602911E-16));
#4311=CARTESIAN_POINT('Ctrl Pts',(10.9446322012626,5.95323639401737,-3.18403902976644));
#4312=CARTESIAN_POINT('Ctrl Pts',(11.1709041552475,6.16676519504376,-3.08658174120834));
#4313=CARTESIAN_POINT('Ctrl Pts',(11.390246431185,6.36982094265707,-2.96784743507452));
#4314=CARTESIAN_POINT('Ctrl Pts',(11.8243572887616,6.76676491193856,-2.67921039326602));
#4315=CARTESIAN_POINT('Ctrl Pts',(12.0648284958059,6.98333014445465,-2.4848229984387));
#4316=CARTESIAN_POINT('Ctrl Pts',(12.5016993673446,7.37239807399258,-2.02252413118877));
#4317=CARTESIAN_POINT('Ctrl Pts',(12.6975976573221,7.54464412998678,-1.75392330254076));
#4318=CARTESIAN_POINT('Ctrl Pts',(12.9550926631826,7.76992786075879,-1.26821860924611));
#4319=CARTESIAN_POINT('Ctrl Pts',(13.0539123541249,7.85590538559403,-1.02760483496576));
#4320=CARTESIAN_POINT('Ctrl Pts',(13.186667679657,7.97117275447905,-0.518683417856203));
#4321=CARTESIAN_POINT('Ctrl Pts',(13.2200002849102,8.00000011920929,-0.250114039881751));
#4322=CARTESIAN_POINT('Ctrl Pts',(13.2200002849102,8.00000011920929,-4.16333634234434E-16));
#4323=CARTESIAN_POINT('',(10.9446322011908,5.95323639384106,3.18403902921346));
#4324=CARTESIAN_POINT('Ctrl Pts',(13.2200002849102,8.00000011920929,-2.08166817117217E-16));
#4325=CARTESIAN_POINT('Ctrl Pts',(13.2200002849102,8.00000011920929,0.250114039881751));
#4326=CARTESIAN_POINT('Ctrl Pts',(13.186667679657,7.97117275447905,0.518683417856203));
#4327=CARTESIAN_POINT('Ctrl Pts',(13.0539123541249,7.85590538559403,1.02760483496576));
#4328=CARTESIAN_POINT('Ctrl Pts',(12.9550926631826,7.76992786075879,1.26821860924611));
#4329=CARTESIAN_POINT('Ctrl Pts',(12.6975976573221,7.54464412998678,1.75392330254076));
#4330=CARTESIAN_POINT('Ctrl Pts',(12.5016993673446,7.37239807399258,2.02252413118876));
#4331=CARTESIAN_POINT('Ctrl Pts',(12.0648284958059,6.98333014445465,2.4848229984387));
#4332=CARTESIAN_POINT('Ctrl Pts',(11.8243572887616,6.76676491193856,2.67921039326603));
#4333=CARTESIAN_POINT('Ctrl Pts',(11.390246431185,6.36982094265706,2.96784743507453));
#4334=CARTESIAN_POINT('Ctrl Pts',(11.1709041552475,6.16676519504375,3.08658174120834));
#4335=CARTESIAN_POINT('Ctrl Pts',(10.9446322012626,5.95323639401736,3.18403902976645));
#4336=CARTESIAN_POINT('Ctrl Pts',(8.87259681136566,4.07953457974755,3.99565006168772));
#4337=CARTESIAN_POINT('Ctrl Pts',(8.99130702749927,4.19815812120735,3.98915784913771));
#4338=CARTESIAN_POINT('Ctrl Pts',(9.11162609718809,4.3156046204226,3.97542200338905));
#4339=CARTESIAN_POINT('Ctrl Pts',(9.78749184410025,4.96234616473205,3.8594265670464));
#4340=CARTESIAN_POINT('Ctrl Pts',(10.3558707569849,5.45780634490015,3.61285537908092));
#4341=CARTESIAN_POINT('Ctrl Pts',(10.878449481851,5.89775218169405,3.23421806437838));
#4342=CARTESIAN_POINT('Ctrl Pts',(10.9114859542369,5.9254866204331,3.20956141459133));
#4343=CARTESIAN_POINT('Ctrl Pts',(10.9446322011908,5.95323639360179,3.18403902868922));
#4344=CARTESIAN_POINT('Ctrl Pts',(7.25828929970417,8.50000012665987,11.5779734718585));
#4345=CARTESIAN_POINT('Ctrl Pts',(4.54494239544213,5.42766940156149,10.0517158382111));
#4346=CARTESIAN_POINT('Ctrl Pts',(2.67985149668349,3.7,9.00260220765933));
#4347=CARTESIAN_POINT('',(8.06617925109294,3.22137539776118,3.9171768995532));
#4348=CARTESIAN_POINT('Ctrl Pts',(8.06617925109311,3.22137539776101,3.91717689955335));
#4349=CARTESIAN_POINT('Ctrl Pts',(7.86502508223951,3.02704301531599,3.93546724570603));
#4350=CARTESIAN_POINT('Ctrl Pts',(7.65940944782085,2.84535153241025,3.98437698200216));
#4351=CARTESIAN_POINT('Ctrl Pts',(7.21742149821038,2.49328430604899,4.14156107721559));
#4352=CARTESIAN_POINT('Ctrl Pts',(6.94681452548634,2.30614805200505,4.27672217992843));
#4353=CARTESIAN_POINT('Ctrl Pts',(6.40830177427623,2.01762115672386,4.62182476052301));
#4354=CARTESIAN_POINT('Ctrl Pts',(6.13964105602808,1.91680355709593,4.83106629049094));
#4355=CARTESIAN_POINT('Ctrl Pts',(5.65712608709692,1.81597799981172,5.25725481252041));
#4356=CARTESIAN_POINT('Ctrl Pts',(5.40471750042236,1.80802583141656,5.50789254325734));
#4357=CARTESIAN_POINT('Ctrl Pts',(4.95428882297867,1.90647918124586,6.0300543619595));
#4358=CARTESIAN_POINT('Ctrl Pts',(4.7565790946901,2.01259610500015,6.30190045437494));
#4359=CARTESIAN_POINT('Ctrl Pts',(4.49722581931344,2.28862911162312,6.78502856815923));
#4360=CARTESIAN_POINT('Ctrl Pts',(4.4097661136551,2.46640975782008,7.02710275113522));
#4361=CARTESIAN_POINT('Ctrl Pts',(4.37185938321844,2.8743867764752,7.47454339217185));
#4362=CARTESIAN_POINT('Ctrl Pts',(4.42228666314282,3.10406572459663,7.68045496600122));
#4363=CARTESIAN_POINT('Ctrl Pts',(4.6769055563711,3.6774103893549,8.12266712724159));
#4364=CARTESIAN_POINT('Ctrl Pts',(4.96799653260573,4.03940222240978,8.32856212070462));
#4365=CARTESIAN_POINT('Ctrl Pts',(5.67284412395143,4.71548170819175,8.59616689785841));
#4366=CARTESIAN_POINT('Ctrl Pts',(6.08709803411236,5.0299801412616,8.65552348823891));
#4367=CARTESIAN_POINT('Ctrl Pts',(6.88921703511742,5.56045765439312,8.6441025802096));
#4368=CARTESIAN_POINT('Ctrl Pts',(7.34221314510044,5.81831238196031,8.57184707423458));
#4369=CARTESIAN_POINT('Ctrl Pts',(8.22353922559346,6.23264935902681,8.25905637432922));
#4370=CARTESIAN_POINT('Ctrl Pts',(8.65168080256586,6.38973691130115,8.01879255056848));
#4371=CARTESIAN_POINT('Ctrl Pts',(9.15732526643703,6.49539557090796,7.57217455816298));
#4372=CARTESIAN_POINT('Ctrl Pts',(9.30854092979912,6.51460307749326,7.41353521454833));
#4373=CARTESIAN_POINT('Ctrl Pts',(9.57017796726026,6.51098090219762,7.06713737522928));
#4374=CARTESIAN_POINT('Ctrl Pts',(9.68038008847896,6.48782988390329,6.87921676438353));
#4375=CARTESIAN_POINT('Ctrl Pts',(9.83677634621369,6.41059068160092,6.52988166516278));
#4376=CARTESIAN_POINT('Ctrl Pts',(9.89812961854836,6.35236957249144,6.34081244856717));
#4377=CARTESIAN_POINT('Ctrl Pts',(9.96958010377249,6.19954691730486,5.96720844228333));
#4378=CARTESIAN_POINT('Ctrl Pts',(9.97994037594294,6.10498287517269,5.78270866886588));
#4379=CARTESIAN_POINT('Ctrl Pts',(9.96763330367508,5.96363087139938,5.54833884361597));
#4380=CARTESIAN_POINT('Ctrl Pts',(9.9601868622712,5.91767499483702,5.47726044267135));
#4381=CARTESIAN_POINT('Ctrl Pts',(9.94924126741501,5.86949240792058,5.40760022612666));
#4382=CARTESIAN_POINT('',(7.23519103933451,2.15497979539625,3.45532126516092));
#4383=CARTESIAN_POINT('Ctrl Pts',(7.2351910518921,2.15497979122844,3.45532125847291));
#4384=CARTESIAN_POINT('Ctrl Pts',(7.37868240617144,2.36695961724552,3.59264340619537));
#4385=CARTESIAN_POINT('Ctrl Pts',(7.5385995609011,2.58187130978158,3.7004948330923));
#4386=CARTESIAN_POINT('Ctrl Pts',(7.81639964226206,2.92958404083715,3.83685938693338));
#4387=CARTESIAN_POINT('Ctrl Pts',(7.93848918796089,3.07529476809274,3.88249690075077));
#4388=CARTESIAN_POINT('Ctrl Pts',(8.06617925109322,3.22137539776097,3.91717689955304));
#4389=CARTESIAN_POINT('',(7.22811161261745,2.14933259450539,3.45847741011451));
#4390=CARTESIAN_POINT('Ctrl Pts',(7.2281116126175,2.14933259450536,3.45847741011457));
#4391=CARTESIAN_POINT('Ctrl Pts',(7.23047300995897,2.1512140880534,3.45742185960964));
#4392=CARTESIAN_POINT('Ctrl Pts',(7.23283292562744,2.15309657539155,3.45636976927739));
#4393=CARTESIAN_POINT('Ctrl Pts',(7.23519104560715,2.15497979178357,3.4553212727796));
#4394=CARTESIAN_POINT('',(8.70969486516588,3.91494021864966,-3.99999525999846));
#4395=CARTESIAN_POINT('Ctrl Pts',(8.70969486516588,3.91494021864966,-3.99999525999846));
#4396=CARTESIAN_POINT('Ctrl Pts',(8.33972110660114,3.53749203410069,-4.00067433741466));
#4397=CARTESIAN_POINT('Ctrl Pts',(7.99066877719978,3.15034603118937,-3.92772326847771));
#4398=CARTESIAN_POINT('Ctrl Pts',(7.68990760697741,2.77379450893995,-3.77988750160077));
#4399=CARTESIAN_POINT('Ctrl Pts',(7.44447096836454,2.46650903117323,-3.65924588532362));
#4400=CARTESIAN_POINT('Ctrl Pts',(7.2071339991019,2.13351002824618,-3.47282147590866));
#4401=CARTESIAN_POINT('Ctrl Pts',(6.82982862981939,1.51368137514669,-2.97253417406501));
#4402=CARTESIAN_POINT('Ctrl Pts',(6.68959345957576,1.22774210472671,-2.65777017928716));
#4403=CARTESIAN_POINT('Ctrl Pts',(6.5057634113694,0.789849738568157,-2.00710974611227));
#4404=CARTESIAN_POINT('Ctrl Pts',(6.4444317294007,0.601165494467686,-1.62621817914096));
#4405=CARTESIAN_POINT('Ctrl Pts',(6.37204878474413,0.351406538249897,-0.819723034829437));
#4406=CARTESIAN_POINT('Ctrl Pts',(6.35878590496839,0.290770672437254,-0.394183623468417));
#4407=CARTESIAN_POINT('Ctrl Pts',(6.35878590496839,0.290770672437254,0.394183623468417));
#4408=CARTESIAN_POINT('Ctrl Pts',(6.37204878474413,0.351406538249897,0.819723034829437));
#4409=CARTESIAN_POINT('Ctrl Pts',(6.4444317294007,0.601165494467686,1.62621817914096));
#4410=CARTESIAN_POINT('Ctrl Pts',(6.5057634113694,0.789849738568159,2.00710974611227));
#4411=CARTESIAN_POINT('Ctrl Pts',(6.68959345957576,1.22774210472672,2.65777017928716));
#4412=CARTESIAN_POINT('Ctrl Pts',(6.8298286298194,1.51368137514669,2.97253417406501));
#4413=CARTESIAN_POINT('Ctrl Pts',(7.08332095961483,1.93011279155336,3.30865182315275));
#4414=CARTESIAN_POINT('Ctrl Pts',(7.15356976651099,2.03934726371401,3.38747445221023));
#4415=CARTESIAN_POINT('Ctrl Pts',(7.22811161261756,2.14933259450536,3.45847741011445));
#4416=CARTESIAN_POINT('Ctrl Pts',(8.84173344455063,4.04863063797175,-3.9971763550824));
#4417=CARTESIAN_POINT('Ctrl Pts',(8.79746456281392,4.00421241773266,-3.9991330933364));
#4418=CARTESIAN_POINT('Ctrl Pts',(8.75343492440483,3.95963928864824,-4.00007565763031));
#4419=CARTESIAN_POINT('Ctrl Pts',(8.70969486516588,3.91494021864966,-3.99999525999846));
#4420=CARTESIAN_POINT('',(4.73969277838621,3.11598463178934,-7.50129715243555));
#4421=CARTESIAN_POINT('',(5.13966226507155,3.69999999999838,-7.86208129915832));
#4422=CARTESIAN_POINT('Ctrl Pts',(4.73969277838621,3.11598463178935,-7.50129715243555));
#4423=CARTESIAN_POINT('Ctrl Pts',(4.83050093136198,3.30699906973124,-7.64501510446008));
#4424=CARTESIAN_POINT('Ctrl Pts',(4.97080842797084,3.50686139094851,-7.76710101578869));
#4425=CARTESIAN_POINT('Ctrl Pts',(5.13966226507155,3.69999999999677,-7.86208129915832));
#4426=CARTESIAN_POINT('Ctrl Pts',(5.13966226507155,3.69999999999677,-7.86208129915832));
#4427=CARTESIAN_POINT('Ctrl Pts',(5.15933569374888,3.7225028860146,-7.87314760278937));
#4428=CARTESIAN_POINT('Ctrl Pts',(5.17939234361719,3.74491706104501,-7.88384837578708));
#4429=CARTESIAN_POINT('Ctrl Pts',(5.39531747933738,3.9809419284347,-7.99315858262091));
#4430=CARTESIAN_POINT('Ctrl Pts',(5.62333465560629,4.18427467765728,-8.05707243700966));
#4431=CARTESIAN_POINT('Ctrl Pts',(6.06306442645731,4.52511750932016,-8.11342101861068));
#4432=CARTESIAN_POINT('Ctrl Pts',(6.31117189548161,4.69275130579078,-8.1133373710833));
#4433=CARTESIAN_POINT('Ctrl Pts',(6.81447285058067,4.97315076602462,-8.02567822260946));
#4434=CARTESIAN_POINT('Ctrl Pts',(7.06945424891054,5.08649334990409,-7.93873263626057));
#4435=CARTESIAN_POINT('Ctrl Pts',(7.38825482251231,5.17342308403385,-7.74644638811275));
#4436=CARTESIAN_POINT('Ctrl Pts',(7.48362772479626,5.19205192693965,-7.67771082698393));
#4437=CARTESIAN_POINT('Ctrl Pts',(7.65663127919114,5.20377861465447,-7.52009422541284));
#4438=CARTESIAN_POINT('Ctrl Pts',(7.73411661005317,5.19663068338876,-7.4310355706594));
#4439=CARTESIAN_POINT('Ctrl Pts',(7.8516190310866,5.16111181059937,-7.26019869929491));
#4440=CARTESIAN_POINT('Ctrl Pts',(7.90215723553619,5.1315081598319,-7.16594523974293));
#4441=CARTESIAN_POINT('Ctrl Pts',(7.97471951108156,5.05009898070149,-6.97554406675673));
#4442=CARTESIAN_POINT('Ctrl Pts',(7.99692715796535,4.99838482864803,-6.87942730144298));
#4443=CARTESIAN_POINT('Ctrl Pts',(8.03196171127036,4.81376617887476,-6.58416088879535));
#4444=CARTESIAN_POINT('Ctrl Pts',(7.99511662253312,4.64311627214887,-6.38644564338589));
#4445=CARTESIAN_POINT('Ctrl Pts',(7.8396546619088,4.2722043435028,-6.04993513994901));
#4446=CARTESIAN_POINT('Ctrl Pts',(7.72042696981724,4.07171735430275,-5.91167055982041));
#4447=CARTESIAN_POINT('Ctrl Pts',(7.46503286188161,3.71029348660397,-5.71611067240263));
#4448=CARTESIAN_POINT('Ctrl Pts',(7.30997857743507,3.51956243792381,-5.63974037034243));
#4449=CARTESIAN_POINT('Ctrl Pts',(6.96640320401939,3.15425798338784,-5.55104383272929));
#4450=CARTESIAN_POINT('Ctrl Pts',(6.77771145429913,2.97983152718645,-5.53877359633793));
#4451=CARTESIAN_POINT('Ctrl Pts',(6.43577615279384,2.70711988705626,-5.56796098989532));
#4452=CARTESIAN_POINT('Ctrl Pts',(6.25631678056672,2.58173051738883,-5.60441026359191));
#4453=CARTESIAN_POINT('Ctrl Pts',(5.89106528800767,2.37670724935658,-5.72842702211533));
#4454=CARTESIAN_POINT('Ctrl Pts',(5.70507888812428,2.29737196362552,-5.81591571405313));
#4455=CARTESIAN_POINT('Ctrl Pts',(5.38411111014006,2.20985128168584,-6.00950912295968));
#4456=CARTESIAN_POINT('Ctrl Pts',(5.22431304943099,2.1898284652619,-6.12605327900778));
#4457=CARTESIAN_POINT('Ctrl Pts',(4.945666856992,2.22112196765519,-6.38838607079343));
#4458=CARTESIAN_POINT('Ctrl Pts',(4.82713742641952,2.27274488992515,-6.5344763787774));
#4459=CARTESIAN_POINT('Ctrl Pts',(4.66748006225442,2.43530280997584,-6.8255268284548));
#4460=CARTESIAN_POINT('Ctrl Pts',(4.62381914611826,2.55386974693259,-6.98085245218698));
#4461=CARTESIAN_POINT('Ctrl Pts',(4.6270869478148,2.82442502390225,-7.2658355015335));
#4462=CARTESIAN_POINT('Ctrl Pts',(4.67312206123383,2.97595350348698,-7.39593869264508));
#4463=CARTESIAN_POINT('Ctrl Pts',(4.73969277838621,3.11598463178934,-7.50129715243555));
#4464=CARTESIAN_POINT('Origin',(12.8007602035471,3.7,14.6956133552701));
#4465=CARTESIAN_POINT('Origin',(16.5,8.5,0.));
#4466=CARTESIAN_POINT('Origin',(0.,8.50000012665987,0.));
#4467=CARTESIAN_POINT('',(11.3137082408353,8.49999972507358,14.0000002086163));
#4468=CARTESIAN_POINT('',(20.5,8.5,14.0000002086163));
#4469=CARTESIAN_POINT('',(-11.3137087571342,8.5,13.9999997913837));
#4470=CARTESIAN_POINT('Origin',(0.,8.49999972507358,0.));
#4471=CARTESIAN_POINT('',(-20.5000003129244,8.5,13.9999997913837));
#4472=CARTESIAN_POINT('',(-18.5784274239768,8.5,13.9999997913837));
#4473=CARTESIAN_POINT('',(-20.5000003129244,8.5,-14.0000002086163));
#4474=CARTESIAN_POINT('',(-20.5000003129244,8.5,-7.00000010430813));
#4475=CARTESIAN_POINT('',(-11.3137082408353,8.5,-14.0000002086163));
#4476=CARTESIAN_POINT('',(-13.7352812588576,8.5,-14.0000002086163));
#4477=CARTESIAN_POINT('Origin',(0.,8.49999972507358,0.));
#4478=CARTESIAN_POINT('',(-16.2800003129244,8.5,-11.4300002086163));
#4479=CARTESIAN_POINT('Origin',(-17.7800003129244,8.5,-11.4300002086163));
#4480=CARTESIAN_POINT('',(-16.2800003129244,8.5,11.4299997913837));
#4481=CARTESIAN_POINT('Origin',(-17.7800003129244,8.5,11.4299997913837));
#4482=CARTESIAN_POINT('Origin',(20.5,10.,14.0000002086163));
#4483=CARTESIAN_POINT('',(20.5,8.5,14.0000002086163));
#4484=CARTESIAN_POINT('',(20.5,8.5,14.0000002086163));
#4485=CARTESIAN_POINT('',(20.5,10.,14.0000002086163));
#4486=CARTESIAN_POINT('',(20.5,10.,14.0000002086163));
#4487=CARTESIAN_POINT('',(11.3137082408353,9.99999972507358,14.0000002086163));
#4488=CARTESIAN_POINT('',(20.5,10.,14.0000002086163));
#4489=CARTESIAN_POINT('',(11.3137082408353,9.99999972507358,14.0000002086163));
#4490=CARTESIAN_POINT('Origin',(0.,4.25000006332994,0.));
#4491=CARTESIAN_POINT('',(3.16963701028652,0.,-6.79730850406266));
#4492=CARTESIAN_POINT('Origin',(0.,0.,0.));
#4493=CARTESIAN_POINT('',(-6.49999999766941,7.61689765590616E-8,-3.74165770217283));
#4494=CARTESIAN_POINT('Origin',(0.,0.,0.));
#4495=CARTESIAN_POINT('',(-2.54367053125877,3.95632956559877,-10.9315614691351));
#4496=CARTESIAN_POINT('Origin',(112.242425914967,118.742426011824,0.));
#4497=CARTESIAN_POINT('',(-3.76845473984636,4.57002298809621,-11.1833370806315));
#4498=CARTESIAN_POINT('Ctrl Pts',(-3.76845473984636,4.57002298809621,-11.1833370806315));
#4499=CARTESIAN_POINT('Ctrl Pts',(-3.36116729719518,4.35544333488404,-11.1074658024084));
#4500=CARTESIAN_POINT('Ctrl Pts',(-2.95282587424502,4.15062611215788,-11.0241076506208));
#4501=CARTESIAN_POINT('Ctrl Pts',(-2.54367053125877,3.95632956559877,-10.9315614691351));
#4502=CARTESIAN_POINT('',(-3.76845473984636,4.57002298809621,11.1833370806315));
#4503=CARTESIAN_POINT('Origin',(126.504555416717,134.84303314466,3.5527136788005E-14));
#4504=CARTESIAN_POINT('',(-2.54367053125877,3.95632956559877,10.9315614691351));
#4505=CARTESIAN_POINT('Ctrl Pts',(-2.54367053125877,3.95632956559877,10.9315614691351));
#4506=CARTESIAN_POINT('Ctrl Pts',(-2.95282595937828,4.15062615258531,11.0241076698769));
#4507=CARTESIAN_POINT('Ctrl Pts',(-3.3611677152986,4.35544355516209,11.1074658802945));
#4508=CARTESIAN_POINT('Ctrl Pts',(-3.76845473984636,4.57002298809621,11.1833370806315));
#4509=CARTESIAN_POINT('',(-6.50000009685755,0.,3.74165744252899));
#4510=CARTESIAN_POINT('Origin',(112.242425914967,118.742426011824,0.));
#4511=CARTESIAN_POINT('',(3.16963701028652,0.,6.79730850406266));
#4512=CARTESIAN_POINT('Origin',(0.,0.,0.));
#4513=CARTESIAN_POINT('Origin',(0.,0.,0.));
#4514=CARTESIAN_POINT('Origin',(16.5,8.5,0.));
#4515=CARTESIAN_POINT('',(14.8323971952113,8.50000012665987,4.50000006705523));
#4516=CARTESIAN_POINT('Origin',(0.,8.50000012665987,0.));
#4517=CARTESIAN_POINT('',(17.5000002607703,8.5,4.50000006705523));
#4518=CARTESIAN_POINT('',(18.5,8.5,4.50000006705523));
#4519=CARTESIAN_POINT('',(17.5000002607703,8.5,5.50000008195639));
#4520=CARTESIAN_POINT('',(17.5000002607703,8.5,2.25000003352761));
#4521=CARTESIAN_POINT('',(18.5000001303852,8.5,5.00000007450581));
#4522=CARTESIAN_POINT('',(18.2000002919883,8.5,5.15000001549719));
#4523=CARTESIAN_POINT('',(20.5000003054738,8.5,5.00000007450581));
#4524=CARTESIAN_POINT('',(17.5000000651926,8.5,5.00000007450581));
#4525=CARTESIAN_POINT('',(20.5,8.5,-5.7935972402599));
#4526=CARTESIAN_POINT('',(19.28,8.5,11.4299997913837));
#4527=CARTESIAN_POINT('Origin',(17.78,8.5,11.4299997913837));
#4528=CARTESIAN_POINT('Origin',(0.,4.25000006332994,0.));
#4529=CARTESIAN_POINT('',(10.5830054019574,4.25000006332994,4.50000006705523));
#4530=CARTESIAN_POINT('Ctrl Pts',(9.75077997975852,3.44151602800688,4.50000006705523));
#4531=CARTESIAN_POINT('Ctrl Pts',(10.1526550908184,3.8292131437968,4.50000006705523));
#4532=CARTESIAN_POINT('Ctrl Pts',(10.5830054019574,4.25000006332994,4.50000006705523));
#4533=CARTESIAN_POINT('',(10.8382254787615,4.50000006705523,4.50000006705522));
#4534=CARTESIAN_POINT('Ctrl Pts',(10.5830054019574,4.25000006332994,4.50000006705523));
#4535=CARTESIAN_POINT('Ctrl Pts',(10.709323186806,4.37351077121814,4.50000006705523));
#4536=CARTESIAN_POINT('Ctrl Pts',(10.8382254787615,4.50000006705523,4.50000006705522));
#4537=CARTESIAN_POINT('',(13.7,7.35263253120972,4.50000006705522));
#4538=CARTESIAN_POINT('Ctrl Pts',(10.8382254787615,4.50000006705523,4.50000006705522));
#4539=CARTESIAN_POINT('Ctrl Pts',(12.1222334323865,5.7599719375271,4.50000006705522));
#4540=CARTESIAN_POINT('Ctrl Pts',(13.7,7.35263253120972,4.50000006705522));
#4541=CARTESIAN_POINT('Ctrl Pts',(13.7,7.35263253120973,4.50000006705522));
#4542=CARTESIAN_POINT('Ctrl Pts',(14.2457633913093,7.90354789768741,4.50000006705523));
#4543=CARTESIAN_POINT('Ctrl Pts',(14.8323971952113,8.50000012665987,4.50000006705522));
#4544=CARTESIAN_POINT('Origin',(0.,4.25,0.));
#4545=CARTESIAN_POINT('',(8.81124793907329,4.01797944729276,3.99836473437941));
#4546=CARTESIAN_POINT('Ctrl Pts',(8.87545073400216,4.09438608272294,4.02144034819417));
#4547=CARTESIAN_POINT('Ctrl Pts',(8.85436434054893,4.06906008905221,4.01336366192319));
#4548=CARTESIAN_POINT('Ctrl Pts',(8.83295704783152,4.04358066323894,4.00566375883735));
#4549=CARTESIAN_POINT('Ctrl Pts',(8.81124793907329,4.01797944729275,3.99836473437941));
#4550=CARTESIAN_POINT('Ctrl Pts',(8.81124793907329,4.01797944729275,3.99836473437941));
#4551=CARTESIAN_POINT('Ctrl Pts',(8.82139691462399,4.02820464563349,3.99802224579128));
#4552=CARTESIAN_POINT('Ctrl Pts',(8.83155894648175,4.03842181682433,3.99762608023479));
#4553=CARTESIAN_POINT('Ctrl Pts',(8.84173344454273,4.04863063796382,3.99717635508275));
#4554=CARTESIAN_POINT('',(9.47950550555962,4.49999999986139,3.50000005215406));
#4555=CARTESIAN_POINT('Ctrl Pts',(10.9446321294335,5.95323645701079,3.18403900101544));
#4556=CARTESIAN_POINT('Ctrl Pts',(10.6476043356722,5.67293662946394,3.31197145076227));
#4557=CARTESIAN_POINT('Ctrl Pts',(10.3386427207219,5.37456871360677,3.40321055762718));
#4558=CARTESIAN_POINT('Ctrl Pts',(9.84604728516506,4.88090997746542,3.48435671538343));
#4559=CARTESIAN_POINT('Ctrl Pts',(9.66064509010607,4.69092936519215,3.50000005582713));
#4560=CARTESIAN_POINT('Ctrl Pts',(9.47950550555962,4.49999999972278,3.50000005215406));
#4561=CARTESIAN_POINT('',(9.47950550555962,4.49999999986139,-3.50000005215406));
#4562=CARTESIAN_POINT('Ctrl Pts',(9.47950550555963,4.49999999972278,3.50000005215406));
#4563=CARTESIAN_POINT('Ctrl Pts',(9.13637043714615,4.13832002211593,3.50000004519612));
#4564=CARTESIAN_POINT('Ctrl Pts',(8.80878825474981,3.77299168009355,3.44358910684172));
#4565=CARTESIAN_POINT('Ctrl Pts',(8.26201081785026,3.11335924900848,3.2298392957302));
#4566=CARTESIAN_POINT('Ctrl Pts',(8.00471044673309,2.77829310349412,3.07149861413564));
#4567=CARTESIAN_POINT('Ctrl Pts',(7.57452882342296,2.15152010480515,2.62355009938014));
#4568=CARTESIAN_POINT('Ctrl Pts',(7.40228656836667,1.86063413861219,2.33218235469074));
#4569=CARTESIAN_POINT('Ctrl Pts',(7.18216683123985,1.44512549691542,1.73964651464304));
#4570=CARTESIAN_POINT('Ctrl Pts',(7.10531684198843,1.27705908546876,1.41305673739556));
#4571=CARTESIAN_POINT('Ctrl Pts',(7.01009358048647,1.05438248113934,0.715400002147163));
#4572=CARTESIAN_POINT('Ctrl Pts',(6.99000001326203,1.00000001490116,0.344496250740747));
#4573=CARTESIAN_POINT('Ctrl Pts',(6.99000001326203,1.00000001490116,-0.344496250740746));
#4574=CARTESIAN_POINT('Ctrl Pts',(7.01009358048647,1.05438248113934,-0.71540000214716));
#4575=CARTESIAN_POINT('Ctrl Pts',(7.10531684198843,1.27705908546876,-1.41305673739555));
#4576=CARTESIAN_POINT('Ctrl Pts',(7.18216683123986,1.44512549691542,-1.73964651464304));
#4577=CARTESIAN_POINT('Ctrl Pts',(7.40228656836667,1.86063413861219,-2.33218235469074));
#4578=CARTESIAN_POINT('Ctrl Pts',(7.57452882342296,2.15152010480515,-2.62355009938014));
#4579=CARTESIAN_POINT('Ctrl Pts',(8.00471044673309,2.77829310349412,-3.07149861413564));
#4580=CARTESIAN_POINT('Ctrl Pts',(8.26201081785026,3.11335924900848,-3.2298392957302));
#4581=CARTESIAN_POINT('Ctrl Pts',(8.51708326892685,3.42107871519667,-3.32955388627098));
#4582=CARTESIAN_POINT('Ctrl Pts',(8.80878825474981,3.77299168009355,-3.44358910684172));
#4583=CARTESIAN_POINT('Ctrl Pts',(9.13637043714615,4.13832002211593,-3.50000004519612));
#4584=CARTESIAN_POINT('Ctrl Pts',(9.47950550555962,4.49999999972278,-3.50000005215406));
#4585=CARTESIAN_POINT('Ctrl Pts',(9.47950550555962,4.49999999972278,-3.50000005215406));
#4586=CARTESIAN_POINT('Ctrl Pts',(9.66064509010607,4.69092936519215,-3.50000005582713));
#4587=CARTESIAN_POINT('Ctrl Pts',(9.84604728516506,4.88090997746542,-3.48435671538343));
#4588=CARTESIAN_POINT('Ctrl Pts',(10.3386427207219,5.37456871360677,-3.40321055762718));
#4589=CARTESIAN_POINT('Ctrl Pts',(10.6476043356722,5.67293662946394,-3.31197145076227));
#4590=CARTESIAN_POINT('Ctrl Pts',(10.9446321294335,5.9532364570108,-3.18403900101543));
#4591=CARTESIAN_POINT('',(4.73969271347353,3.11598464034396,7.50129712007099));
#4592=CARTESIAN_POINT('',(5.13966218383249,3.69999999999838,7.86208125346134));
#4593=CARTESIAN_POINT('Ctrl Pts',(4.73969271347353,3.11598464034396,7.50129712007099));
#4594=CARTESIAN_POINT('Ctrl Pts',(4.67312199802905,2.97595351117856,7.39593866199519));
#4595=CARTESIAN_POINT('Ctrl Pts',(4.6270868867709,2.82442503074382,7.26583547278535));
#4596=CARTESIAN_POINT('Ctrl Pts',(4.62381908903144,2.55386975233608,6.98085242730143));
#4597=CARTESIAN_POINT('Ctrl Pts',(4.66748000692115,2.43530281479249,6.82552680553341));
#4598=CARTESIAN_POINT('Ctrl Pts',(4.82713737281114,2.27274489285207,6.53447635847462));
#4599=CARTESIAN_POINT('Ctrl Pts',(4.94566680420787,2.22112196937329,6.38838605083679));
#4600=CARTESIAN_POINT('Ctrl Pts',(5.22431299754468,2.1898284649236,6.1260532585649));
#4601=CARTESIAN_POINT('Ctrl Pts',(5.38411105833937,2.20985128051924,6.0095091016968));
#4602=CARTESIAN_POINT('Ctrl Pts',(5.70507883545721,2.29737196134502,5.8159156909626));
#4603=CARTESIAN_POINT('Ctrl Pts',(5.89106523428969,2.37670724653923,5.72842699759478));
#4604=CARTESIAN_POINT('Ctrl Pts',(6.25631672446231,2.58173051435946,5.604410235733));
#4605=CARTESIAN_POINT('Ctrl Pts',(6.4357760953597,2.70711988435484,5.56796096014486));
#4606=CARTESIAN_POINT('Ctrl Pts',(6.77771139254,2.97983152471637,5.53877356318439));
#4607=CARTESIAN_POINT('Ctrl Pts',(6.96640313891984,3.15425798062205,5.55104379734648));
#4608=CARTESIAN_POINT('Ctrl Pts',(7.3099785055347,3.51956243488392,5.63974033032461));
#4609=CARTESIAN_POINT('Ctrl Pts',(7.46503278652396,3.71029348358361,5.71611062998526));
#4610=CARTESIAN_POINT('Ctrl Pts',(7.72042688806891,4.07171735167267,5.91167051303253));
#4611=CARTESIAN_POINT('Ctrl Pts',(7.83965457652403,4.27220434112388,6.04993509083168));
#4612=CARTESIAN_POINT('Ctrl Pts',(7.99511653023973,4.64311626991432,6.38644558946137));
#4613=CARTESIAN_POINT('Ctrl Pts',(8.03196161562579,4.81376617652361,6.58416083244538));
#4614=CARTESIAN_POINT('Ctrl Pts',(7.99692705944597,4.99838482639124,6.87942724157656));
#4615=CARTESIAN_POINT('Ctrl Pts',(7.97471941171562,5.05009897869225,6.97554400619565));
#4616=CARTESIAN_POINT('Ctrl Pts',(7.90215713499164,5.1315081583343,7.16594517789429));
#4617=CARTESIAN_POINT('Ctrl Pts',(7.851618930221,5.1611118093727,7.26019863685356));
#4618=CARTESIAN_POINT('Ctrl Pts',(7.73411650907719,5.19663068281193,7.43103550736744));
#4619=CARTESIAN_POINT('Ctrl Pts',(7.65663117835873,5.20377861451954,7.52009416191985));
#4620=CARTESIAN_POINT('Ctrl Pts',(7.48362762455387,5.19205192770834,7.67771076359448));
#4621=CARTESIAN_POINT('Ctrl Pts',(7.38825472270949,5.17342308525821,7.74644632501785));
#4622=CARTESIAN_POINT('Ctrl Pts',(7.06945415193245,5.08649335277043,7.93873257379627));
#4623=CARTESIAN_POINT('Ctrl Pts',(6.81447275613339,4.97315077024409,8.02567816193235));
#4624=CARTESIAN_POINT('Ctrl Pts',(6.31117180608847,4.69275131192003,8.11333731466627));
#4625=CARTESIAN_POINT('Ctrl Pts',(6.06306433957698,4.52511751604289,8.11342096475533));
#4626=CARTESIAN_POINT('Ctrl Pts',(5.62333457403581,4.18427468525276,8.05707238814038));
#4627=CARTESIAN_POINT('Ctrl Pts',(5.39531740104745,3.98094193652061,7.99315853679697));
#4628=CARTESIAN_POINT('Ctrl Pts',(5.17939226649584,3.74491706664126,7.88384833226122));
#4629=CARTESIAN_POINT('Ctrl Pts',(5.1593356145183,3.72250288882353,7.87314755822217));
#4630=CARTESIAN_POINT('Ctrl Pts',(5.13966218383249,3.69999999999677,7.86208125346134));
#4631=CARTESIAN_POINT('Ctrl Pts',(5.13966218383249,3.69999999999677,7.86208125346134));
#4632=CARTESIAN_POINT('Ctrl Pts',(4.97080835303516,3.50686139376749,7.76710097363737));
#4633=CARTESIAN_POINT('Ctrl Pts',(4.83050086228309,3.30699907560009,7.64501506685006));
#4634=CARTESIAN_POINT('Ctrl Pts',(4.73969271347353,3.11598464034396,7.50129712007099));
#4635=CARTESIAN_POINT('Origin',(0.,5.,0.));
#4636=CARTESIAN_POINT('Origin',(0.,4.25000006332994,0.));
#4637=CARTESIAN_POINT('',(14.8323971952113,8.50000012665987,-4.50000006705523));
#4638=CARTESIAN_POINT('Origin',(0.,8.50000012665987,0.));
#4639=CARTESIAN_POINT('',(14.,7.6557811460269,-4.50000006705522));
#4640=CARTESIAN_POINT('Ctrl Pts',(14.8323971952113,8.50000012665987,-4.50000006705522));
#4641=CARTESIAN_POINT('Ctrl Pts',(14.405250425925,8.06570424915563,-4.50000006705522));
#4642=CARTESIAN_POINT('Ctrl Pts',(14.,7.6557811460269,-4.50000006705522));
#4643=CARTESIAN_POINT('',(10.8382254787615,4.50000006705523,-4.50000006705522));
#4644=CARTESIAN_POINT('Ctrl Pts',(14.,7.6557811460269,-4.50000006705522));
#4645=CARTESIAN_POINT('Ctrl Pts',(12.2415281409491,5.87703349984903,-4.50000006705522));
#4646=CARTESIAN_POINT('Ctrl Pts',(10.8382254787615,4.50000006705523,-4.50000006705522));
#4647=CARTESIAN_POINT('',(10.5830054019574,4.25000006332994,-4.50000006705523));
#4648=CARTESIAN_POINT('Ctrl Pts',(10.8382254787615,4.50000006705523,-4.50000006705522));
#4649=CARTESIAN_POINT('Ctrl Pts',(10.709323186806,4.37351077121814,-4.50000006705523));
#4650=CARTESIAN_POINT('Ctrl Pts',(10.5830054019574,4.25000006332994,-4.50000006705523));
#4651=CARTESIAN_POINT('Ctrl Pts',(10.5830054019574,4.25000006332994,-4.50000006705523));
#4652=CARTESIAN_POINT('Ctrl Pts',(10.1526550908184,3.8292131437968,-4.50000006705523));
#4653=CARTESIAN_POINT('Ctrl Pts',(9.75077997975852,3.44151602800688,-4.50000006705523));
#4654=CARTESIAN_POINT('Origin',(7.8339628085445,3.7,-7.65660412823506));
#4655=CARTESIAN_POINT('',(6.27965018027618,3.16682736968148,-8.39093475465646));
#4656=CARTESIAN_POINT('',(6.67147954432309,3.69999999999123,-8.72372851873731));
#4657=CARTESIAN_POINT('Ctrl Pts',(6.27965018027618,3.16682736968148,-8.39093475465646));
#4658=CARTESIAN_POINT('Ctrl Pts',(6.19780091086023,3.02168570481374,-8.28156689822034));
#4659=CARTESIAN_POINT('Ctrl Pts',(6.13316458832808,2.86426538783254,-8.14517831701689));
#4660=CARTESIAN_POINT('Ctrl Pts',(6.09067481557463,2.57972681594931,-7.84054562156124));
#4661=CARTESIAN_POINT('Ctrl Pts',(6.11358404106469,2.4529287422222,-7.67189676477132));
#4662=CARTESIAN_POINT('Ctrl Pts',(6.24037883516691,2.28328945876004,-7.36069377682839));
#4663=CARTESIAN_POINT('Ctrl Pts',(6.33910982035651,2.22821488789313,-7.20796420331556));
#4664=CARTESIAN_POINT('Ctrl Pts',(6.58610122644768,2.18916176094332,-6.93240073473891));
#4665=CARTESIAN_POINT('Ctrl Pts',(6.73392762024398,2.20480300114954,-6.80923210163554));
#4666=CARTESIAN_POINT('Ctrl Pts',(7.04000581348998,2.28477945365196,-6.60340000231909));
#4667=CARTESIAN_POINT('Ctrl Pts',(7.22133270288373,2.36074163915918,-6.51116276805959));
#4668=CARTESIAN_POINT('Ctrl Pts',(7.58132132023233,2.55804632052453,-6.380565256811));
#4669=CARTESIAN_POINT('Ctrl Pts',(7.76013172099534,2.67910379845716,-6.34218439051962));
#4670=CARTESIAN_POINT('Ctrl Pts',(8.11262559479609,2.94920873789202,-6.3082685764734));
#4671=CARTESIAN_POINT('Ctrl Pts',(8.31262514152468,3.12628135431479,-6.3205183869904));
#4672=CARTESIAN_POINT('Ctrl Pts',(8.67945240140358,3.49700605871985,-6.41284617454523));
#4673=CARTESIAN_POINT('Ctrl Pts',(8.84643345154593,3.69052766295645,-6.49283873202015));
#4674=CARTESIAN_POINT('Ctrl Pts',(9.12153815812111,4.05310566804534,-6.69475179721144));
#4675=CARTESIAN_POINT('Ctrl Pts',(9.25141571702336,4.25244988474424,-6.83529054114891));
#4676=CARTESIAN_POINT('Ctrl Pts',(9.43156857440638,4.62361664883564,-7.17730572784788));
#4677=CARTESIAN_POINT('Ctrl Pts',(9.48247089278078,4.79564651651405,-7.37822635876789));
#4678=CARTESIAN_POINT('Ctrl Pts',(9.4681815931623,4.98418982854361,-7.67978378620723));
#4679=CARTESIAN_POINT('Ctrl Pts',(9.45281826329695,5.03748847461614,-7.77812911692371));
#4680=CARTESIAN_POINT('Ctrl Pts',(9.39325110408066,5.1228233762194,-7.97462559145011));
#4681=CARTESIAN_POINT('Ctrl Pts',(9.3488159127086,5.15473344969797,-8.07276130868599));
#4682=CARTESIAN_POINT('Ctrl Pts',(9.24336934539521,5.19340209441209,-8.24807346337368));
#4683=CARTESIAN_POINT('Ctrl Pts',(9.17379658482843,5.20268652572276,-8.33853189428085));
#4684=CARTESIAN_POINT('Ctrl Pts',(9.01523819728148,5.19584916850829,-8.50033121640719));
#4685=CARTESIAN_POINT('Ctrl Pts',(8.92639330329453,5.17993798516801,-8.57181878908401));
#4686=CARTESIAN_POINT('Ctrl Pts',(8.62449134141974,5.10105275764426,-8.77484244765122));
#4687=CARTESIAN_POINT('Ctrl Pts',(8.37893827273941,4.9929333991156,-8.86908865961288));
#4688=CARTESIAN_POINT('Ctrl Pts',(7.89038329292377,4.72282661594609,-8.97057892945437));
#4689=CARTESIAN_POINT('Ctrl Pts',(7.64756094239665,4.56023785283903,-8.97708463949661));
#4690=CARTESIAN_POINT('Ctrl Pts',(7.2081091811346,4.22529740327634,-8.93222629832902));
#4691=CARTESIAN_POINT('Ctrl Pts',(6.97603288209289,4.02264873162619,-8.87240785899652));
#4692=CARTESIAN_POINT('Ctrl Pts',(6.73852817446794,3.77381310318413,-8.75987232136654));
#4693=CARTESIAN_POINT('Ctrl Pts',(6.70450349994138,3.7369928517036,-8.7423044937731));
#4694=CARTESIAN_POINT('Ctrl Pts',(6.6714795443231,3.69999999998247,-8.72372851873731));
#4695=CARTESIAN_POINT('Ctrl Pts',(6.67147954432309,3.69999999998247,-8.72372851873731));
#4696=CARTESIAN_POINT('Ctrl Pts',(6.51263227005304,3.52206208935482,-8.63437692695802));
#4697=CARTESIAN_POINT('Ctrl Pts',(6.37728878768329,3.33996795035566,-8.52140049092659));
#4698=CARTESIAN_POINT('Ctrl Pts',(6.27965018027618,3.16682736968148,-8.39093475465646));
#4699=CARTESIAN_POINT('',(7.09857094909566,3.7,-8.96396743392188));
#4700=CARTESIAN_POINT('Origin',(7.46066433577957,3.7,7.44662373730478));
#4701=CARTESIAN_POINT('',(6.6714795443231,3.69999999999123,8.72372851873731));
#4702=CARTESIAN_POINT('',(6.72527247633074,3.7,8.75398704299161));
#4703=CARTESIAN_POINT('',(6.27965018027618,3.16682736968148,8.39093475465646));
#4704=CARTESIAN_POINT('Ctrl Pts',(6.27965018027618,3.16682736968148,8.39093475465646));
#4705=CARTESIAN_POINT('Ctrl Pts',(6.37728878768329,3.33996795035566,8.52140049092658));
#4706=CARTESIAN_POINT('Ctrl Pts',(6.51263227005304,3.52206208935482,8.63437692695802));
#4707=CARTESIAN_POINT('Ctrl Pts',(6.6714795443231,3.69999999998247,8.72372851873731));
#4708=CARTESIAN_POINT('Ctrl Pts',(6.6714795443231,3.69999999998247,8.72372851873731));
#4709=CARTESIAN_POINT('Ctrl Pts',(6.70450349994139,3.7369928517036,8.74230449377309));
#4710=CARTESIAN_POINT('Ctrl Pts',(6.73852817446795,3.77381310318413,8.75987232136654));
#4711=CARTESIAN_POINT('Ctrl Pts',(6.9760328820929,4.02264873162619,8.87240785899652));
#4712=CARTESIAN_POINT('Ctrl Pts',(7.2081091811346,4.22529740327634,8.93222629832902));
#4713=CARTESIAN_POINT('Ctrl Pts',(7.64756094239665,4.56023785283903,8.97708463949661));
#4714=CARTESIAN_POINT('Ctrl Pts',(7.89038329292378,4.72282661594609,8.97057892945437));
#4715=CARTESIAN_POINT('Ctrl Pts',(8.37893827273941,4.99293339911559,8.86908865961288));
#4716=CARTESIAN_POINT('Ctrl Pts',(8.62449134141974,5.10105275764426,8.77484244765122));
#4717=CARTESIAN_POINT('Ctrl Pts',(8.92639330329453,5.17993798516801,8.57181878908401));
#4718=CARTESIAN_POINT('Ctrl Pts',(9.01523819728148,5.19584916850829,8.50033121640718));
#4719=CARTESIAN_POINT('Ctrl Pts',(9.17379658482843,5.20268652572276,8.33853189428085));
#4720=CARTESIAN_POINT('Ctrl Pts',(9.24336934539521,5.19340209441209,8.24807346337368));
#4721=CARTESIAN_POINT('Ctrl Pts',(9.3488159127086,5.15473344969797,8.07276130868599));
#4722=CARTESIAN_POINT('Ctrl Pts',(9.39325110408066,5.1228233762194,7.97462559145011));
#4723=CARTESIAN_POINT('Ctrl Pts',(9.45281826329695,5.03748847461614,7.77812911692371));
#4724=CARTESIAN_POINT('Ctrl Pts',(9.4681815931623,4.98418982854361,7.67978378620723));
#4725=CARTESIAN_POINT('Ctrl Pts',(9.48247089278077,4.79564651651405,7.37822635876789));
#4726=CARTESIAN_POINT('Ctrl Pts',(9.43156857440638,4.62361664883564,7.17730572784788));
#4727=CARTESIAN_POINT('Ctrl Pts',(9.25141571702336,4.25244988474425,6.83529054114891));
#4728=CARTESIAN_POINT('Ctrl Pts',(9.1215381581211,4.05310566804534,6.69475179721144));
#4729=CARTESIAN_POINT('Ctrl Pts',(8.84643345154593,3.69052766295645,6.49283873202015));
#4730=CARTESIAN_POINT('Ctrl Pts',(8.67945240140358,3.49700605871985,6.41284617454523));
#4731=CARTESIAN_POINT('Ctrl Pts',(8.31262514152468,3.12628135431479,6.3205183869904));
#4732=CARTESIAN_POINT('Ctrl Pts',(8.11262559479609,2.94920873789203,6.3082685764734));
#4733=CARTESIAN_POINT('Ctrl Pts',(7.76013172099534,2.67910379845716,6.34218439051962));
#4734=CARTESIAN_POINT('Ctrl Pts',(7.58132132023234,2.55804632052453,6.380565256811));
#4735=CARTESIAN_POINT('Ctrl Pts',(7.22133270288374,2.36074163915918,6.51116276805958));
#4736=CARTESIAN_POINT('Ctrl Pts',(7.04000581348998,2.28477945365197,6.60340000231909));
#4737=CARTESIAN_POINT('Ctrl Pts',(6.73392762024399,2.20480300114954,6.80923210163554));
#4738=CARTESIAN_POINT('Ctrl Pts',(6.58610122644769,2.18916176094332,6.93240073473891));
#4739=CARTESIAN_POINT('Ctrl Pts',(6.33910982035651,2.22821488789313,7.20796420331556));
#4740=CARTESIAN_POINT('Ctrl Pts',(6.24037883516691,2.28328945876004,7.36069377682839));
#4741=CARTESIAN_POINT('Ctrl Pts',(6.11358404106469,2.4529287422222,7.67189676477132));
#4742=CARTESIAN_POINT('Ctrl Pts',(6.09067481557463,2.57972681594931,7.84054562156124));
#4743=CARTESIAN_POINT('Ctrl Pts',(6.13316458832808,2.86426538783255,8.14517831701689));
#4744=CARTESIAN_POINT('Ctrl Pts',(6.19780091086024,3.02168570481374,8.28156689822034));
#4745=CARTESIAN_POINT('Ctrl Pts',(6.27965018027618,3.16682736968148,8.39093475465646));
#4746=CARTESIAN_POINT('Origin',(0.,4.25000006332994,0.));
#4747=CARTESIAN_POINT('Origin',(0.,4.25000006332994,0.));
#4748=CARTESIAN_POINT('',(6.00000008940697,2.77555756156289E-16,-4.50000006705523));
#4749=CARTESIAN_POINT('Ctrl Pts',(6.92516548298793,0.80623389517665,-4.50000006705523));
#4750=CARTESIAN_POINT('Ctrl Pts',(6.44030879124986,0.374262396566456,-4.50000006705523));
#4751=CARTESIAN_POINT('Ctrl Pts',(6.00000008940697,-5.55111512312578E-16,
-4.50000006705523));
#4752=CARTESIAN_POINT('Origin',(0.,0.,0.));
#4753=CARTESIAN_POINT('Origin',(0.,4.25000006332994,0.));
#4754=CARTESIAN_POINT('Origin',(16.5,8.5,0.));
#4755=CARTESIAN_POINT('',(20.5000003054738,8.5,-5.00000007450581));
#4756=CARTESIAN_POINT('',(20.5,8.5,-5.7935972402599));
#4757=CARTESIAN_POINT('',(18.5000001303852,8.5,-5.00000007450581));
#4758=CARTESIAN_POINT('',(18.5000001527369,8.5,-5.00000007450581));
#4759=CARTESIAN_POINT('',(17.5000002607703,8.5,-5.50000008195639));
#4760=CARTESIAN_POINT('',(19.2000001616031,8.5,-4.65000000804661));
#4761=CARTESIAN_POINT('',(17.5000002607703,8.5,-4.50000006705523));
#4762=CARTESIAN_POINT('',(17.5000002607703,8.5,-2.75000004097819));
#4763=CARTESIAN_POINT('',(18.5,8.5,-4.50000006705523));
#4764=CARTESIAN_POINT('',(19.28,8.5,-11.43));
#4765=CARTESIAN_POINT('Origin',(17.78,8.5,-11.43));
#4766=CARTESIAN_POINT('Origin',(-21.0000003129244,10.,13.9999997913837));
#4767=CARTESIAN_POINT('',(-11.3137087571342,10.,13.9999997913837));
#4768=CARTESIAN_POINT('',(-11.3137087571342,10.8999999333173,13.9999997913837));
#4769=CARTESIAN_POINT('',(-20.5000003129244,10.,13.9999997913837));
#4770=CARTESIAN_POINT('',(-18.5784274239768,10.,13.9999997913837));
#4771=CARTESIAN_POINT('',(-20.5000003129244,10.,13.9999997913837));
#4772=CARTESIAN_POINT('Origin',(20.5,4.50000006705523,-4.50000006705523));
#4773=CARTESIAN_POINT('',(17.5000002607703,0.,-4.50000006705523));
#4774=CARTESIAN_POINT('',(17.5000002607703,2.25000003352761,-4.50000006705523));
#4775=CARTESIAN_POINT('',(20.5,0.,-4.50000006705523));
#4776=CARTESIAN_POINT('Origin',(17.5000002607703,0.,-5.50000008195639));
#4777=CARTESIAN_POINT('',(17.5000002607703,0.,-5.50000008195639));
#4778=CARTESIAN_POINT('',(17.5000002607703,0.,-5.50000008195639));
#4779=CARTESIAN_POINT('',(17.5000002607703,0.,-5.50000008195639));
#4780=CARTESIAN_POINT('Origin',(19.5,0.,-4.50000006705523));
#4781=CARTESIAN_POINT('',(18.5000001303852,0.,-5.00000007450581));
#4782=CARTESIAN_POINT('',(18.5000001303852,0.,-5.00000007450581));
#4783=CARTESIAN_POINT('',(19.5,0.,-4.50000006705523));
#4784=CARTESIAN_POINT('Origin',(18.5000001303852,0.,-5.00000007450581));
#4785=CARTESIAN_POINT('',(18.5000001303852,10.,-5.00000007450581));
#4786=CARTESIAN_POINT('',(18.5000001303852,0.,-5.00000007450581));
#4787=CARTESIAN_POINT('',(18.5000001303852,10.,5.00000007450581));
#4788=CARTESIAN_POINT('',(18.5000001303852,10.,-2.5000000372529));
#4789=CARTESIAN_POINT('',(18.5000001303852,0.,5.00000007450581));
#4790=CARTESIAN_POINT('',(18.5000001303852,0.,5.00000007450581));
#4791=CARTESIAN_POINT('',(18.5000001303852,0.,5.00000007450581));
#4792=CARTESIAN_POINT('',(18.5000001303852,0.,0.));
#4793=CARTESIAN_POINT('',(18.5000001303852,0.500000007450581,-4.89858726958405E-16));
#4794=CARTESIAN_POINT('Origin',(18.5000001303852,4.50000006705523,0.));
#4795=CARTESIAN_POINT('Origin',(17.5000002607703,0.,5.50000008195639));
#4796=CARTESIAN_POINT('',(17.5000002607703,0.,5.50000008195639));
#4797=CARTESIAN_POINT('',(17.5000002607703,0.,5.50000008195639));
#4798=CARTESIAN_POINT('',(19.5,0.,4.50000006705523));
#4799=CARTESIAN_POINT('Origin',(17.5000002607703,0.,4.50000006705523));
#4800=CARTESIAN_POINT('',(17.5000002607703,0.,4.50000006705523));
#4801=CARTESIAN_POINT('',(17.5000002607703,2.25000003352761,4.50000006705523));
#4802=CARTESIAN_POINT('',(17.5000002607703,0.,5.50000008195639));
#4803=CARTESIAN_POINT('Origin',(20.5,4.50000006705523,4.50000006705523));
#4804=CARTESIAN_POINT('',(6.00000008940697,2.77555756156289E-16,4.50000006705523));
#4805=CARTESIAN_POINT('Ctrl Pts',(6.00000008940697,-5.55111512312578E-16,
4.50000006705523));
#4806=CARTESIAN_POINT('Ctrl Pts',(6.44030879124986,0.374262396566456,4.50000006705523));
#4807=CARTESIAN_POINT('Ctrl Pts',(6.92516548298794,0.806233895176652,4.50000006705523));
#4808=CARTESIAN_POINT('',(20.5,0.,4.50000006705523));
#4809=CARTESIAN_POINT('Origin',(-11.3137082408353,10.,-14.0000002086163));
#4810=CARTESIAN_POINT('',(-11.3137082408353,10.,-14.0000002086163));
#4811=CARTESIAN_POINT('',(-11.3137082408353,10.,-14.0000002086163));
#4812=CARTESIAN_POINT('',(-20.5000003129244,10.,-14.0000002086163));
#4813=CARTESIAN_POINT('',(-20.5000003129244,10.,-14.0000002086163));
#4814=CARTESIAN_POINT('',(-13.7352812588576,10.,-14.0000002086163));
#4815=CARTESIAN_POINT('Origin',(-17.7800003129244,11.7,-11.4300002086163));
#4816=CARTESIAN_POINT('',(-16.2800003129244,10.,-11.4300002086163));
#4817=CARTESIAN_POINT('Origin',(-17.7800003129244,10.,-11.4300002086163));
#4818=CARTESIAN_POINT('',(-16.2800003129244,11.7,-11.4300002086163));
#4819=CARTESIAN_POINT('Origin',(-17.7800003129244,11.7,11.4299997913837));
#4820=CARTESIAN_POINT('',(-16.2800003129244,10.,11.4299997913837));
#4821=CARTESIAN_POINT('Origin',(-17.7800003129244,10.,11.4299997913837));
#4822=CARTESIAN_POINT('',(-16.2800003129244,11.7,11.4299997913837));
#4823=CARTESIAN_POINT('Origin',(-20.5000003129244,10.,-14.0000002086163));
#4824=CARTESIAN_POINT('',(-20.5000003129244,10.,-7.00000010430813));
#4825=CARTESIAN_POINT('Origin',(0.,4.25,0.));
#4826=CARTESIAN_POINT('Origin',(57.8831563650953,66.2216340930379,4.44089209850063E-15));
#4827=CARTESIAN_POINT('Origin',(0.,4.25,0.));
#4828=CARTESIAN_POINT('',(-1.75692147108631,4.74307862577124,10.1707072450219));
#4829=CARTESIAN_POINT('Ctrl Pts',(-2.62453451555451,5.18890477705678,10.3918250314962));
#4830=CARTESIAN_POINT('Ctrl Pts',(-2.52925557875351,5.13806970405812,10.3692246137767));
#4831=CARTESIAN_POINT('Ctrl Pts',(-2.4339575287668,5.08783602989101,10.3460924485395));
#4832=CARTESIAN_POINT('Ctrl Pts',(-2.14475673664806,4.93726899122517,10.2742131368056));
#4833=CARTESIAN_POINT('Ctrl Pts',(-1.95082087487444,4.83886050083666,10.2237208216458));
#4834=CARTESIAN_POINT('Ctrl Pts',(-1.75692147108631,4.74307862577124,10.1707072450219));
#4835=CARTESIAN_POINT('Origin',(50.8785477475751,57.3785478444327,-1.4432899320127E-14));
#4836=CARTESIAN_POINT('Origin',(0.,4.25,0.));
#4837=CARTESIAN_POINT('',(-1.75692147108631,4.74307862577124,-10.1707072450219));
#4838=CARTESIAN_POINT('Ctrl Pts',(-1.75692147108631,4.74307862577124,-10.1707072450219));
#4839=CARTESIAN_POINT('Ctrl Pts',(-1.95082087487444,4.83886050083666,-10.2237208216458));
#4840=CARTESIAN_POINT('Ctrl Pts',(-2.14475673664806,4.93726899122517,-10.2742131368056));
#4841=CARTESIAN_POINT('Ctrl Pts',(-2.4339575287668,5.08783602989101,-10.3460924485395));
#4842=CARTESIAN_POINT('Ctrl Pts',(-2.5292555787535,5.13806970405812,-10.3692246137767));
#4843=CARTESIAN_POINT('Ctrl Pts',(-2.6245345155545,5.18890477705677,-10.3918250314962));
#4844=CARTESIAN_POINT('Origin',(50.8785477475751,57.3785478444327,-1.4432899320127E-14));
#4845=CARTESIAN_POINT('Origin',(-8.17146346916837,0.167014258774197,3.61037764414832E-16));
#4846=CARTESIAN_POINT('Origin',(-7.25222465362586,-0.752224556768315,2.81435722470254E-16));
#4847=CARTESIAN_POINT('Origin',(-8.17146346916837,0.167014258774197,3.61037764414832E-16));
#4848=CARTESIAN_POINT('Origin',(-8.17146346916837,0.167014258774197,3.61037764414832E-16));
#4849=CARTESIAN_POINT('Origin',(-8.17146346916837,0.167014258774197,3.61037764414832E-16));
#4850=CARTESIAN_POINT('Origin',(-7.25222465362586,-0.752224556768315,2.81435722470254E-16));
#4851=CARTESIAN_POINT('Origin',(17.78,10.,11.4299997913837));
#4852=CARTESIAN_POINT('',(19.28,10.,11.4299997913837));
#4853=CARTESIAN_POINT('',(19.28,10.,11.4299997913837));
#4854=CARTESIAN_POINT('Origin',(17.78,10.,11.4299997913837));
#4855=CARTESIAN_POINT('Origin',(17.78,10.,-11.43));
#4856=CARTESIAN_POINT('',(19.28,10.,-11.43));
#4857=CARTESIAN_POINT('',(19.28,10.,-11.43));
#4858=CARTESIAN_POINT('Origin',(17.78,10.,-11.43));
#4859=CARTESIAN_POINT('Origin',(0.,10.8999999333173,0.));
#4860=CARTESIAN_POINT('Origin',(0.,9.99999972507358,0.));
#4861=CARTESIAN_POINT('Origin',(16.5,10.,0.));
#4862=CARTESIAN_POINT('',(20.5000003054738,10.,-5.00000007450581));
#4863=CARTESIAN_POINT('',(18.5000001527369,10.,-5.00000007450581));
#4864=CARTESIAN_POINT('',(20.5,10.,-5.7935972402599));
#4865=CARTESIAN_POINT('Origin',(0.,9.99999972507358,0.));
#4866=CARTESIAN_POINT('',(20.5000003054738,10.,5.00000007450581));
#4867=CARTESIAN_POINT('',(20.5,10.,-5.7935972402599));
#4868=CARTESIAN_POINT('',(17.5000000651926,10.,5.00000007450581));
#4869=CARTESIAN_POINT('Origin',(0.,10.8999999333173,0.));
#4870=CARTESIAN_POINT('Origin',(20.5,10.,8.67280551948019));
#4871=CARTESIAN_POINT('',(20.5000003054738,10.,-5.00000007450581));
#4872=CARTESIAN_POINT('Origin',(20.0000002980232,4.50000006705523,0.));
#4873=CARTESIAN_POINT('',(15.5,8.00000011920929,-4.28626386088604E-16));
#4874=CARTESIAN_POINT('',(20.0000002980232,8.00000011920929,-4.28626386088604E-16));
#4875=CARTESIAN_POINT('Origin',(15.5,4.50000006705523,0.));
#4876=CARTESIAN_POINT('Origin',(5.99999986588955,-2.49999994412065,0.));
#4877=CARTESIAN_POINT('',(2.53570951376667,-2.49999994412065,5.43784660067455));
#4878=CARTESIAN_POINT('',(3.06398232913473,-2.49999994412065,6.57073130914842));
#4879=CARTESIAN_POINT('',(2.28650703280492,-2.49999994412065,4.90343015564394));
#4880=CARTESIAN_POINT('',(3.06398232913473,-2.49999994412065,-6.57073130914842));
#4881=CARTESIAN_POINT('Origin',(0.,-2.49999994412065,0.));
#4882=CARTESIAN_POINT('',(2.53570951376667,-2.49999994412065,-5.43784660067455));
#4883=CARTESIAN_POINT('',(0.535818573493712,-2.49999994412065,-1.14906663899483));
#4884=CARTESIAN_POINT('Origin',(0.,-2.49999994412065,0.));
#4885=CARTESIAN_POINT('Origin',(0.,-2.12499997206032,0.));
#4886=CARTESIAN_POINT('',(2.57797139661827,-1.75,5.52847750092356));
#4887=CARTESIAN_POINT('',(2.55684045519247,-2.12499997206032,5.48316205079906));
#4888=CARTESIAN_POINT('',(2.57797139661827,-1.75,-5.52847750092357));
#4889=CARTESIAN_POINT('',(2.55684045519247,-2.12499997206032,-5.48316205079906));
#4890=CARTESIAN_POINT('Origin',(0.,-1.75,0.));
#4891=CARTESIAN_POINT('Origin',(6.5,-1.75,0.));
#4892=CARTESIAN_POINT('',(2.74701870131455,-1.75,5.89100061573822));
#4893=CARTESIAN_POINT('',(2.33115859357059,-1.75,4.99918573671745));
#4894=CARTESIAN_POINT('',(2.74701870131455,-1.75,-5.89100061573823));
#4895=CARTESIAN_POINT('',(0.580470134259373,-1.75,-1.24482222006834));
#4896=CARTESIAN_POINT('Origin',(0.,-1.75,0.));
#4897=CARTESIAN_POINT('Origin',(-7.25222465362586,-0.752224556768314,2.81435722470254E-16));
#4898=CARTESIAN_POINT('Origin',(2.16709923125606,8.66709932811361,2.22044604925031E-15));
#4899=CARTESIAN_POINT('Origin',(-8.17146346916837,0.167014258774199,3.61037764414832E-16));
#4900=CARTESIAN_POINT('Origin',(0.,-0.874999999999999,0.));
#4901=CARTESIAN_POINT('',(2.74701870131455,-1.625,5.89100061573822));
#4902=CARTESIAN_POINT('',(2.74701870131455,-0.874999999999999,5.89100061573822));
#4903=CARTESIAN_POINT('',(2.74701870131455,-1.625,-5.89100061573823));
#4904=CARTESIAN_POINT('',(2.74701870131455,-0.874999999999999,-5.89100061573823));
#4905=CARTESIAN_POINT('',(0.,-1.625,-6.5));
#4906=CARTESIAN_POINT('Origin',(0.,-1.625,0.));
#4907=CARTESIAN_POINT('',(0.,0.,-6.5));
#4908=CARTESIAN_POINT('',(0.,-0.874999999999999,-6.5));
#4909=CARTESIAN_POINT('',(-6.50000002391544,2.39154431183142E-8,3.83129871796274E-24));
#4910=CARTESIAN_POINT('Origin',(0.,0.,0.));
#4911=CARTESIAN_POINT('',(0.,0.,6.5));
#4912=CARTESIAN_POINT('Origin',(0.,0.,0.));
#4913=CARTESIAN_POINT('',(0.,-1.625,6.5));
#4914=CARTESIAN_POINT('',(0.,-0.874999999999999,6.5));
#4915=CARTESIAN_POINT('Origin',(0.,-1.625,0.));
#4916=CARTESIAN_POINT('Origin',(8.,0.,6.5));
#4917=CARTESIAN_POINT('',(3.03099977800749,0.,6.5));
#4918=CARTESIAN_POINT('',(3.03099977800749,-1.43518994805889,6.5));
#4919=CARTESIAN_POINT('',(3.03099977800749,0.,6.5));
#4920=CARTESIAN_POINT('',(2.92686327406962,-1.625,6.5));
#4921=CARTESIAN_POINT('Ctrl Pts',(2.92686327406962,-1.625,6.5));
#4922=CARTESIAN_POINT('Ctrl Pts',(2.97877356049119,-1.53175380329831,6.5));
#4923=CARTESIAN_POINT('Ctrl Pts',(3.03099977800749,-1.43518994805889,6.5));
#4924=CARTESIAN_POINT('',(8.,-1.625,6.5));
#4925=CARTESIAN_POINT('',(8.,0.,6.5));
#4926=CARTESIAN_POINT('Origin',(4.,-1.625,0.));
#4927=CARTESIAN_POINT('',(3.01266440693313,-1.625,6.46067966984092));
#4928=CARTESIAN_POINT('',(2.10790084962467,-1.625,4.52040795976809));
#4929=CARTESIAN_POINT('Origin',(0.,-1.625,0.));
#4930=CARTESIAN_POINT('Origin',(0.,0.,-6.5));
#4931=CARTESIAN_POINT('',(3.03099977800749,-1.43518994805889,-6.5));
#4932=CARTESIAN_POINT('',(3.03099977800749,0.,-6.5));
#4933=CARTESIAN_POINT('',(3.03099977800749,0.,-6.5));
#4934=CARTESIAN_POINT('',(0.,0.,-6.5));
#4935=CARTESIAN_POINT('',(2.92686327406962,-1.625,-6.5));
#4936=CARTESIAN_POINT('',(0.,-1.625,-6.5));
#4937=CARTESIAN_POINT('Ctrl Pts',(3.03099977800749,-1.43518994805889,-6.5));
#4938=CARTESIAN_POINT('Ctrl Pts',(2.97877356049119,-1.53175380329831,-6.5));
#4939=CARTESIAN_POINT('Ctrl Pts',(2.92686327406962,-1.625,-6.5));
#4940=CARTESIAN_POINT('Origin',(0.,-0.874999999999999,0.));
#4941=CARTESIAN_POINT('',(3.01238359859532,-1.62790696299345,6.46007747441716));
#4942=CARTESIAN_POINT('',(3.08511330078854,-0.874999999999999,6.61604682409711));
#4943=CARTESIAN_POINT('',(3.08511330078854,-0.874999999999999,6.61604682409711));
#4944=CARTESIAN_POINT('',(3.08511330078854,-0.874999999999999,-6.61604682409711));
#4945=CARTESIAN_POINT('',(3.01266440693313,-1.625,-6.46067966984092));
#4946=CARTESIAN_POINT('Origin',(0.,-1.625,0.));
#4947=CARTESIAN_POINT('',(3.01238359859532,-1.62790696299345,-6.46007747441716));
#4948=CARTESIAN_POINT('',(3.08511330078854,-0.874999999999999,-6.61604682409711));
#4949=CARTESIAN_POINT('Origin',(0.,-1.62790696299345,0.));
#4950=CARTESIAN_POINT('Origin',(4.,-1.625,0.));
#4951=CARTESIAN_POINT('',(0.35721239031346,-1.625,-0.766044443118978));
#4952=CARTESIAN_POINT('Origin',(0.,-2.06395344223914,0.));
#4953=CARTESIAN_POINT('',(3.16963701028652,-2.00000023469329,6.79730850406266));
#4954=CARTESIAN_POINT('',(3.19666480369229,-2.06395344223914,6.85526979406744));
#4955=CARTESIAN_POINT('',(3.16963701028652,-2.00000023469329,-6.79730850406266));
#4956=CARTESIAN_POINT('',(3.19666480369229,-2.06395344223914,-6.85526979406744));
#4957=CARTESIAN_POINT('Origin',(0.,-2.00000023469329,0.));
#4958=CARTESIAN_POINT('Origin',(0.,-2.12500003166497,0.));
#4959=CARTESIAN_POINT('',(3.16963701028652,-2.25000003352761,6.79730850406266));
#4960=CARTESIAN_POINT('',(3.16963701028652,-2.12500003166497,6.79730850406266));
#4961=CARTESIAN_POINT('',(3.16963701028652,-2.25000003352761,-6.79730850406266));
#4962=CARTESIAN_POINT('',(3.16963701028652,-2.12500003166497,-6.79730850406266));
#4963=CARTESIAN_POINT('Origin',(0.,-2.25000003352761,0.));
#4964=CARTESIAN_POINT('Origin',(0.,-2.37499998882413,0.));
#4965=CARTESIAN_POINT('',(3.11680966971062,-2.37499998882413,6.68401990660554));
#4966=CARTESIAN_POINT('',(3.11680966971062,-2.37499998882413,-6.68401990660554));
#4967=CARTESIAN_POINT('Origin',(0.,0.,0.));
#4968=CARTESIAN_POINT('',(0.,0.,0.));
#4969=CARTESIAN_POINT('Origin',(3.50137691862242,0.,7.50872703329822));
#4970=CARTESIAN_POINT('',(0.,0.,0.));
#4971=CARTESIAN_POINT('Origin',(0.,0.,0.));
#4972=CARTESIAN_POINT('Origin',(3.50137691862242,0.,7.50872703329822));
#4973=CARTESIAN_POINT('Origin',(20.5,4.50000006705523,0.));
#4974=CARTESIAN_POINT('',(15.5,0.500000007450581,-4.89858726958405E-16));
#4975=CARTESIAN_POINT('',(20.5,0.500000007450581,4.89858726958405E-16));
#4976=CARTESIAN_POINT('Origin',(15.5,4.50000006705523,0.));
#4977=CARTESIAN_POINT('Origin',(0.,4.25000006332994,0.));
#4978=CARTESIAN_POINT('Origin',(0.,0.,0.));
#4979=CARTESIAN_POINT('Origin',(15.5,4.50000006705523,0.));
#4980=CARTESIAN_POINT('Origin',(20.5,10.,8.67280551948019));
#4981=CARTESIAN_POINT('',(20.5,5.,5.00000007450581));
#4982=CARTESIAN_POINT('Origin',(20.5,0.,-4.50000006705523));
#4983=CARTESIAN_POINT('Origin',(20.5000003054738,0.,-5.00000007450581));
#4984=CARTESIAN_POINT('Origin',(18.5000001303852,0.,5.00000007450581));
#4985=CARTESIAN_POINT('Origin',(20.0000002980232,4.50000006705523,0.));
#4986=CARTESIAN_POINT('',(17.881554738706,8.50000012665987,2.06155284352836));
#4987=CARTESIAN_POINT('',(17.799999602139,8.5,2.06155308928459));
#4988=CARTESIAN_POINT('',(20.0000002980232,8.5,2.06155308928459));
#4989=CARTESIAN_POINT('',(17.799999602139,8.11800869607261,2.67582027869077));
#4990=CARTESIAN_POINT('Origin',(17.799999602139,4.50000006705523,0.));
#4991=CARTESIAN_POINT('Ctrl Pts',(17.799999602139,8.11800869607261,2.67582027869077));
#4992=CARTESIAN_POINT('Ctrl Pts',(17.8288284437324,8.25984179309129,2.48404605043621));
#4993=CARTESIAN_POINT('Ctrl Pts',(17.8566156538494,8.38851272557206,2.27787017558043));
#4994=CARTESIAN_POINT('Ctrl Pts',(17.881554738706,8.50000012665987,2.06155284352836));
#4995=CARTESIAN_POINT('Origin',(0.,10.,0.));
#4996=CARTESIAN_POINT('',(17.799999602139,8.5,2.67582027869077));
#4997=CARTESIAN_POINT('Origin',(0.,8.5,0.));
#4998=CARTESIAN_POINT('',(17.799999602139,10.,2.67582027869077));
#4999=CARTESIAN_POINT('Origin',(17.799999602139,10.,-12.9602615247943));
#5000=CARTESIAN_POINT('',(17.799999602139,8.5,-6.48013076239714));
#5001=CARTESIAN_POINT('Origin',(16.5,8.5,0.));
#5002=CARTESIAN_POINT('Origin',(16.5,8.5,0.));
#5003=CARTESIAN_POINT('',(18.2314872721529,8.5,-3.21470310452353));
#5004=CARTESIAN_POINT('',(15.1629710515378,8.50000012665987,-3.21470310452353));
#5005=CARTESIAN_POINT('',(18.5,8.5,-3.21470310452353));
#5006=CARTESIAN_POINT('',(15.2645203991483,8.50000012665987,-2.69154679394459));
#5007=CARTESIAN_POINT('',(23.9767349151247,8.5,-4.22774527483118));
#5008=CARTESIAN_POINT('Origin',(0.,8.50000012665987,0.));
#5009=CARTESIAN_POINT('Origin',(31.9510057087657,8.50000012665987,-5.63382436722559));
#5010=CARTESIAN_POINT('',(18.2314872721529,7.64891806428281,-3.21470310452353));
#5011=CARTESIAN_POINT('',(18.2314872721529,7.84014207344479,-3.21470310452353));
#5012=CARTESIAN_POINT('',(16.0408075697133,8.00000011920929,-2.82842716689304));
#5013=CARTESIAN_POINT('Origin',(4.44089209850063E-15,4.50000006705523,0.));
#5014=CARTESIAN_POINT('',(15.2645203991483,8.00000011920929,-2.69154679394459));
#5015=CARTESIAN_POINT('',(15.2645203991483,8.00000011920929,-2.69154679394459));
#5016=CARTESIAN_POINT('',(15.2645203991483,8.10632457540214,-2.69154679394459));
#5017=CARTESIAN_POINT('',(15.2645203991483,8.50000012665987,-2.69154679394459));
#5018=CARTESIAN_POINT('',(15.2645203991483,8.50000012665987,-2.69154679394459));
#5019=CARTESIAN_POINT('Origin',(20.5,7.18028402022977,-3.21470310452353));
#5020=CARTESIAN_POINT('',(14.3431429778225,7.64891806451308,-3.21470310441075));
#5021=CARTESIAN_POINT('Ctrl Pts',(14.3431429778225,7.64891806451308,-3.21470310441075));
#5022=CARTESIAN_POINT('Ctrl Pts',(14.7421841749746,8.06263542796643,-3.21470310441138));
#5023=CARTESIAN_POINT('Ctrl Pts',(15.1629710515378,8.50000012665987,-3.21470310452353));
#5024=CARTESIAN_POINT('',(20.0000002980232,7.64891806428281,-3.21470310452353));
#5025=CARTESIAN_POINT('Origin',(0.,8.00000011920929,-15.500000230968));
#5026=CARTESIAN_POINT('',(15.2397508812182,8.00000011920929,-2.82842716689304));
#5027=CARTESIAN_POINT('',(20.0000002980232,8.00000011920929,-2.82842716689304));
#5028=CARTESIAN_POINT('Origin',(-3.33066907387547E-15,8.00000011920929,
1.11022302462516E-14));
#5029=CARTESIAN_POINT('Origin',(0.,8.25000012293458,0.));
#5030=CARTESIAN_POINT('Ctrl Pts',(15.2645203991483,8.10632457540214,-2.69154679394459));
#5031=CARTESIAN_POINT('Ctrl Pts',(15.2563237020622,8.07163034597632,-2.73803257310995));
#5032=CARTESIAN_POINT('Ctrl Pts',(15.2480539267499,8.03615336023047,-2.78368981358913));
#5033=CARTESIAN_POINT('Ctrl Pts',(15.2397508812181,8.00000011920929,-2.82842716689304));
#5034=CARTESIAN_POINT('Origin',(0.,8.50000012665987,0.));
#5035=CARTESIAN_POINT('',(15.3622917246532,8.50000012665987,-2.06155284352836));
#5036=CARTESIAN_POINT('Ctrl Pts',(15.3622917246532,8.50000012665987,-2.06155284352836));
#5037=CARTESIAN_POINT('Ctrl Pts',(15.3324680456839,8.3854601142094,-2.28379311161912));
#5038=CARTESIAN_POINT('Ctrl Pts',(15.2991174493437,8.2527638038288,-2.49533717215886));
#5039=CARTESIAN_POINT('Ctrl Pts',(15.2645203991483,8.10632457540214,-2.69154679394459));
#5040=CARTESIAN_POINT('Origin',(0.,8.50000012665987,0.));
#5041=CARTESIAN_POINT('Origin',(0.,4.25000006332994,0.));
#5042=CARTESIAN_POINT('Ctrl Pts',(15.3622917246532,8.50000012665987,-2.06155284352836));
#5043=CARTESIAN_POINT('Ctrl Pts',(15.1568769348746,8.33023458258414,-2.39094638226469));
#5044=CARTESIAN_POINT('Ctrl Pts',(14.9016303128173,8.11828816121011,-2.69889679597983));
#5045=CARTESIAN_POINT('Ctrl Pts',(14.5316366632386,7.80783371462373,-3.05314466323603));
#5046=CARTESIAN_POINT('Ctrl Pts',(14.4380610672867,7.72908077904271,-3.13618082515813));
#5047=CARTESIAN_POINT('Ctrl Pts',(14.3431429778225,7.64891806451308,-3.21470310429797));
#5048=CARTESIAN_POINT('Origin',(20.0000002980232,4.50000006705523,0.));
#5049=CARTESIAN_POINT('Origin',(0.,10.,0.));
#5050=CARTESIAN_POINT('',(17.881554738706,8.50000012665987,-2.06155284352836));
#5051=CARTESIAN_POINT('',(17.799999602139,8.5,-2.67582027869064));
#5052=CARTESIAN_POINT('Origin',(0.,8.5,0.));
#5053=CARTESIAN_POINT('',(17.799999602139,8.11800869607271,-2.67582027869064));
#5054=CARTESIAN_POINT('',(17.799999602139,8.50000012665987,-2.67582027869064));
#5055=CARTESIAN_POINT('Ctrl Pts',(17.881554738706,8.50000012665987,-2.06155284352836));
#5056=CARTESIAN_POINT('Ctrl Pts',(17.8566222748969,8.38854232422734,-2.27781274575356));
#5057=CARTESIAN_POINT('Ctrl Pts',(17.8288333716437,8.25986603759367,-2.48401326915432));
#5058=CARTESIAN_POINT('Ctrl Pts',(17.799999602139,8.11800869607271,-2.67582027869064));
#5059=CARTESIAN_POINT('Origin',(17.799999602139,10.,-12.9602615247943));
#5060=CARTESIAN_POINT('',(17.799999602139,8.5,-2.06155308928459));
#5061=CARTESIAN_POINT('',(17.799999602139,8.5,-6.48013076239714));
#5062=CARTESIAN_POINT('Origin',(17.799999602139,4.50000006705523,0.));
#5063=CARTESIAN_POINT('Origin',(20.0000002980232,4.50000006705523,0.));
#5064=CARTESIAN_POINT('',(20.0000002980232,8.5,-2.06155308928459));
#5065=CARTESIAN_POINT('Origin',(16.5,8.5,0.));
#5066=CARTESIAN_POINT('Origin',(16.5,8.5,0.));
#5067=CARTESIAN_POINT('',(18.2314872721529,8.5,3.21470310452353));
#5068=CARTESIAN_POINT('',(15.2645203991483,8.50000012665987,2.69154679394459));
#5069=CARTESIAN_POINT('',(23.9767349151247,8.5,4.22774527483118));
#5070=CARTESIAN_POINT('',(15.1629710515378,8.50000012665987,3.21470310452353));
#5071=CARTESIAN_POINT('',(18.5,8.5,3.21470310452353));
#5072=CARTESIAN_POINT('Origin',(0.,8.50000012665987,0.));
#5073=CARTESIAN_POINT('Origin',(31.9510057087657,8.50000012665987,5.63382436722559));
#5074=CARTESIAN_POINT('',(15.2645203991483,8.10632457540214,2.69154679394459));
#5075=CARTESIAN_POINT('',(15.2645203991483,8.50000012665987,2.69154679394459));
#5076=CARTESIAN_POINT('',(15.2645203991483,8.00000011920929,2.69154679394459));
#5077=CARTESIAN_POINT('',(15.2645203991483,8.50000012665987,2.69154679394459));
#5078=CARTESIAN_POINT('',(16.0408075697133,8.00000011920929,2.82842716689304));
#5079=CARTESIAN_POINT('',(15.2645203991483,8.00000011920929,2.69154679394459));
#5080=CARTESIAN_POINT('',(18.2314872721529,7.64891806428281,3.21470310452353));
#5081=CARTESIAN_POINT('Origin',(-4.44089209850063E-15,4.50000006705523,
0.));
#5082=CARTESIAN_POINT('',(18.2314872721529,8.75000013038513,3.21470310452353));
#5083=CARTESIAN_POINT('Origin',(0.,8.50000012665987,0.));
#5084=CARTESIAN_POINT('',(15.3622917246532,8.50000012665987,2.06155284352836));
#5085=CARTESIAN_POINT('Ctrl Pts',(15.2645203991483,8.10632457540214,2.69154679394459));
#5086=CARTESIAN_POINT('Ctrl Pts',(15.299111291773,8.25273774062698,2.49537209347759));
#5087=CARTESIAN_POINT('Ctrl Pts',(15.3324601164415,8.38542966137632,2.28385219879435));
#5088=CARTESIAN_POINT('Ctrl Pts',(15.3622917246532,8.50000012665987,2.06155284352836));
#5089=CARTESIAN_POINT('Origin',(0.,8.50000012665987,0.));
#5090=CARTESIAN_POINT('Origin',(0.,8.25000012293458,0.));
#5091=CARTESIAN_POINT('',(15.2397508812182,8.00000011920929,2.82842716689304));
#5092=CARTESIAN_POINT('Ctrl Pts',(15.2397508812181,8.00000011920929,2.82842716689304));
#5093=CARTESIAN_POINT('Ctrl Pts',(15.248053276497,8.03615052888972,2.78369331719456));
#5094=CARTESIAN_POINT('Ctrl Pts',(15.2563238775429,8.07163108873493,2.73803157790951));
#5095=CARTESIAN_POINT('Ctrl Pts',(15.2645203991483,8.10632457540214,2.69154679394459));
#5096=CARTESIAN_POINT('Origin',(-3.33066907387547E-15,8.00000011920929,
1.11022302462516E-14));
#5097=CARTESIAN_POINT('Origin',(0.,8.00000011920929,-15.500000230968));
#5098=CARTESIAN_POINT('',(20.0000002980232,8.00000011920929,2.82842716689304));
#5099=CARTESIAN_POINT('Origin',(20.0000002980232,4.50000006705523,0.));
#5100=CARTESIAN_POINT('',(14.3431429778246,7.64891806451482,3.2147031044099));
#5101=CARTESIAN_POINT('',(20.0000002980232,7.64891806428281,3.21470310452353));
#5102=CARTESIAN_POINT('Ctrl Pts',(14.3431429778246,7.64891806451482,3.21470310429628));
#5103=CARTESIAN_POINT('Ctrl Pts',(14.4380617338517,7.72908134198764,3.13618027373312));
#5104=CARTESIAN_POINT('Ctrl Pts',(14.5316378211328,7.80783468619009,3.05314355461828));
#5105=CARTESIAN_POINT('Ctrl Pts',(14.9016303128173,8.11828816121011,2.69889679597983));
#5106=CARTESIAN_POINT('Ctrl Pts',(15.1568769348747,8.33023458258414,2.39094638226469));
#5107=CARTESIAN_POINT('Ctrl Pts',(15.3622917246532,8.50000012665987,2.06155284352836));
#5108=CARTESIAN_POINT('Origin',(0.,4.25000006332994,0.));
#5109=CARTESIAN_POINT('Ctrl Pts',(15.1629710515378,8.50000012665987,3.21470310452353));
#5110=CARTESIAN_POINT('Ctrl Pts',(14.7421841749951,8.06263542798697,3.2147031044099));
#5111=CARTESIAN_POINT('Ctrl Pts',(14.3431429778246,7.64891806451482,3.2147031044099));
#5112=CARTESIAN_POINT('Origin',(20.5,9.00000013411045,3.21470310452353));
#5113=UNCERTAINTY_MEASURE_WITH_UNIT(LENGTH_MEASURE(0.01),#5117,
'DISTANCE_ACCURACY_VALUE',
'Maximum model space distance between geometric entities at asserted c
onnectivities');
#5114=UNCERTAINTY_MEASURE_WITH_UNIT(LENGTH_MEASURE(0.01),#5117,
'DISTANCE_ACCURACY_VALUE',
'Maximum model space distance between geometric entities at asserted c
onnectivities');
#5115=(
GEOMETRIC_REPRESENTATION_CONTEXT(3)
GLOBAL_UNCERTAINTY_ASSIGNED_CONTEXT((#5113))
GLOBAL_UNIT_ASSIGNED_CONTEXT((#5117,#5118,#5119))
REPRESENTATION_CONTEXT('','3D')
);
#5116=(
GEOMETRIC_REPRESENTATION_CONTEXT(3)
GLOBAL_UNCERTAINTY_ASSIGNED_CONTEXT((#5114))
GLOBAL_UNIT_ASSIGNED_CONTEXT((#5117,#5118,#5119))
REPRESENTATION_CONTEXT('','3D')
);
#5117=(
LENGTH_UNIT()
NAMED_UNIT(*)
SI_UNIT(.MILLI.,.METRE.)
);
#5118=(
NAMED_UNIT(*)
PLANE_ANGLE_UNIT()
SI_UNIT($,.RADIAN.)
);
#5119=(
NAMED_UNIT(*)
SI_UNIT($,.STERADIAN.)
SOLID_ANGLE_UNIT()
);
#5120=SHAPE_DEFINITION_REPRESENTATION(#5121,#5122);
#5121=PRODUCT_DEFINITION_SHAPE('',$,#5124);
#5122=SHAPE_REPRESENTATION('',(#2654),#5115);
#5123=PRODUCT_DEFINITION_CONTEXT('part definition',#5128,'design');
#5124=PRODUCT_DEFINITION('Eyepiece V2','Eyepiece V2 v6',#5125,#5123);
#5125=PRODUCT_DEFINITION_FORMATION('',$,#5130);
#5126=PRODUCT_RELATED_PRODUCT_CATEGORY('Eyepiece V2 v6',
'Eyepiece V2 v6',(#5130));
#5127=APPLICATION_PROTOCOL_DEFINITION('international standard',
'automotive_design',2009,#5128);
#5128=APPLICATION_CONTEXT(
'Core Data for Automotive Mechanical Design Process');
#5129=PRODUCT_CONTEXT('part definition',#5128,'mechanical');
#5130=PRODUCT('Eyepiece V2','Eyepiece V2 v6',$,(#5129));
#5131=PRESENTATION_STYLE_ASSIGNMENT((#5132));
#5132=SURFACE_STYLE_USAGE(.BOTH.,#5133);
#5133=SURFACE_SIDE_STYLE('',(#5134));
#5134=SURFACE_STYLE_FILL_AREA(#5135);
#5135=FILL_AREA_STYLE('Steel - Satin',(#5136));
#5136=FILL_AREA_STYLE_COLOUR('Steel - Satin',#5137);
#5137=COLOUR_RGB('Steel - Satin',0.627450980392157,0.627450980392157,0.627450980392157);
ENDSEC;
END-ISO-10303-21;
